{"type": "FeatureCollection", "features": [{"type": "Feature", "properties": {"id": 1, "area_m2": 31493.88, "basis": "OSM surface road enclosed block"}, "geometry": {"type": "Polygon", "coordinates": [[[121.51327059999998, 25.047185999999993], [121.5132759, 25.047028599999994], [121.51326000000002, 25.0466098], [121.5132575, 25.046471999999994], [121.51325, 25.0460608], [121.51324860000001, 25.0459863], [121.51315440000002, 25.045986699999993], [121.5124568, 25.045989299999995], [121.5114294, 25.0459901], [121.51131839999998, 25.0459934], [121.51128829999999, 25.0462264], [121.5112291, 25.046751699999998], [121.51120850000001, 25.0469342], [121.511202, 25.0470709], [121.51120130000001, 25.047154999999997], [121.5112047, 25.0472141], [121.5112088, 25.047271099999993], [121.5112152, 25.047317399999997], [121.51122319999999, 25.0473722], [121.5112513, 25.047422799999996], [121.51129580000001, 25.047460199999996], [121.5113253, 25.0474805], [121.51137890000001, 25.047500100000004], [121.5114787, 25.047521399999994], [121.5116004, 25.0475321], [121.5116733, 25.047524], [121.51222379999999, 25.0473871], [121.51226990000002, 25.0473803], [121.5128033, 25.0473013], [121.5130763, 25.0472334], [121.51327059999998, 25.047185999999993]]]}}, {"type": "Feature", "properties": {"id": 2, "area_m2": 2935.02, "basis": "OSM surface road enclosed block"}, "geometry": {"type": "Polygon", "coordinates": [[[121.5132575, 25.046471999999994], [121.51326000000002, 25.0466098], [121.5132759, 25.047028599999994], [121.51327059999998, 25.047185999999993], [121.5134455, 25.047145299999997], [121.5136487, 25.047094999999995], [121.5136611, 25.046982599999993], [121.51366030000001, 25.0464704], [121.51333209999999, 25.0464712], [121.5132575, 25.046471999999994]]]}}, {"type": "Feature", "properties": {"id": 3, "area_m2": 8569.85, "basis": "OSM surface road enclosed block"}, "geometry": {"type": "Polygon", "coordinates": [[[121.51324860000001, 25.0459863], [121.51325, 25.0460608], [121.5132575, 25.046471999999994], [121.51333209999999, 25.0464712], [121.51366030000001, 25.0464704], [121.5136611, 25.046982599999993], [121.5136487, 25.047094999999995], [121.51421979999999, 25.0469546], [121.514217, 25.046843100000004], [121.5141998, 25.046152799999998], [121.51419580000001, 25.045981299999998], [121.51389210000002, 25.045986300000003], [121.51382970000002, 25.045987299999997], [121.51334409999998, 25.0459865], [121.51324860000001, 25.0459863]]]}}, {"type": "Feature", "properties": {"id": 4, "area_m2": 2570.74, "basis": "OSM surface road enclosed block"}, "geometry": {"type": "Polygon", "coordinates": [[[121.50964170000002, 25.0470339], [121.50978849999998, 25.0476018], [121.50979720000001, 25.047903], [121.5099848, 25.048076099999996], [121.51005520000001, 25.047837], [121.5099464, 25.047405], [121.5099197, 25.047085], [121.5099029, 25.047023799999998], [121.50988440000002, 25.0469757], [121.50964170000002, 25.0470339]]]}}, {"type": "Feature", "properties": {"id": 5, "area_m2": 24997.7, "basis": "OSM surface road enclosed block"}, "geometry": {"type": "Polygon", "coordinates": [[[121.50763370000001, 25.048709], [121.5075598, 25.0487727], [121.5075345, 25.048794500000003], [121.50704560000001, 25.0489199], [121.50654999999999, 25.0490436], [121.5062552, 25.049128099999997], [121.50637170000002, 25.0494031], [121.5065366, 25.049834200000003], [121.5065888, 25.0498796], [121.5066314, 25.0499959], [121.5068414, 25.0505511], [121.5068505, 25.050697399999997], [121.5069279, 25.0505653], [121.5079626, 25.050433499999993], [121.50813600000001, 25.050405899999998], [121.50811230000001, 25.0503229], [121.50803980000002, 25.0500692], [121.5079306, 25.049687299999995], [121.50779360000001, 25.0492079], [121.5076791, 25.0488072], [121.50765020000001, 25.048706400000004], [121.50763370000001, 25.048709]]]}}, {"type": "Feature", "properties": {"id": 6, "area_m2": 3771.73, "basis": "OSM surface road enclosed block"}, "geometry": {"type": "Polygon", "coordinates": [[[121.50654999999999, 25.0490436], [121.50704560000001, 25.0489199], [121.5075345, 25.048794500000003], [121.5075598, 25.0487727], [121.50763370000001, 25.048709], [121.50765020000001, 25.048706400000004], [121.50760969999999, 25.048566], [121.50759110000001, 25.0485679], [121.5074866, 25.0485355], [121.5074164, 25.0485138], [121.5068896, 25.048644599999996], [121.50646290000002, 25.048744599999996], [121.50654999999999, 25.0490436]]]}}, {"type": "Feature", "properties": {"id": 7, "area_m2": 14175.61, "basis": "OSM surface road enclosed block"}, "geometry": {"type": "Polygon", "coordinates": [[[121.5061037, 25.04884809999999], [121.50646290000002, 25.048744599999996], [121.5063407, 25.0483252], [121.50621729999999, 25.0479016], [121.5062069, 25.0478595], [121.5061967, 25.0478235], [121.50614160000002, 25.0476367], [121.5060325, 25.047266999999994], [121.5055221, 25.0473717], [121.5054926, 25.0473013], [121.50476489999998, 25.047482100000003], [121.50511259999999, 25.0478282], [121.50530579999999, 25.0479934], [121.5056558, 25.0483008], [121.50575949999998, 25.0484309], [121.5060433, 25.04878679999999], [121.5061037, 25.04884809999999]]]}}, {"type": "Feature", "properties": {"id": 8, "area_m2": 1195.73, "basis": "OSM surface road enclosed block"}, "geometry": {"type": "Polygon", "coordinates": [[[121.50646290000002, 25.048744599999996], [121.5061037, 25.04884809999999], [121.5061674, 25.048980399999998], [121.5062552, 25.049128099999997], [121.50654999999999, 25.0490436], [121.50646290000002, 25.048744599999996]]]}}, {"type": "Feature", "properties": {"id": 9, "area_m2": 12054.39, "basis": "OSM surface road enclosed block"}, "geometry": {"type": "Polygon", "coordinates": [[[121.50646290000002, 25.048744599999996], [121.5068896, 25.048644599999996], [121.5074164, 25.0485138], [121.5074866, 25.0485355], [121.50759110000001, 25.0485679], [121.50760969999999, 25.048566], [121.50756980000001, 25.0484274], [121.5073418, 25.047637400000003], [121.5073284, 25.047578799999993], [121.50721970000001, 25.0476042], [121.50701680000002, 25.047655399999996], [121.5062693, 25.0478441], [121.5062069, 25.0478595], [121.50621729999999, 25.0479016], [121.5063407, 25.0483252], [121.50646290000002, 25.048744599999996]]]}}, {"type": "Feature", "properties": {"id": 10, "area_m2": 11721.36, "basis": "OSM surface road enclosed block"}, "geometry": {"type": "Polygon", "coordinates": [[[121.50760969999999, 25.048566], [121.5077134, 25.048540300000003], [121.5078123, 25.048515799999997], [121.5079743, 25.0484764], [121.5086032, 25.048323199999995], [121.5085723, 25.0482154], [121.50847400000002, 25.047872], [121.5083656, 25.047477099999995], [121.5083263, 25.047342599999997], [121.5074115, 25.047556399999998], [121.5073284, 25.047578799999993], [121.5073418, 25.047637400000003], [121.50756980000001, 25.0484274], [121.50760969999999, 25.048566]]]}}, {"type": "Feature", "properties": {"id": 11, "area_m2": 3848.37, "basis": "OSM surface road enclosed block"}, "geometry": {"type": "Polygon", "coordinates": [[[121.5086032, 25.048323199999995], [121.5079743, 25.0484764], [121.5078123, 25.048515799999997], [121.5077134, 25.048540300000003], [121.50760969999999, 25.048566], [121.50765020000001, 25.048706400000004], [121.5077568, 25.0486794], [121.50883920000001, 25.048415599999995], [121.5091379, 25.0483391], [121.5094451, 25.048268], [121.5096224, 25.048243400000004], [121.51000620000002, 25.048229299999996], [121.5099848, 25.048076099999996], [121.50959079999998, 25.048111699999996], [121.5093559, 25.0481489], [121.5086032, 25.048323199999995]]]}}, {"type": "Feature", "properties": {"id": 12, "area_m2": 14220.91, "basis": "OSM surface road enclosed block"}, "geometry": {"type": "Polygon", "coordinates": [[[121.5086032, 25.048323199999995], [121.5093559, 25.0481489], [121.50959079999998, 25.048111699999996], [121.5099848, 25.048076099999996], [121.50979720000001, 25.047903], [121.5096638, 25.047631099999997], [121.5095548, 25.0472482], [121.5095062, 25.047066499999996], [121.5093889, 25.0470951], [121.5083263, 25.047342599999997], [121.5083656, 25.047477099999995], [121.50847400000002, 25.047872], [121.5085723, 25.0482154], [121.5086032, 25.048323199999995]]]}}, {"type": "Feature", "properties": {"id": 13, "area_m2": 13920.58, "basis": "OSM surface road enclosed block"}, "geometry": {"type": "Polygon", "coordinates": [[[121.5062069, 25.0478595], [121.5062693, 25.0478441], [121.50701680000002, 25.047655399999996], [121.50721970000001, 25.0476042], [121.5073284, 25.047578799999993], [121.5073005, 25.0475002], [121.5072384, 25.04728290000001], [121.50704900000001, 25.046619400000004], [121.5070295, 25.046554599999997], [121.50692889999999, 25.046574199999995], [121.50647580000002, 25.046678199999995], [121.5059888, 25.0467951], [121.50590379999998, 25.0468179], [121.5059131, 25.0468568], [121.5060325, 25.047266999999994], [121.50614160000002, 25.0476367], [121.5061967, 25.0478235], [121.5062069, 25.0478595]]]}}, {"type": "Feature", "properties": {"id": 14, "area_m2": 5169.03, "basis": "OSM surface road enclosed block"}, "geometry": {"type": "Polygon", "coordinates": [[[121.50357, 25.0464731], [121.5036792, 25.046443499999995], [121.50434360000001, 25.0462634], [121.50429980000001, 25.046081299999987], [121.5042213, 25.045808599999997], [121.5040459, 25.045846400000002], [121.50382970000001, 25.045901799999996], [121.5037165, 25.0459295], [121.5034557, 25.04599029999999], [121.5032834, 25.046029800000003], [121.50327220000001, 25.0461053], [121.50325570000001, 25.0462172], [121.5033435, 25.0462887], [121.5035133, 25.046426999999998], [121.50357, 25.0464731]]]}}, {"type": "Feature", "properties": {"id": 15, "area_m2": 4871.55, "basis": "OSM surface road enclosed block"}, "geometry": {"type": "Polygon", "coordinates": [[[121.50434360000001, 25.0462634], [121.5036792, 25.046443499999995], [121.50357, 25.0464731], [121.50367700000001, 25.04656019999999], [121.5042436, 25.0470214], [121.50440270000001, 25.047169200000003], [121.50443090000002, 25.047195299999995], [121.5045783, 25.047157099999996], [121.50447620000001, 25.046741799999996], [121.50434360000001, 25.0462634]]]}}, {"type": "Feature", "properties": {"id": 16, "area_m2": 2561.89, "basis": "OSM surface road enclosed block"}, "geometry": {"type": "Polygon", "coordinates": [[[121.50434360000001, 25.0462634], [121.50483230000002, 25.0461513], [121.50474809999999, 25.045882999999996], [121.5046867, 25.045704], [121.5042213, 25.045808599999997], [121.50429980000001, 25.046081299999987], [121.50434360000001, 25.0462634]]]}}, {"type": "Feature", "properties": {"id": 17, "area_m2": 3507.41, "basis": "OSM surface road enclosed block"}, "geometry": {"type": "Polygon", "coordinates": [[[121.50483230000002, 25.0461513], [121.50434360000001, 25.0462634], [121.50447620000001, 25.046741799999996], [121.5050656, 25.046619399999997], [121.50505109999999, 25.046467899999993], [121.5049567, 25.046121299999996], [121.50483230000002, 25.0461513]]]}}, {"type": "Feature", "properties": {"id": 18, "area_m2": 4401.22, "basis": "OSM surface road enclosed block"}, "geometry": {"type": "Polygon", "coordinates": [[[121.50483230000002, 25.0461513], [121.5049567, 25.046121299999996], [121.5051832, 25.046060899999993], [121.50526460000002, 25.0460392], [121.50564539999999, 25.045937700000003], [121.5055247, 25.0454994], [121.5046867, 25.045704], [121.50474809999999, 25.045882999999996], [121.50483230000002, 25.0461513]]]}}, {"type": "Feature", "properties": {"id": 19, "area_m2": 2960.48, "basis": "OSM surface road enclosed block"}, "geometry": {"type": "Polygon", "coordinates": [[[121.50564539999999, 25.045937700000003], [121.50526460000002, 25.0460392], [121.5051832, 25.046060899999993], [121.5049567, 25.046121299999996], [121.50505109999999, 25.046467899999993], [121.5057518, 25.0463033], [121.5057471, 25.046286899999995], [121.5056582, 25.045981800000007], [121.50564539999999, 25.045937700000003]]]}}, {"type": "Feature", "properties": {"id": 20, "area_m2": 26819.65, "basis": "OSM surface road enclosed block"}, "geometry": {"type": "Polygon", "coordinates": [[[121.5070295, 25.046554599999997], [121.50704900000001, 25.046619400000004], [121.5072384, 25.04728290000001], [121.5073005, 25.0475002], [121.5073284, 25.047578799999993], [121.5074115, 25.047556399999998], [121.5083263, 25.047342599999997], [121.5093889, 25.0470951], [121.5095062, 25.047066499999996], [121.509472, 25.0469543], [121.50925479999998, 25.046190799999994], [121.5092146, 25.046047999999995], [121.50909360000001, 25.046063700000005], [121.5082857, 25.046250500000003], [121.50809570000001, 25.0462923], [121.5080337, 25.046305999999998], [121.5079903, 25.046318099999997], [121.5076437, 25.046402299999993], [121.50712690000002, 25.0465299], [121.5070295, 25.046554599999997]]]}}, {"type": "Feature", "properties": {"id": 21, "area_m2": 5866.78, "basis": "OSM surface road enclosed block"}, "geometry": {"type": "Polygon", "coordinates": [[[121.5070295, 25.046554599999997], [121.5070149, 25.046501100000004], [121.5069057, 25.0461257], [121.50679509999999, 25.045746699999995], [121.50677530000002, 25.0456735], [121.50668440000001, 25.045694199999996], [121.50620860000001, 25.0458027], [121.5062246, 25.045861499999997], [121.50647580000002, 25.046678199999995], [121.50692889999999, 25.046574199999995], [121.5070295, 25.046554599999997]]]}}, {"type": "Feature", "properties": {"id": 22, "area_m2": 3135.75, "basis": "OSM surface road enclosed block"}, "geometry": {"type": "Polygon", "coordinates": [[[121.5069057, 25.0461257], [121.5070149, 25.046501100000004], [121.5070295, 25.046554599999997], [121.50712690000002, 25.0465299], [121.5076437, 25.046402299999993], [121.50751879999999, 25.0459763], [121.50697879999998, 25.046108400000005], [121.5069057, 25.0461257]]]}}, {"type": "Feature", "properties": {"id": 23, "area_m2": 22112.2, "basis": "OSM surface road enclosed block"}, "geometry": {"type": "Polygon", "coordinates": [[[121.50765020000001, 25.048706400000004], [121.5076791, 25.0488072], [121.50779360000001, 25.0492079], [121.5079306, 25.049687299999995], [121.50803980000002, 25.0500692], [121.50811230000001, 25.0503229], [121.50813600000001, 25.050405899999998], [121.5082984, 25.050384000000005], [121.50892619999999, 25.0502889], [121.50907799999999, 25.050273799999996], [121.50906999999998, 25.0502112], [121.5090611, 25.0501269], [121.5090394, 25.049974499999998], [121.50902610000001, 25.049881599999996], [121.5090016, 25.0496823], [121.50896930000002, 25.0494555], [121.5089246, 25.049079099999997], [121.508899, 25.0486693], [121.50886440000001, 25.048518700000002], [121.50883920000001, 25.048415599999995], [121.5077568, 25.0486794], [121.50765020000001, 25.048706400000004]]]}}, {"type": "Feature", "properties": {"id": 24, "area_m2": 7992.26, "basis": "OSM surface road enclosed block"}, "geometry": {"type": "Polygon", "coordinates": [[[121.5150238, 25.045978000000005], [121.5149076, 25.045977800000003], [121.51419580000001, 25.045981299999998], [121.5141998, 25.046152799999998], [121.514217, 25.046843100000004], [121.51421979999999, 25.0469546], [121.514905, 25.046786199999996], [121.5150171, 25.0467587], [121.51502170000002, 25.046648399999995], [121.51502269999999, 25.046053899999997], [121.5150238, 25.045978000000005]]]}}, {"type": "Feature", "properties": {"id": 25, "area_m2": 3002.89, "basis": "OSM surface road enclosed block"}, "geometry": {"type": "Polygon", "coordinates": [[[121.5055247, 25.0454994], [121.50564539999999, 25.045937700000003], [121.505813, 25.045897499999995], [121.50620860000001, 25.0458027], [121.5061859, 25.0457266], [121.50607120000001, 25.045342600000005], [121.5060182, 25.045355599999997], [121.5055247, 25.0454994]]]}}, {"type": "Feature", "properties": {"id": 26, "area_m2": 1648.74, "basis": "OSM surface road enclosed block"}, "geometry": {"type": "Polygon", "coordinates": [[[121.5099197, 25.047085], [121.5099464, 25.047405], [121.51005520000001, 25.047837], [121.5099848, 25.048076099999996], [121.51024539999999, 25.048075099999995], [121.5101973, 25.047802799999996], [121.5101528, 25.047615400000005], [121.51005000000002, 25.0472202], [121.5099197, 25.047085]]]}}, {"type": "Feature", "properties": {"id": 27, "area_m2": 13589.73, "basis": "OSM surface road enclosed block"}, "geometry": {"type": "Polygon", "coordinates": [[[121.5132751, 25.0473215], [121.5131116, 25.047362799999995], [121.5124151, 25.047537], [121.51227860000002, 25.047584399999998], [121.5121526, 25.047643899999994], [121.51206200000001, 25.0476937], [121.5119252, 25.047790899999992], [121.5118005, 25.047895999999998], [121.5116926, 25.047974399999998], [121.51157770000002, 25.048041299999998], [121.5114606, 25.048094299999995], [121.51135400000001, 25.04813239999999], [121.5114054, 25.048281], [121.5114585, 25.0484623], [121.51150249999999, 25.0483971], [121.5115383, 25.0483544], [121.5115602, 25.048327499999996], [121.5115864, 25.0482987], [121.5116695, 25.048274299999996], [121.51172420000002, 25.0482751], [121.5117912, 25.0482766], [121.5131981, 25.048263199999997], [121.513282, 25.048265799999996], [121.5132836, 25.0481117], [121.5132904, 25.047466899999993], [121.5132751, 25.0473215]]]}}, {"type": "Feature", "properties": {"id": 28, "area_m2": 5311.86, "basis": "OSM surface road enclosed block"}, "geometry": {"type": "Polygon", "coordinates": [[[121.5124151, 25.047537], [121.5131116, 25.047362799999995], [121.5132751, 25.0473215], [121.51327059999998, 25.047185999999993], [121.5130763, 25.0472334], [121.5128033, 25.0473013], [121.51225050000001, 25.047460999999995], [121.5121217, 25.0475157], [121.5119795, 25.0475874], [121.51187090000002, 25.047657899999997], [121.51181660000002, 25.047701600000003], [121.5117261, 25.047775700000003], [121.51163440000002, 25.047842200000005], [121.51152190000002, 25.0479081], [121.5113781, 25.047974899999996], [121.5113, 25.048001000000003], [121.5112158, 25.048019899999996], [121.5110844, 25.048042399999996], [121.51069909999998, 25.048062599999994], [121.51031070000002, 25.048074399999994], [121.51024539999999, 25.048075099999995], [121.5099848, 25.048076099999996], [121.51000620000002, 25.048229299999996], [121.51030240000001, 25.048219500000002], [121.51112149999999, 25.0481793], [121.51124380000002, 25.0481619], [121.51135400000001, 25.04813239999999], [121.5114606, 25.048094299999995], [121.51157770000002, 25.048041299999998], [121.5116926, 25.047974399999998], [121.5118005, 25.047895999999998], [121.5119252, 25.047790899999992], [121.51206200000001, 25.0476937], [121.5121526, 25.047643899999994], [121.51227860000002, 25.047584399999998], [121.5124151, 25.047537]]]}}, {"type": "Feature", "properties": {"id": 29, "area_m2": 2600.3, "basis": "OSM surface road enclosed block"}, "geometry": {"type": "Polygon", "coordinates": [[[121.51327059999998, 25.047185999999993], [121.5132751, 25.0473215], [121.5132971, 25.047315699999995], [121.5134821, 25.047268700000004], [121.51394440000001, 25.0471555], [121.51454830000002, 25.047007899999997], [121.5149376, 25.0469099], [121.51502090000001, 25.0468889], [121.5150171, 25.0467587], [121.514905, 25.046786199999996], [121.51421979999999, 25.0469546], [121.5136487, 25.047094999999995], [121.5134455, 25.047145299999997], [121.51327059999998, 25.047185999999993]]]}}, {"type": "Feature", "properties": {"id": 30, "area_m2": 23595.17, "basis": "OSM surface road enclosed block"}, "geometry": {"type": "Polygon", "coordinates": [[[121.5132521, 25.049342699999997], [121.5132626, 25.0491793], [121.5132803, 25.0483683], [121.5132808, 25.048346099999993], [121.513282, 25.048265799999996], [121.5131981, 25.048263199999997], [121.5117912, 25.0482766], [121.51172420000002, 25.0482751], [121.5116695, 25.048274299999996], [121.5115864, 25.0482987], [121.5115602, 25.048327499999996], [121.5115383, 25.0483544], [121.51150249999999, 25.0483971], [121.5114585, 25.0484623], [121.51190000000001, 25.049675], [121.511938, 25.049782399999998], [121.5131907, 25.049363299999996], [121.5132521, 25.049342699999997]]]}}, {"type": "Feature", "properties": {"id": 31, "area_m2": 1315.69, "basis": "OSM surface road enclosed block"}, "geometry": {"type": "Polygon", "coordinates": [[[121.513282, 25.048265799999996], [121.5132808, 25.048346099999993], [121.5132803, 25.0483683], [121.5132626, 25.0491793], [121.5132521, 25.049342699999997], [121.51337500000001, 25.0493059], [121.5133872, 25.049173599999996], [121.51337860000001, 25.0483668], [121.51337829999999, 25.048345099999995], [121.5133787, 25.0482735], [121.513282, 25.048265799999996]]]}}, {"type": "Feature", "properties": {"id": 32, "area_m2": 5965.89, "basis": "OSM surface road enclosed block"}, "geometry": {"type": "Polygon", "coordinates": [[[121.50590379999998, 25.0468179], [121.5059888, 25.0467951], [121.50647580000002, 25.046678199999995], [121.5062246, 25.045861499999997], [121.50620860000001, 25.0458027], [121.505813, 25.045897499999995], [121.50564539999999, 25.045937700000003], [121.5056582, 25.045981800000007], [121.5057471, 25.046286899999995], [121.5057518, 25.0463033], [121.5058787, 25.0467386], [121.50590379999998, 25.0468179]]]}}, {"type": "Feature", "properties": {"id": 33, "area_m2": 6148.53, "basis": "OSM surface road enclosed block"}, "geometry": {"type": "Polygon", "coordinates": [[[121.50590379999998, 25.0468179], [121.5058391, 25.046833799999998], [121.5051235, 25.047027], [121.5045783, 25.047157099999996], [121.50443090000002, 25.047195299999995], [121.5045408, 25.0472896], [121.50476489999998, 25.047482100000003], [121.5054926, 25.0473013], [121.5055221, 25.0473717], [121.5060325, 25.047266999999994], [121.5059131, 25.0468568], [121.50590379999998, 25.0468179]]]}}, {"type": "Feature", "properties": {"id": 34, "area_m2": 4682.44, "basis": "OSM surface road enclosed block"}, "geometry": {"type": "Polygon", "coordinates": [[[121.5051235, 25.047027], [121.5058391, 25.046833799999998], [121.50590379999998, 25.0468179], [121.5058787, 25.0467386], [121.5057518, 25.0463033], [121.50505109999999, 25.046467899999993], [121.5050656, 25.046619399999997], [121.5051235, 25.047027]]]}}, {"type": "Feature", "properties": {"id": 35, "area_m2": 2721.73, "basis": "OSM surface road enclosed block"}, "geometry": {"type": "Polygon", "coordinates": [[[121.5045783, 25.047157099999996], [121.5051235, 25.047027], [121.5050656, 25.046619399999997], [121.50447620000001, 25.046741799999996], [121.5045783, 25.047157099999996]]]}}, {"type": "Feature", "properties": {"id": 36, "area_m2": 11540.22, "basis": "OSM surface road enclosed block"}, "geometry": {"type": "Polygon", "coordinates": [[[121.5128033, 25.0473013], [121.51226990000002, 25.0473803], [121.51222379999999, 25.0473871], [121.5116733, 25.047524], [121.5116004, 25.0475321], [121.5114787, 25.047521399999994], [121.51137890000001, 25.047500100000004], [121.5113253, 25.0474805], [121.51129580000001, 25.047460199999996], [121.5112513, 25.047422799999996], [121.51122319999999, 25.0473722], [121.5112152, 25.047317399999997], [121.5112088, 25.047271099999993], [121.5112047, 25.0472141], [121.51120130000001, 25.047154999999997], [121.511202, 25.0470709], [121.51120850000001, 25.0469342], [121.51116350000001, 25.0469526], [121.51111099999999, 25.046955599999997], [121.51105279999999, 25.046950100000004], [121.51100320000002, 25.046937499999995], [121.5110275, 25.047036500000004], [121.51103090000001, 25.047057799999997], [121.5110406, 25.047094199999997], [121.5110677, 25.0471747], [121.5110902, 25.0472479], [121.51109480000001, 25.047280999999995], [121.5110997, 25.047314999999998], [121.5110952, 25.047358000000003], [121.51107680000001, 25.047391899999997], [121.51105060000002, 25.047439300000004], [121.5110208, 25.04746529999999], [121.51097150000001, 25.047498500000003], [121.510929, 25.0475157], [121.5108861, 25.047525500000003], [121.51080070000002, 25.047532100000005], [121.5107341, 25.047534599999995], [121.51054860000002, 25.047544299999995], [121.5105197, 25.0475411], [121.51049089999998, 25.047529900000008], [121.5104629, 25.047510499999994], [121.51043389999998, 25.04748139999999], [121.5102441, 25.0472961], [121.51018620000002, 25.047247199999997], [121.5101141, 25.047209499999997], [121.50999610000001, 25.0470789], [121.5099029, 25.047023799999998], [121.5099197, 25.047085], [121.51005000000002, 25.0472202], [121.5101528, 25.047615400000005], [121.5101973, 25.047802799999996], [121.51024539999999, 25.048075099999995], [121.51031070000002, 25.048074399999994], [121.51069909999998, 25.048062599999994], [121.5110844, 25.048042399999996], [121.5112158, 25.048019899999996], [121.5113, 25.048001000000003], [121.5113781, 25.047974899999996], [121.51152190000002, 25.0479081], [121.51163440000002, 25.047842200000005], [121.5117261, 25.047775700000003], [121.51181660000002, 25.047701600000003], [121.51187090000002, 25.047657899999997], [121.5119795, 25.0475874], [121.5121217, 25.0475157], [121.51225050000001, 25.047460999999995], [121.5128033, 25.0473013]]]}}, {"type": "Feature", "properties": {"id": 37, "area_m2": 28839.78, "basis": "OSM surface road enclosed block"}, "geometry": {"type": "Polygon", "coordinates": [[[121.5133787, 25.0482735], [121.51337829999999, 25.048345099999995], [121.51337860000001, 25.0483668], [121.5133872, 25.049173599999996], [121.51337500000001, 25.0493059], [121.51376889999999, 25.049203299999995], [121.51405810000001, 25.049127999999996], [121.5149336, 25.048899999999993], [121.5162785, 25.0486962], [121.5163613, 25.048683600000004], [121.51629920000002, 25.0486031], [121.5161828, 25.048509600000006], [121.5160318, 25.048506999999997], [121.5159127, 25.0485059], [121.5156187, 25.048586499999995], [121.51551770000002, 25.048594699999995], [121.5154617, 25.0485858], [121.51541510000001, 25.048561099999997], [121.51536109999999, 25.048523299999996], [121.51532129999998, 25.0484709], [121.5152557, 25.048265599999997], [121.51514119999999, 25.0477194], [121.5151209, 25.047697699999997], [121.51508419999999, 25.0476783], [121.51504039999999, 25.047669], [121.5149311, 25.0476635], [121.5143062, 25.047769899999995], [121.5140583, 25.0478152], [121.5138762, 25.0478559], [121.5135527, 25.0480128], [121.5135164, 25.048030399999995], [121.51347340000001, 25.048051299999997], [121.5134109, 25.048121700000003], [121.5133787, 25.0482735]]]}}, {"type": "Feature", "properties": {"id": 38, "area_m2": 28066.44, "basis": "OSM surface road enclosed block"}, "geometry": {"type": "Polygon", "coordinates": [[[121.51000620000002, 25.048229299999996], [121.51005840000002, 25.048395800000005], [121.51008549999999, 25.0484956], [121.5101837, 25.048872099999997], [121.51026820000001, 25.0491982], [121.51032360000002, 25.049408699999997], [121.51046950000001, 25.0499592], [121.5104996, 25.050066599999997], [121.5106333, 25.050050800000005], [121.5116197, 25.049860999999996], [121.511938, 25.049782399999998], [121.51190000000001, 25.049675], [121.5114585, 25.0484623], [121.5114054, 25.048281], [121.51135400000001, 25.04813239999999], [121.51124380000002, 25.0481619], [121.51112149999999, 25.0481793], [121.51030240000001, 25.048219500000002], [121.51000620000002, 25.048229299999996]]]}}, {"type": "Feature", "properties": {"id": 39, "area_m2": 25456.62, "basis": "OSM surface road enclosed block"}, "geometry": {"type": "Polygon", "coordinates": [[[121.51005840000002, 25.048395800000005], [121.51000620000002, 25.048229299999996], [121.5096224, 25.048243400000004], [121.5094451, 25.048268], [121.5091379, 25.0483391], [121.50883920000001, 25.048415599999995], [121.50886440000001, 25.048518700000002], [121.508899, 25.0486693], [121.5089246, 25.049079099999997], [121.50896930000002, 25.0494555], [121.5090016, 25.0496823], [121.50902610000001, 25.049881599999996], [121.5095881, 25.049810100000002], [121.5096271, 25.050044099999994], [121.50963960000001, 25.0501963], [121.509761, 25.0501797], [121.5100259, 25.050143499999994], [121.5101837, 25.050121099999995], [121.5103464, 25.050095], [121.5104996, 25.050066599999997], [121.51046950000001, 25.0499592], [121.51032360000002, 25.049408699999997], [121.51026820000001, 25.0491982], [121.5101837, 25.048872099999997], [121.51008549999999, 25.0484956], [121.51005840000002, 25.048395800000005]]]}}, {"type": "Feature", "properties": {"id": 40, "area_m2": 12391.66, "basis": "OSM surface road enclosed block"}, "geometry": {"type": "Polygon", "coordinates": [[[121.5132751, 25.0473215], [121.5132904, 25.047466899999993], [121.5132836, 25.0481117], [121.513282, 25.048265799999996], [121.5133787, 25.0482735], [121.5134109, 25.048121700000003], [121.51347340000001, 25.048051299999997], [121.5135164, 25.048030399999995], [121.5135527, 25.0480128], [121.5138762, 25.0478559], [121.5140583, 25.0478152], [121.5143062, 25.047769899999995], [121.5149311, 25.0476635], [121.5150108, 25.047628999999997], [121.51506329999998, 25.047599199999993], [121.51508350000002, 25.047567800000003], [121.51507960000002, 25.0475182], [121.5150684, 25.047426399999992], [121.5150024, 25.047135999999995], [121.51501760000001, 25.0470014], [121.51502090000001, 25.0468889], [121.5149376, 25.0469099], [121.51454830000002, 25.047007899999997], [121.5144423, 25.047140299999995], [121.51440290000001, 25.0471852], [121.5143558, 25.0472182], [121.5142838, 25.047248700000004], [121.51398120000002, 25.0473242], [121.5136264, 25.0474138], [121.51356450000002, 25.047415799999992], [121.51348060000001, 25.047408100000002], [121.5134443, 25.047402999999996], [121.5134123, 25.047396], [121.5133743, 25.047383299999993], [121.5132971, 25.047315699999995], [121.5132751, 25.0473215]]]}}, {"type": "Feature", "properties": {"id": 41, "area_m2": 1534.48, "basis": "OSM surface road enclosed block"}, "geometry": {"type": "Polygon", "coordinates": [[[121.50902610000001, 25.049881599999996], [121.5090394, 25.049974499999998], [121.5090611, 25.0501269], [121.50910050000002, 25.0501201], [121.5095612, 25.050052], [121.5096271, 25.050044099999994], [121.5095881, 25.049810100000002], [121.50902610000001, 25.049881599999996]]]}}, {"type": "Feature", "properties": {"id": 42, "area_m2": 964.21, "basis": "OSM surface road enclosed block"}, "geometry": {"type": "Polygon", "coordinates": [[[121.5090611, 25.0501269], [121.50906999999998, 25.0502112], [121.50907799999999, 25.050273799999996], [121.50963960000001, 25.0501963], [121.5096271, 25.050044099999994], [121.5095612, 25.050052], [121.50910050000002, 25.0501201], [121.5090611, 25.0501269]]]}}, {"type": "Feature", "properties": {"id": 43, "area_m2": 2081.79, "basis": "OSM surface road enclosed block"}, "geometry": {"type": "Polygon", "coordinates": [[[121.51454830000002, 25.047007899999997], [121.51394440000001, 25.0471555], [121.5134821, 25.047268700000004], [121.5132971, 25.047315699999995], [121.5133743, 25.047383299999993], [121.5134123, 25.047396], [121.5134443, 25.047402999999996], [121.51348060000001, 25.047408100000002], [121.51356450000002, 25.047415799999992], [121.5136264, 25.0474138], [121.51398120000002, 25.0473242], [121.5142838, 25.047248700000004], [121.5143558, 25.0472182], [121.51440290000001, 25.0471852], [121.5144423, 25.047140299999995], [121.51454830000002, 25.047007899999997]]]}}, {"type": "Feature", "properties": {"id": 44, "area_m2": 3363.34, "basis": "OSM surface road enclosed block"}, "geometry": {"type": "Polygon", "coordinates": [[[121.5139815, 25.052314999999993], [121.51405419999999, 25.052858500000003], [121.5141678, 25.053405600000005], [121.51419780000002, 25.053546800000003], [121.51427700000002, 25.05395280000001], [121.5142974, 25.054065799999993], [121.51441669999998, 25.054034399999995], [121.51439680000001, 25.0539509], [121.51433389999998, 25.053642799999995], [121.5142857, 25.053404999999998], [121.5142124, 25.053005499999998], [121.51417060000001, 25.052807299999998], [121.5141449, 25.05263909999999], [121.5141117, 25.052422199999988], [121.51399999999998, 25.051691299999998], [121.51397980000002, 25.051559399999995], [121.51385100000002, 25.0515788], [121.51387459999998, 25.051712000000002], [121.5139815, 25.052314999999993]]]}}, {"type": "Feature", "properties": {"id": 45, "area_m2": 2266.89, "basis": "OSM surface road enclosed block"}, "geometry": {"type": "Polygon", "coordinates": [[[121.5139815, 25.052314999999993], [121.51387459999998, 25.051712000000002], [121.51385100000002, 25.0515788], [121.5137937, 25.051594299999994], [121.51359960000002, 25.051647899999995], [121.51361670000001, 25.051812], [121.5136219, 25.0519132], [121.51365190000001, 25.052295999999995], [121.5139047, 25.0523116], [121.5139815, 25.052314999999993]]]}}, {"type": "Feature", "properties": {"id": 46, "area_m2": 2091.15, "basis": "OSM surface road enclosed block"}, "geometry": {"type": "Polygon", "coordinates": [[[121.51385100000002, 25.0515788], [121.51383300000002, 25.0515182], [121.5137505, 25.051241], [121.513709, 25.051250299999992], [121.51333240000001, 25.0513349], [121.51327779999998, 25.051539499999997], [121.51331100000002, 25.0515784], [121.5133235, 25.0516604], [121.51326690000002, 25.051746099999995], [121.51359960000002, 25.051647899999995], [121.5137937, 25.051594299999994], [121.51385100000002, 25.0515788]]]}}, {"type": "Feature", "properties": {"id": 47, "area_m2": 1583.55, "basis": "OSM surface road enclosed block"}, "geometry": {"type": "Polygon", "coordinates": [[[121.5137505, 25.051241], [121.51383300000002, 25.0515182], [121.51385100000002, 25.0515788], [121.51397980000002, 25.051559399999995], [121.51396450000001, 25.0515021], [121.5138527, 25.0510841], [121.51372170000002, 25.050617799999998], [121.51355940000002, 25.0506192], [121.5137505, 25.051241]]]}}, {"type": "Feature", "properties": {"id": 48, "area_m2": 3029.55, "basis": "OSM surface road enclosed block"}, "geometry": {"type": "Polygon", "coordinates": [[[121.5137505, 25.051241], [121.51355940000002, 25.0506192], [121.5135271, 25.050626499999996], [121.5132869, 25.0506807], [121.51320240000001, 25.0509451], [121.5132003, 25.051121099999992], [121.51324710000002, 25.0511445], [121.51329330000002, 25.051236599999996], [121.51333240000001, 25.0513349], [121.513709, 25.051250299999992], [121.5137505, 25.051241]]]}}, {"type": "Feature", "properties": {"id": 49, "area_m2": 3654.26, "basis": "OSM surface road enclosed block"}, "geometry": {"type": "Polygon", "coordinates": [[[121.51355940000002, 25.0506192], [121.51346020000001, 25.050283499999995], [121.51342929999998, 25.050288900000005], [121.5132644, 25.050319999999996], [121.5131552, 25.05028039999999], [121.51280700000001, 25.050120199999995], [121.5127183, 25.0503014], [121.5126086, 25.0507795], [121.51286810000002, 25.050574799999996], [121.5128889, 25.050566299999996], [121.51292040000001, 25.0505675], [121.5132869, 25.0506807], [121.5135271, 25.050626499999996], [121.51355940000002, 25.0506192]]]}}, {"type": "Feature", "properties": {"id": 50, "area_m2": 1621.69, "basis": "OSM surface road enclosed block"}, "geometry": {"type": "Polygon", "coordinates": [[[121.51346020000001, 25.050283499999995], [121.51355940000002, 25.0506192], [121.51372170000002, 25.050617799999998], [121.51368270000002, 25.0504786], [121.513559, 25.0501188], [121.5133588, 25.049536199999995], [121.5132735, 25.049556], [121.51346020000001, 25.050283499999995]]]}}, {"type": "Feature", "properties": {"id": 51, "area_m2": 4917.69, "basis": "OSM surface road enclosed block"}, "geometry": {"type": "Polygon", "coordinates": [[[121.51346020000001, 25.050283499999995], [121.5132735, 25.049556], [121.51322460000002, 25.049572600000005], [121.51241330000002, 25.049852099999992], [121.5124758, 25.0499669], [121.51280700000001, 25.050120199999995], [121.5131552, 25.05028039999999], [121.5132644, 25.050319999999996], [121.51342929999998, 25.050288900000005], [121.51346020000001, 25.050283499999995]]]}}, {"type": "Feature", "properties": {"id": 52, "area_m2": 22258.67, "basis": "OSM surface road enclosed block"}, "geometry": {"type": "Polygon", "coordinates": [[[121.50729410000001, 25.052394399999997], [121.5073906, 25.052381100000005], [121.50802639999999, 25.05215019999999], [121.50844709999998, 25.0520019], [121.50845030000002, 25.052002], [121.50856520000002, 25.0520043], [121.50853829999998, 25.051899199999998], [121.50844040000001, 25.051516699999993], [121.5084207, 25.051447999999997], [121.50832280000002, 25.051080599999995], [121.5082468, 25.050796600000005], [121.50822470000001, 25.0507279], [121.50818990000002, 25.050612000000005], [121.50800450000001, 25.0506323], [121.50700240000002, 25.050770799999995], [121.5068505, 25.050697399999997], [121.5068892, 25.050781600000004], [121.5069195, 25.050856899999996], [121.50697900000002, 25.051024200000004], [121.50706910000001, 25.051305199999998], [121.5071442, 25.0516227], [121.5072234, 25.0520222], [121.50729410000001, 25.052394399999997]]]}}, {"type": "Feature", "properties": {"id": 53, "area_m2": 10737.02, "basis": "OSM surface road enclosed block"}, "geometry": {"type": "Polygon", "coordinates": [[[121.50802639999999, 25.05215019999999], [121.5073906, 25.052381100000005], [121.50729410000001, 25.052394399999997], [121.50732199999999, 25.052525199999994], [121.5075055, 25.053514], [121.50747019999999, 25.0535938], [121.50749629999999, 25.053713200000008], [121.5075951, 25.053694899999996], [121.508134, 25.053547200000004], [121.50817360000002, 25.053537900000002], [121.50802639999999, 25.05215019999999]]]}}, {"type": "Feature", "properties": {"id": 54, "area_m2": 8627.22, "basis": "OSM surface road enclosed block"}, "geometry": {"type": "Polygon", "coordinates": [[[121.50856520000002, 25.0520043], [121.50845030000002, 25.052002], [121.50844709999998, 25.0520019], [121.50802639999999, 25.05215019999999], [121.50817360000002, 25.053537900000002], [121.50821729999998, 25.053522799999993], [121.5086633, 25.053421999999998], [121.5087, 25.053413599999992], [121.50857480000002, 25.0521046], [121.50856520000002, 25.0520043]]]}}, {"type": "Feature", "properties": {"id": 55, "area_m2": 13517.91, "basis": "OSM surface road enclosed block"}, "geometry": {"type": "Polygon", "coordinates": [[[121.5118127, 25.0527576], [121.5118561, 25.052043000000005], [121.51102939999998, 25.0520403], [121.5105872, 25.0520388], [121.5104744, 25.0520359], [121.5104652, 25.052090099999997], [121.51041720000002, 25.05248080000001], [121.51041310000001, 25.052529], [121.51041010000002, 25.0525596], [121.51037820000002, 25.052866899999998], [121.51034160000002, 25.053168100000004], [121.51033000000001, 25.0532547], [121.51068400000001, 25.053247999999993], [121.5106713, 25.052950800000005], [121.5106666, 25.052839999999996], [121.51175540000001, 25.0527617], [121.5118127, 25.0527576]]]}}, {"type": "Feature", "properties": {"id": 56, "area_m2": 2065.8, "basis": "OSM surface road enclosed block"}, "geometry": {"type": "Polygon", "coordinates": [[[121.5118561, 25.052043000000005], [121.5118127, 25.0527576], [121.51187009999998, 25.0527548], [121.5121414, 25.0527511], [121.5121394, 25.052270799999995], [121.5118561, 25.052043000000005]]]}}, {"type": "Feature", "properties": {"id": 57, "area_m2": 8105.35, "basis": "OSM surface road enclosed block"}, "geometry": {"type": "Polygon", "coordinates": [[[121.5118561, 25.052043000000005], [121.51188690000001, 25.0515621], [121.5116331, 25.051552299999994], [121.5110146, 25.0514909], [121.5105111, 25.051472900000004], [121.51049350000001, 25.0519055], [121.5104744, 25.0520359], [121.5105872, 25.0520388], [121.51102939999998, 25.0520403], [121.5118561, 25.052043000000005]]]}}, {"type": "Feature", "properties": {"id": 58, "area_m2": 7912.97, "basis": "OSM surface road enclosed block"}, "geometry": {"type": "Polygon", "coordinates": [[[121.51188690000001, 25.0515621], [121.5118561, 25.052043000000005], [121.5123477, 25.051957900000005], [121.51326690000002, 25.051746099999995], [121.5133235, 25.0516604], [121.51331100000002, 25.0515784], [121.51327779999998, 25.051539499999997], [121.5124256, 25.051353], [121.51215779999998, 25.0513112], [121.5119068, 25.0513092], [121.51188690000001, 25.0515621]]]}}, {"type": "Feature", "properties": {"id": 59, "area_m2": 21751.99, "basis": "OSM surface road enclosed block"}, "geometry": {"type": "Polygon", "coordinates": [[[121.51188690000001, 25.0515621], [121.5119068, 25.0513092], [121.511953, 25.050734399999993], [121.5120133, 25.04998339999999], [121.5116701, 25.0500516], [121.511216, 25.0501489], [121.5111261, 25.05016699999999], [121.51103660000001, 25.050185], [121.51099441556785, 25.050193540268147], [121.5106365, 25.050265999999997], [121.51053799999998, 25.0502841], [121.5105518, 25.050360799999996], [121.51053940000001, 25.0506377], [121.5105366, 25.0509209], [121.51051690000001, 25.051380100000003], [121.5105111, 25.051472900000004], [121.5110146, 25.0514909], [121.5116331, 25.051552299999994], [121.51188690000001, 25.0515621]]]}}, {"type": "Feature", "properties": {"id": 60, "area_m2": 10226.63, "basis": "OSM surface road enclosed block"}, "geometry": {"type": "Polygon", "coordinates": [[[121.5120133, 25.04998339999999], [121.511953, 25.050734399999993], [121.5119068, 25.0513092], [121.51215779999998, 25.0513112], [121.5124256, 25.051353], [121.51254569999999, 25.050983099999996], [121.5126086, 25.0507795], [121.5127183, 25.0503014], [121.51280700000001, 25.050120199999995], [121.5124758, 25.0499669], [121.51241330000002, 25.049852099999992], [121.51227030000001, 25.0498969], [121.5120133, 25.04998339999999]]]}}, {"type": "Feature", "properties": {"id": 61, "area_m2": 2951.44, "basis": "OSM surface road enclosed block"}, "geometry": {"type": "Polygon", "coordinates": [[[121.50813600000001, 25.050405899999998], [121.5079626, 25.050433499999993], [121.5069279, 25.0505653], [121.5068505, 25.050697399999997], [121.50700240000002, 25.050770799999995], [121.50800450000001, 25.0506323], [121.50818990000002, 25.050612000000005], [121.50813600000001, 25.050405899999998]]]}}, {"type": "Feature", "properties": {"id": 62, "area_m2": 1044.57, "basis": "OSM surface road enclosed block"}, "geometry": {"type": "Polygon", "coordinates": [[[121.51053799999998, 25.0502841], [121.51051570000001, 25.050134600000003], [121.5104996, 25.050066599999997], [121.5103464, 25.050095], [121.5101837, 25.050121099999995], [121.5101097, 25.050141699999998], [121.5100731, 25.0501816], [121.51006210000001, 25.0502323], [121.51008700000001, 25.050285199999994], [121.5101306, 25.050316599999995], [121.51017570000002, 25.050340399999993], [121.51039870000001, 25.0503064], [121.51053799999998, 25.0502841]]]}}, {"type": "Feature", "properties": {"id": 63, "area_m2": 3423.46, "basis": "OSM surface road enclosed block"}, "geometry": {"type": "Polygon", "coordinates": [[[121.5104996, 25.050066599999997], [121.51051570000001, 25.050134600000003], [121.51053799999998, 25.0502841], [121.5106365, 25.050265999999997], [121.51099441556785, 25.050193540268147], [121.51103660000001, 25.050185], [121.5111261, 25.05016699999999], [121.511216, 25.0501489], [121.5116701, 25.0500516], [121.5120133, 25.04998339999999], [121.511938, 25.049782399999998], [121.5116197, 25.049860999999996], [121.5106333, 25.050050800000005], [121.5104996, 25.050066599999997]]]}}, {"type": "Feature", "properties": {"id": 64, "area_m2": 18449.49, "basis": "OSM surface road enclosed block"}, "geometry": {"type": "Polygon", "coordinates": [[[121.50808120000002, 25.0569067], [121.5081385, 25.056891899999997], [121.5081884, 25.056881799999992], [121.5082879, 25.0568704], [121.508139, 25.056304899999997], [121.5080547, 25.055981699999997], [121.50789650000002, 25.055399399999995], [121.5078661, 25.05525559999999], [121.50781979999998, 25.0550569], [121.5076665, 25.054463199999997], [121.50760390000002, 25.054244499999996], [121.50751279999999, 25.0538096], [121.50749629999999, 25.053713200000008], [121.50747019999999, 25.0535938], [121.5075055, 25.053514], [121.50732199999999, 25.052525199999994], [121.50729410000001, 25.052394399999997], [121.5072234, 25.0520222], [121.5071442, 25.0516227], [121.50706910000001, 25.051305199999998], [121.50697900000002, 25.051024200000004], [121.5069195, 25.050856899999996], [121.5068892, 25.050781600000004], [121.5068505, 25.050697399999997], [121.50664870000001, 25.050831000000002], [121.5065607, 25.0508588], [121.50657390000002, 25.050900999999996], [121.5068153, 25.051571199999994], [121.5068031, 25.0516517], [121.5067502, 25.051737599999996], [121.50665220000002, 25.051814999999994], [121.50675270000002, 25.051817100000005], [121.50681940000001, 25.051831499999995], [121.5068969, 25.051878900000006], [121.50701409999999, 25.05243249999999], [121.50710950000001, 25.052917099999995], [121.50719590000001, 25.05335], [121.5072492, 25.0536637], [121.5073606, 25.054212899999996], [121.5074629, 25.054639499999993], [121.5077004, 25.055512499999995], [121.5077803, 25.0558044], [121.50795800000002, 25.056474199999997], [121.50808120000002, 25.0569067]]]}}, {"type": "Feature", "properties": {"id": 65, "area_m2": 9553.39, "basis": "OSM surface road enclosed block"}, "geometry": {"type": "Polygon", "coordinates": [[[121.51322130000001, 25.052953300000002], [121.5132341, 25.052280300000003], [121.5132749, 25.052013199999994], [121.51326690000002, 25.051746099999995], [121.5123477, 25.051957900000005], [121.5118561, 25.052043000000005], [121.5121394, 25.052270799999995], [121.51273200000001, 25.052639999999997], [121.5131312, 25.052895600000003], [121.51322130000001, 25.052953300000002]]]}}, {"type": "Feature", "properties": {"id": 66, "area_m2": 2419.04, "basis": "OSM surface road enclosed block"}, "geometry": {"type": "Polygon", "coordinates": [[[121.51326690000002, 25.051746099999995], [121.5132749, 25.052013199999994], [121.5132341, 25.052280300000003], [121.51365190000001, 25.052295999999995], [121.5136219, 25.0519132], [121.51361670000001, 25.051812], [121.51359960000002, 25.051647899999995], [121.51326690000002, 25.051746099999995]]]}}, {"type": "Feature", "properties": {"id": 67, "area_m2": 22535.85, "basis": "OSM surface road enclosed block"}, "geometry": {"type": "Polygon", "coordinates": [[[121.5089395, 25.051385999999997], [121.5089356, 25.051398099999997], [121.50892590000001, 25.051405999999993], [121.5086005, 25.051469899999997], [121.50852509999999, 25.05149309999999], [121.50844040000001, 25.051516699999993], [121.50853829999998, 25.051899199999998], [121.50856520000002, 25.0520043], [121.50867720000001, 25.0520068], [121.50885690000001, 25.0520107], [121.50985599999998, 25.052020299999995], [121.5100422, 25.052019199999997], [121.5099398, 25.051418900000005], [121.5098638, 25.0509558], [121.50982869999999, 25.050741999999996], [121.50982050000002, 25.050677700000005], [121.50978030000002, 25.050422999999995], [121.5097761, 25.0503962], [121.50943080000002, 25.0504472], [121.50943889999999, 25.0504846], [121.50947040000001, 25.050630399999996], [121.509506, 25.0508961], [121.5092978, 25.0509156], [121.50923210000002, 25.050653500000006], [121.50926100000001, 25.050516599999998], [121.5092678, 25.0504844], [121.5089353, 25.050544000000002], [121.5083553, 25.0506409], [121.50818990000002, 25.050612000000005], [121.50822470000001, 25.0507279], [121.5082468, 25.050796600000005], [121.50832280000002, 25.051080599999995], [121.50840590000001, 25.051058299999998], [121.50850400000002, 25.0510388], [121.50845510000002, 25.0507894], [121.5084585, 25.050771799999996], [121.5084799, 25.050759099999997], [121.50858450000001, 25.0507439], [121.50860940000001, 25.0507512], [121.50862010000002, 25.050767], [121.5086356, 25.051021099999993], [121.50866970000001, 25.051269299999994], [121.5086617, 25.05127999999999], [121.5086476, 25.0512851], [121.5085471, 25.051293099999995], [121.5085661, 25.051383399999995], [121.50887330000002, 25.0513281], [121.50890910000001, 25.0513283], [121.5089305, 25.051341599999994], [121.5089395, 25.051385999999997]]]}}, {"type": "Feature", "properties": {"id": 68, "area_m2": 499.85, "basis": "OSM surface road enclosed block"}, "geometry": {"type": "Polygon", "coordinates": [[[121.50844040000001, 25.051516699999993], [121.50852509999999, 25.05149309999999], [121.5086005, 25.051469899999997], [121.50892590000001, 25.051405999999993], [121.5089356, 25.051398099999997], [121.5089395, 25.051385999999997], [121.5089305, 25.051341599999994], [121.50890910000001, 25.0513283], [121.50887330000002, 25.0513281], [121.5085661, 25.051383399999995], [121.5085023, 25.0514099], [121.5084207, 25.051447999999997], [121.50844040000001, 25.051516699999993]]]}}, {"type": "Feature", "properties": {"id": 69, "area_m2": 693.73, "basis": "OSM surface road enclosed block"}, "geometry": {"type": "Polygon", "coordinates": [[[121.5084207, 25.051447999999997], [121.5085023, 25.0514099], [121.5085661, 25.051383399999995], [121.5085471, 25.051293099999995], [121.50850400000002, 25.0510388], [121.50840590000001, 25.051058299999998], [121.50832280000002, 25.051080599999995], [121.5084207, 25.051447999999997]]]}}, {"type": "Feature", "properties": {"id": 70, "area_m2": 1066.23, "basis": "OSM surface road enclosed block"}, "geometry": {"type": "Polygon", "coordinates": [[[121.5092678, 25.0504844], [121.50926100000001, 25.050516599999998], [121.50923210000002, 25.050653500000006], [121.5092978, 25.0509156], [121.509506, 25.0508961], [121.50947040000001, 25.050630399999996], [121.50943889999999, 25.0504846], [121.50943080000002, 25.0504472], [121.5092678, 25.0504844]]]}}, {"type": "Feature", "properties": {"id": 71, "area_m2": 374.36, "basis": "OSM surface road enclosed block"}, "geometry": {"type": "Polygon", "coordinates": [[[121.50850400000002, 25.0510388], [121.5085471, 25.051293099999995], [121.5086476, 25.0512851], [121.5086617, 25.05127999999999], [121.50866970000001, 25.051269299999994], [121.5086356, 25.051021099999993], [121.50850400000002, 25.0510388]]]}}, {"type": "Feature", "properties": {"id": 72, "area_m2": 2928.83, "basis": "OSM surface road enclosed block"}, "geometry": {"type": "Polygon", "coordinates": [[[121.51053940000001, 25.0506377], [121.5105518, 25.050360799999996], [121.51053799999998, 25.0502841], [121.51039870000001, 25.0503064], [121.51017570000002, 25.050340399999993], [121.5100436, 25.050354899999995], [121.5097761, 25.0503962], [121.50978030000002, 25.050422999999995], [121.50982050000002, 25.050677700000005], [121.50982869999999, 25.050741999999996], [121.51053940000001, 25.0506377]]]}}, {"type": "Feature", "properties": {"id": 73, "area_m2": 8742.54, "basis": "OSM surface road enclosed block"}, "geometry": {"type": "Polygon", "coordinates": [[[121.5105366, 25.0509209], [121.51053940000001, 25.0506377], [121.50982869999999, 25.050741999999996], [121.5098638, 25.0509558], [121.5099398, 25.051418900000005], [121.5100422, 25.052019199999997], [121.5103595, 25.052029799999993], [121.5104744, 25.0520359], [121.51049350000001, 25.0519055], [121.5105111, 25.051472900000004], [121.51051690000001, 25.051380100000003], [121.5105366, 25.0509209]]]}}, {"type": "Feature", "properties": {"id": 74, "area_m2": 3223.6, "basis": "OSM surface road enclosed block"}, "geometry": {"type": "Polygon", "coordinates": [[[121.51241330000002, 25.049852099999992], [121.51322460000002, 25.049572600000005], [121.5132735, 25.049556], [121.5132513, 25.0494613], [121.5132521, 25.049342699999997], [121.5131907, 25.049363299999996], [121.511938, 25.049782399999998], [121.5120133, 25.04998339999999], [121.51227030000001, 25.0498969], [121.51241330000002, 25.049852099999992]]]}}, {"type": "Feature", "properties": {"id": 75, "area_m2": 376.98, "basis": "OSM surface road enclosed block"}, "geometry": {"type": "Polygon", "coordinates": [[[121.5100436, 25.050354899999995], [121.51017570000002, 25.050340399999993], [121.5101306, 25.050316599999995], [121.51008700000001, 25.050285199999994], [121.51006210000001, 25.0502323], [121.5100731, 25.0501816], [121.5101097, 25.050141699999998], [121.5101837, 25.050121099999995], [121.5100259, 25.050143499999994], [121.50995310000002, 25.050190499999996], [121.5098415, 25.0502667], [121.5100436, 25.050354899999995]]]}}, {"type": "Feature", "properties": {"id": 76, "area_m2": 2524.04, "basis": "OSM surface road enclosed block"}, "geometry": {"type": "Polygon", "coordinates": [[[121.5097761, 25.0503962], [121.5100436, 25.050354899999995], [121.5098415, 25.0502667], [121.50995310000002, 25.050190499999996], [121.5100259, 25.050143499999994], [121.509761, 25.0501797], [121.50963960000001, 25.0501963], [121.50907799999999, 25.050273799999996], [121.50892619999999, 25.0502889], [121.5089542, 25.050357899999998], [121.5089616, 25.050426000000005], [121.5089604, 25.0504959], [121.5089353, 25.050544000000002], [121.5092678, 25.0504844], [121.50943080000002, 25.0504472], [121.5097761, 25.0503962]]]}}, {"type": "Feature", "properties": {"id": 77, "area_m2": 2245.96, "basis": "OSM surface road enclosed block"}, "geometry": {"type": "Polygon", "coordinates": [[[121.50818990000002, 25.050612000000005], [121.5083553, 25.0506409], [121.5089353, 25.050544000000002], [121.5089604, 25.0504959], [121.5089616, 25.050426000000005], [121.5089542, 25.050357899999998], [121.50892619999999, 25.0502889], [121.5082984, 25.050384000000005], [121.50813600000001, 25.050405899999998], [121.50818990000002, 25.050612000000005]]]}}, {"type": "Feature", "properties": {"id": 78, "area_m2": 21998.04, "basis": "OSM surface road enclosed block"}, "geometry": {"type": "Polygon", "coordinates": [[[121.5089, 25.0533662], [121.5094945, 25.0533193], [121.50974949999998, 25.0532992], [121.51021480000001, 25.053262399999994], [121.51033000000001, 25.0532547], [121.51034160000002, 25.053168100000004], [121.51037820000002, 25.052866899999998], [121.51041010000002, 25.0525596], [121.51041310000001, 25.052529], [121.51041720000002, 25.05248080000001], [121.5104652, 25.052090099999997], [121.5104744, 25.0520359], [121.5103595, 25.052029799999993], [121.5100422, 25.052019199999997], [121.50985599999998, 25.052020299999995], [121.50885690000001, 25.0520107], [121.50888630000001, 25.053130899999996], [121.5089, 25.0533662]]]}}, {"type": "Feature", "properties": {"id": 79, "area_m2": 3771.59, "basis": "OSM surface road enclosed block"}, "geometry": {"type": "Polygon", "coordinates": [[[121.5087, 25.053413599999992], [121.5088228, 25.0533845], [121.5089, 25.0533662], [121.50888630000001, 25.053130899999996], [121.50885690000001, 25.0520107], [121.50867720000001, 25.0520068], [121.50856520000002, 25.0520043], [121.50857480000002, 25.0521046], [121.5087, 25.053413599999992]]]}}, {"type": "Feature", "properties": {"id": 80, "area_m2": 5425.2, "basis": "OSM surface road enclosed block"}, "geometry": {"type": "Polygon", "coordinates": [[[121.5133588, 25.049536199999995], [121.513559, 25.0501188], [121.51423680000002, 25.0499717], [121.5143135, 25.049955099999995], [121.5141489, 25.0493606], [121.51391650000001, 25.0494124], [121.5133588, 25.049536199999995]]]}}, {"type": "Feature", "properties": {"id": 81, "area_m2": 4535.34, "basis": "OSM surface road enclosed block"}, "geometry": {"type": "Polygon", "coordinates": [[[121.513559, 25.0501188], [121.51368270000002, 25.0504786], [121.51372170000002, 25.050617799999998], [121.5138666, 25.050596400000003], [121.5140165, 25.0505615], [121.51417719999999, 25.050524200000005], [121.5143079, 25.050493799999998], [121.5144774, 25.050457199999997], [121.5143135, 25.049955099999995], [121.51423680000002, 25.0499717], [121.513559, 25.0501188]]]}}, {"type": "Feature", "properties": {"id": 82, "area_m2": 4104.18, "basis": "OSM surface road enclosed block"}, "geometry": {"type": "Polygon", "coordinates": [[[121.51372170000002, 25.050617799999998], [121.5138527, 25.0510841], [121.5141435, 25.0510137], [121.5146189, 25.050905799999995], [121.5144774, 25.050457199999997], [121.5143079, 25.050493799999998], [121.51417719999999, 25.050524200000005], [121.5140165, 25.0505615], [121.5138666, 25.050596400000003], [121.51372170000002, 25.050617799999998]]]}}, {"type": "Feature", "properties": {"id": 83, "area_m2": 4316.08, "basis": "OSM surface road enclosed block"}, "geometry": {"type": "Polygon", "coordinates": [[[121.5138527, 25.0510841], [121.51396450000001, 25.0515021], [121.51397980000002, 25.051559399999995], [121.5140949, 25.0515334], [121.5147321, 25.0513893], [121.51468210000002, 25.051171999999998], [121.5146189, 25.050905799999995], [121.5141435, 25.0510137], [121.5138527, 25.0510841]]]}}, {"type": "Feature", "properties": {"id": 84, "area_m2": 3017.13, "basis": "OSM surface road enclosed block"}, "geometry": {"type": "Polygon", "coordinates": [[[121.5132869, 25.0506807], [121.51292040000001, 25.0505675], [121.5128889, 25.050566299999996], [121.51286810000002, 25.050574799999996], [121.5126086, 25.0507795], [121.51254569999999, 25.050983099999996], [121.5132003, 25.051121099999992], [121.51320240000001, 25.0509451], [121.5132869, 25.0506807]]]}}, {"type": "Feature", "properties": {"id": 85, "area_m2": 3617.68, "basis": "OSM surface road enclosed block"}, "geometry": {"type": "Polygon", "coordinates": [[[121.51254569999999, 25.050983099999996], [121.5124256, 25.051353], [121.51327779999998, 25.051539499999997], [121.51333240000001, 25.0513349], [121.51329330000002, 25.051236599999996], [121.51324710000002, 25.0511445], [121.5132003, 25.051121099999992], [121.51254569999999, 25.050983099999996]]]}}, {"type": "Feature", "properties": {"id": 86, "area_m2": 865.27, "basis": "OSM surface road enclosed block"}, "geometry": {"type": "Polygon", "coordinates": [[[121.5068505, 25.050697399999997], [121.5068414, 25.0505511], [121.5066314, 25.0499959], [121.5065888, 25.0498796], [121.5065366, 25.049834200000003], [121.50652900000001, 25.049933799999998], [121.5067022, 25.050487399999998], [121.5067088, 25.050566899999996], [121.5068505, 25.050697399999997]]]}}, {"type": "Feature", "properties": {"id": 87, "area_m2": 4566.06, "basis": "OSM surface road enclosed block"}, "geometry": {"type": "Polygon", "coordinates": [[[121.50665220000002, 25.051814999999994], [121.5067502, 25.051737599999996], [121.5068031, 25.0516517], [121.5068153, 25.051571199999994], [121.50657390000002, 25.050900999999996], [121.5065607, 25.0508588], [121.5064763, 25.050879299999995], [121.5062302, 25.050957099999998], [121.50618730000001, 25.051026699999998], [121.50617520000002, 25.051116299999997], [121.50619770000002, 25.0512216], [121.50625800000002, 25.051397799999997], [121.50640750000001, 25.051765099999997], [121.5064763, 25.0518537], [121.50652989999999, 25.051855], [121.50665220000002, 25.051814999999994]]]}}, {"type": "Feature", "properties": {"id": 88, "area_m2": 272.08, "basis": "OSM surface road enclosed block"}, "geometry": {"type": "Polygon", "coordinates": [[[121.51337500000001, 25.0493059], [121.5132521, 25.049342699999997], [121.5132513, 25.0494613], [121.5132735, 25.049556], [121.5133588, 25.049536199999995], [121.51336440000001, 25.049435200000005], [121.51337500000001, 25.0493059]]]}}, {"type": "Feature", "properties": {"id": 89, "area_m2": 8627.83, "basis": "OSM surface road enclosed block"}, "geometry": {"type": "Polygon", "coordinates": [[[121.51337500000001, 25.0493059], [121.51336440000001, 25.049435200000005], [121.5133588, 25.049536199999995], [121.51391650000001, 25.0494124], [121.5141489, 25.0493606], [121.5144936, 25.049283999999997], [121.5148728, 25.049201099999994], [121.51524859999999, 25.049121200000002], [121.5152854, 25.0491134], [121.51568729999998, 25.0490369], [121.51596539999998, 25.048989700000003], [121.51622250000001, 25.0489579], [121.51633, 25.048905300000005], [121.5163898, 25.048876], [121.5163613, 25.048683600000004], [121.5162785, 25.0486962], [121.5149336, 25.048899999999993], [121.51405810000001, 25.049127999999996], [121.51376889999999, 25.049203299999995], [121.51337500000001, 25.0493059]]]}}, {"type": "Feature", "properties": {"id": 90, "area_m2": 469.47, "basis": "OSM surface road enclosed block"}, "geometry": {"type": "Polygon", "coordinates": [[[121.5086356, 25.051021099999993], [121.50862010000002, 25.050767], [121.50860940000001, 25.0507512], [121.50858450000001, 25.0507439], [121.5084799, 25.050759099999997], [121.5084585, 25.050771799999996], [121.50845510000002, 25.0507894], [121.50850400000002, 25.0510388], [121.5086356, 25.051021099999993]]]}}, {"type": "Feature", "properties": {"id": 91, "area_m2": 4162.41, "basis": "OSM surface road enclosed block"}, "geometry": {"type": "Polygon", "coordinates": [[[121.5150171, 25.0467587], [121.51502090000001, 25.0468889], [121.5152107, 25.0468419], [121.5175562, 25.046261], [121.5181803, 25.046017299999995], [121.51747870000001, 25.046147000000005], [121.51746820000001, 25.0461482], [121.5161248, 25.0464857], [121.5156358, 25.0466072], [121.5151795, 25.046720600000004], [121.5150171, 25.0467587]]]}}, {"type": "Feature", "properties": {"id": 92, "area_m2": 11055.87, "basis": "OSM surface road enclosed block"}, "geometry": {"type": "Polygon", "coordinates": [[[121.525541, 25.045926899999994], [121.525387, 25.045386399999998], [121.5245756, 25.045592999999997], [121.52374910000002, 25.045802099999996], [121.52364390000001, 25.0458274], [121.5236842, 25.045965099999997], [121.5237425, 25.046164499999996], [121.52375379999998, 25.046203399999996], [121.5237959, 25.046347400000002], [121.52396039999999, 25.046306199999993], [121.52399310000001, 25.046298999999998], [121.5241336, 25.0462643], [121.5247178, 25.046126699999995], [121.525541, 25.045926899999994]]]}}, {"type": "Feature", "properties": {"id": 93, "area_m2": 8233.98, "basis": "OSM surface road enclosed block"}, "geometry": {"type": "Polygon", "coordinates": [[[121.525387, 25.045386399999998], [121.525541, 25.045926899999994], [121.5257129, 25.045888800000007], [121.52592890000001, 25.045836699999995], [121.52660850000001, 25.045673399999995], [121.5264291, 25.045030900000004], [121.5262738, 25.0450666], [121.52622319999999, 25.045078799999995], [121.5259707, 25.045137399999998], [121.5253596, 25.045279499999996], [121.525387, 25.045386399999998]]]}}, {"type": "Feature", "properties": {"id": 94, "area_m2": 7357.93, "basis": "OSM surface road enclosed block"}, "geometry": {"type": "Polygon", "coordinates": [[[121.525387, 25.045386399999998], [121.5253596, 25.045279499999996], [121.52532139999998, 25.045148499999996], [121.5245228, 25.0453398], [121.5244421, 25.045359099999995], [121.5243821, 25.045154], [121.52361740000002, 25.045337399999998], [121.5235084, 25.045363599999995], [121.52364390000001, 25.0458274], [121.52374910000002, 25.045802099999996], [121.5245756, 25.045592999999997], [121.525387, 25.045386399999998]]]}}, {"type": "Feature", "properties": {"id": 95, "area_m2": 9280.0, "basis": "OSM surface road enclosed block"}, "geometry": {"type": "Polygon", "coordinates": [[[121.52532139999998, 25.045148499999996], [121.5253596, 25.045279499999996], [121.5259707, 25.045137399999998], [121.52622319999999, 25.045078799999995], [121.5262738, 25.0450666], [121.52607080000001, 25.0443206], [121.52606470000002, 25.044298099999992], [121.5260416, 25.044213200000005], [121.5253377, 25.044382], [121.52521849999998, 25.044412999999995], [121.52511969999999, 25.044436199999993], [121.52514459999999, 25.044519500000007], [121.5251528, 25.0445495], [121.52516140000002, 25.044572000000002], [121.52532139999998, 25.045148499999996]]]}}, {"type": "Feature", "properties": {"id": 96, "area_m2": 387.86, "basis": "OSM surface road enclosed block"}, "geometry": {"type": "Polygon", "coordinates": [[[121.5190594, 25.047049599999998], [121.51915270000002, 25.0475017], [121.5191971, 25.047548699999997], [121.5192574, 25.047469], [121.51918010000001, 25.0474211], [121.5191478, 25.047264199999997], [121.51915699999999, 25.047224200000002], [121.5192066, 25.047194499999996], [121.51927549999999, 25.0471837], [121.5190594, 25.047049599999998]]]}}, {"type": "Feature", "properties": {"id": 97, "area_m2": 2972.86, "basis": "OSM surface road enclosed block"}, "geometry": {"type": "Polygon", "coordinates": [[[121.5191971, 25.047548699999997], [121.51915270000002, 25.0475017], [121.5190594, 25.047049599999998], [121.5188115, 25.0468958], [121.51872670000002, 25.046910200000003], [121.51883240000001, 25.04742209999999], [121.5189157, 25.047825799999995], [121.5192255, 25.0477733], [121.51923289999999, 25.0477218], [121.5191971, 25.047548699999997]]]}}, {"type": "Feature", "properties": {"id": 98, "area_m2": 5787.43, "basis": "OSM surface road enclosed block"}, "geometry": {"type": "Polygon", "coordinates": [[[121.5189157, 25.047825799999995], [121.51883240000001, 25.04742209999999], [121.51872670000002, 25.046910200000003], [121.51869550000002, 25.046915399999996], [121.51805560000001, 25.04702380000001], [121.5180621, 25.047113499999995], [121.5185092, 25.0478546], [121.5185565, 25.047877700000004], [121.5186057, 25.047878299999997], [121.5188845, 25.047831099999996], [121.5189157, 25.047825799999995]]]}}, {"type": "Feature", "properties": {"id": 99, "area_m2": 153847.33, "basis": "OSM surface road enclosed block"}, "geometry": {"type": "Polygon", "coordinates": [[[121.525541, 25.045926899999994], [121.5247178, 25.046126699999995], [121.5241336, 25.0462643], [121.52399310000001, 25.046298999999998], [121.52396039999999, 25.046306199999993], [121.5237959, 25.046347400000002], [121.52382830000002, 25.046463700000004], [121.52383890000002, 25.046501799999998], [121.5241414, 25.047587699999998], [121.5241498, 25.0476179], [121.5241783, 25.04772000000001], [121.5243524, 25.0476989], [121.5243915, 25.047693700000004], [121.52487339999999, 25.047616], [121.52518810000001, 25.047555200000005], [121.5254997, 25.0474823], [121.52569519999999, 25.047433199999997], [121.525923, 25.047374599999998], [121.5260589, 25.047337099999996], [121.52634070000002, 25.047252700000005], [121.52647589999998, 25.0472131], [121.52718350000002, 25.046988999999993], [121.5277444, 25.0467998], [121.52787330000001, 25.046764500000002], [121.52903530000002, 25.0464078], [121.5292041, 25.046357899999993], [121.5296694, 25.046227899999998], [121.5302842, 25.046055700000004], [121.53036080000001, 25.046036], [121.5305194, 25.045999799999997], [121.5306115, 25.045978799999997], [121.53058880000002, 25.045891400000002], [121.5305827, 25.045872699999997], [121.5305275, 25.045704699999995], [121.5304525, 25.0456539], [121.53033470000001, 25.0452764], [121.5300222, 25.044176299999993], [121.52993479999999, 25.043813800000002], [121.52992829999998, 25.043786700000002], [121.5299227, 25.04376349999999], [121.5298938, 25.0436437], [121.52978719999999, 25.0436187], [121.5297595, 25.0436113], [121.5297025, 25.043597700000003], [121.52926070000001, 25.043492099999998], [121.5290033, 25.0434305], [121.5289187, 25.0434535], [121.52865079999998, 25.043526299999993], [121.5280655, 25.0436852], [121.5275444, 25.043826699999997], [121.527137, 25.043939800000004], [121.5270172, 25.043972999999998], [121.526986, 25.04398009999999], [121.52686, 25.0440126], [121.52689280000001, 25.044126099999996], [121.5271616, 25.0450565], [121.52718860000002, 25.045149799999997], [121.5272685, 25.0454259], [121.5272909, 25.0455104], [121.52721659999999, 25.045528099999995], [121.52660850000001, 25.045673399999995], [121.52592890000001, 25.045836699999995], [121.5257129, 25.045888800000007], [121.525541, 25.045926899999994]]]}}, {"type": "Feature", "properties": {"id": 100, "area_m2": 24773.66, "basis": "OSM surface road enclosed block"}, "geometry": {"type": "Polygon", "coordinates": [[[121.5237959, 25.046347400000002], [121.5236578, 25.0463828], [121.52362350000001, 25.0463913], [121.5231576, 25.0465064], [121.52272720000002, 25.046612599999992], [121.52218850000001, 25.046745699999995], [121.52208710000001, 25.0467707], [121.5222336, 25.0472893], [121.5222379, 25.047304499999996], [121.522297, 25.047513399999996], [121.52234500000002, 25.0476831], [121.52235890000001, 25.0477324], [121.52237920000002, 25.047821200000005], [121.52251160000002, 25.0478146], [121.5226093, 25.047809499999993], [121.5233989, 25.047768499999997], [121.5237529, 25.0477499], [121.5240079, 25.0477351], [121.5240418, 25.0477338], [121.5241783, 25.04772000000001], [121.5241498, 25.0476179], [121.5241414, 25.047587699999998], [121.52383890000002, 25.046501799999998], [121.52382830000002, 25.046463700000004], [121.5237959, 25.046347400000002]]]}}, {"type": "Feature", "properties": {"id": 101, "area_m2": 30315.61, "basis": "OSM surface road enclosed block"}, "geometry": {"type": "Polygon", "coordinates": [[[121.52208710000001, 25.0467707], [121.52218850000001, 25.046745699999995], [121.52272720000002, 25.046612599999992], [121.5231576, 25.0465064], [121.52362350000001, 25.0463913], [121.5236578, 25.0463828], [121.5237959, 25.046347400000002], [121.52375379999998, 25.046203399999996], [121.5237425, 25.046164499999996], [121.5236842, 25.045965099999997], [121.52364390000001, 25.0458274], [121.5235084, 25.045363599999995], [121.52340770000002, 25.045019100000005], [121.52340200000002, 25.044999500000003], [121.5233641, 25.044869899999995], [121.523211, 25.044906899999997], [121.5228237, 25.0450049], [121.5224898, 25.0450869], [121.52180530000001, 25.045255100000002], [121.5217398, 25.0452713], [121.5216503, 25.0452937], [121.5216799, 25.045393100000002], [121.52168749999998, 25.045418800000004], [121.5219162, 25.046192499999997], [121.5219858, 25.046427899999994], [121.52208710000001, 25.0467707]]]}}, {"type": "Feature", "properties": {"id": 102, "area_m2": 1378.64, "basis": "OSM surface road enclosed block"}, "geometry": {"type": "Polygon", "coordinates": [[[121.5192255, 25.0477733], [121.5189157, 25.047825799999995], [121.5188845, 25.047831099999996], [121.5186057, 25.047878299999997], [121.5185565, 25.047877700000004], [121.5185092, 25.0478546], [121.5180621, 25.047113499999995], [121.51805560000001, 25.04702380000001], [121.51796749999998, 25.0471205], [121.5184116, 25.0478566], [121.51844569999999, 25.047894799999995], [121.51848589999999, 25.047925199999998], [121.5185386, 25.047939500000002], [121.51859519999998, 25.0479404], [121.5186253, 25.047933999999994], [121.5191371, 25.0478486], [121.519189, 25.0478217], [121.5192255, 25.0477733]]]}}, {"type": "Feature", "properties": {"id": 103, "area_m2": 4124.86, "basis": "OSM surface road enclosed block"}, "geometry": {"type": "Polygon", "coordinates": [[[121.52101650000002, 25.048916299999995], [121.52098000000001, 25.048924800000005], [121.5206864, 25.048993300000003], [121.52044800000002, 25.0490475], [121.5205385, 25.049385199999996], [121.5206146, 25.0496529], [121.520855, 25.0495915], [121.52089120000001, 25.049529499999988], [121.52121060000002, 25.0494052], [121.52125200000002, 25.049386], [121.52101650000002, 25.048916299999995]]]}}, {"type": "Feature", "properties": {"id": 104, "area_m2": 1864.69, "basis": "OSM surface road enclosed block"}, "geometry": {"type": "Polygon", "coordinates": [[[121.5206864, 25.048993300000003], [121.52098000000001, 25.048924800000005], [121.52101650000002, 25.048916299999995], [121.52076390000002, 25.048407], [121.52072290000001, 25.0484151], [121.52049909999998, 25.048459599999997], [121.5205707, 25.048636499999997], [121.5206864, 25.048993300000003]]]}}, {"type": "Feature", "properties": {"id": 105, "area_m2": 1461.23, "basis": "OSM surface road enclosed block"}, "geometry": {"type": "Polygon", "coordinates": [[[121.52044800000002, 25.0490475], [121.5206864, 25.048993300000003], [121.5205707, 25.048636499999997], [121.52049909999998, 25.048459599999997], [121.5202931, 25.048500599999997], [121.52044800000002, 25.0490475]]]}}, {"type": "Feature", "properties": {"id": 106, "area_m2": 1764.64, "basis": "OSM surface road enclosed block"}, "geometry": {"type": "Polygon", "coordinates": [[[121.52044800000002, 25.0490475], [121.52021259999998, 25.049106700000006], [121.520227, 25.0491839], [121.5202543, 25.049281499999996], [121.5202817, 25.0493953], [121.52028939999998, 25.049446], [121.5203066, 25.04951249999999], [121.52035680000002, 25.0497071], [121.5206146, 25.0496529], [121.5205385, 25.049385199999996], [121.52044800000002, 25.0490475]]]}}, {"type": "Feature", "properties": {"id": 107, "area_m2": 4012.56, "basis": "OSM surface road enclosed block"}, "geometry": {"type": "Polygon", "coordinates": [[[121.52021259999998, 25.049106700000006], [121.52044800000002, 25.0490475], [121.5202931, 25.048500599999997], [121.5197821, 25.048612799999997], [121.51968539999999, 25.048644199999995], [121.51972700000002, 25.0487878], [121.51976370000001, 25.048911599999997], [121.5197923, 25.049016499999997], [121.51982900000002, 25.049142999999997], [121.5198458, 25.049198099999998], [121.5200048, 25.049158799999997], [121.52005620000001, 25.0491461], [121.52021259999998, 25.049106700000006]]]}}, {"type": "Feature", "properties": {"id": 108, "area_m2": 3342.28, "basis": "OSM surface road enclosed block"}, "geometry": {"type": "Polygon", "coordinates": [[[121.52021259999998, 25.049106700000006], [121.52005620000001, 25.0491461], [121.5200048, 25.049158799999997], [121.5198458, 25.049198099999998], [121.5196225, 25.049247099999995], [121.5197476, 25.049400800000008], [121.5197727, 25.049429099999998], [121.51983750000001, 25.049515899999992], [121.51990350000001, 25.049614099999992], [121.5199921, 25.049749499999997], [121.52004029999999, 25.049820199999996], [121.5203584, 25.049742899999995], [121.52035680000002, 25.0497071], [121.5203066, 25.04951249999999], [121.52028939999998, 25.049446], [121.5202817, 25.0493953], [121.5202543, 25.049281499999996], [121.520227, 25.0491839], [121.52021259999998, 25.049106700000006]]]}}, {"type": "Feature", "properties": {"id": 109, "area_m2": 9171.46, "basis": "OSM surface road enclosed block"}, "geometry": {"type": "Polygon", "coordinates": [[[121.5196225, 25.049247099999995], [121.5198458, 25.049198099999998], [121.51982900000002, 25.049142999999997], [121.5197923, 25.049016499999997], [121.51976370000001, 25.048911599999997], [121.51972700000002, 25.0487878], [121.51968539999999, 25.048644199999995], [121.5197821, 25.048612799999997], [121.5202931, 25.048500599999997], [121.52049909999998, 25.048459599999997], [121.52072290000001, 25.0484151], [121.52076390000002, 25.048407], [121.5207316, 25.048341999999998], [121.52071299999999, 25.0483044], [121.5207046, 25.048289199999992], [121.52065890000002, 25.048198200000005], [121.52058990000002, 25.048210400000006], [121.52002530000001, 25.0483105], [121.5197056, 25.048367199999994], [121.519141, 25.048451899999996], [121.51906270000002, 25.048463599999998], [121.5189535, 25.04847919999999], [121.5188149, 25.048498999999996], [121.51880270000001, 25.048569299999997], [121.5192318, 25.0490683], [121.5194281, 25.0492965], [121.51952450000002, 25.049271100000002], [121.5196225, 25.049247099999995]]]}}, {"type": "Feature", "properties": {"id": 110, "area_m2": 2214.95, "basis": "OSM surface road enclosed block"}, "geometry": {"type": "Polygon", "coordinates": [[[121.5196225, 25.049247099999995], [121.51952450000002, 25.049271100000002], [121.5194281, 25.0492965], [121.51947110000002, 25.049347800000003], [121.5196091, 25.049517700000003], [121.5197252, 25.0496639], [121.5197455, 25.049694399999996], [121.5198556, 25.049849100000007], [121.51988759999999, 25.0498993], [121.5199306, 25.050014800000003], [121.51997250000001, 25.0501335], [121.51998870000001, 25.0502116], [121.5202061, 25.050161299999996], [121.52017350000001, 25.050092699999997], [121.52006069999999, 25.049859399999995], [121.52004029999999, 25.049820199999996], [121.5199921, 25.049749499999997], [121.51990350000001, 25.049614099999992], [121.51983750000001, 25.049515899999992], [121.5197727, 25.049429099999998], [121.5197476, 25.049400800000008], [121.5196225, 25.049247099999995]]]}}, {"type": "Feature", "properties": {"id": 111, "area_m2": 2530.47, "basis": "OSM surface road enclosed block"}, "geometry": {"type": "Polygon", "coordinates": [[[121.5194281, 25.0492965], [121.51904969999998, 25.049380399999997], [121.5191701, 25.049827099999998], [121.5197455, 25.049694399999996], [121.5197252, 25.0496639], [121.5196091, 25.049517700000003], [121.51947110000002, 25.049347800000003], [121.5194281, 25.0492965]]]}}, {"type": "Feature", "properties": {"id": 112, "area_m2": 26823.88, "basis": "OSM surface road enclosed block"}, "geometry": {"type": "Polygon", "coordinates": [[[121.51904969999998, 25.049380399999997], [121.5194281, 25.0492965], [121.5192318, 25.0490683], [121.51880270000001, 25.048569299999997], [121.5188149, 25.048498999999996], [121.51866829999999, 25.048522699999996], [121.518121, 25.0486083], [121.51806610000001, 25.0486167], [121.51737540000002, 25.048722699999995], [121.51654979999999, 25.0488523], [121.51666349999999, 25.049288499999992], [121.51673910000001, 25.049564899999993], [121.51676250000001, 25.0496525], [121.5168272, 25.0498871], [121.51696740000001, 25.0498547], [121.5172862, 25.049780699999996], [121.5174735, 25.049737199999996], [121.5181044, 25.049583299999995], [121.51904969999998, 25.049380399999997]]]}}, {"type": "Feature", "properties": {"id": 113, "area_m2": 7927.84, "basis": "OSM surface road enclosed block"}, "geometry": {"type": "Polygon", "coordinates": [[[121.51904969999998, 25.049380399999997], [121.5181044, 25.049583299999995], [121.5174735, 25.049737199999996], [121.5175806, 25.050109799999994], [121.51803070000001, 25.050009499999998], [121.5180681, 25.050006199999995], [121.51819030000001, 25.049978599999996], [121.5182421, 25.0500116], [121.51825180000002, 25.050040999999997], [121.5191701, 25.049827099999998], [121.51904969999998, 25.049380399999997]]]}}, {"type": "Feature", "properties": {"id": 114, "area_m2": 4353.83, "basis": "OSM surface road enclosed block"}, "geometry": {"type": "Polygon", "coordinates": [[[121.5174735, 25.049737199999996], [121.5172862, 25.049780699999996], [121.51696740000001, 25.0498547], [121.5168272, 25.0498871], [121.5168503, 25.0499715], [121.5169809, 25.050449299999993], [121.5171035, 25.050421], [121.51759539999999, 25.050307699999998], [121.51764330000002, 25.0503183], [121.5175806, 25.050109799999994], [121.5174735, 25.049737199999996]]]}}, {"type": "Feature", "properties": {"id": 115, "area_m2": 1716.65, "basis": "OSM surface road enclosed block"}, "geometry": {"type": "Polygon", "coordinates": [[[121.5168272, 25.0498871], [121.5167533, 25.049902499999998], [121.51668390000002, 25.049916899999996], [121.51670540000002, 25.050007199999996], [121.51683360000001, 25.050461699999996], [121.51692460000001, 25.0508098], [121.5169549, 25.050911799999994], [121.5171257, 25.0508746], [121.51707270000001, 25.050780899999996], [121.5169809, 25.050449299999993], [121.5168503, 25.0499715], [121.5168272, 25.0498871]]]}}, {"type": "Feature", "properties": {"id": 116, "area_m2": 1823.27, "basis": "OSM surface road enclosed block"}, "geometry": {"type": "Polygon", "coordinates": [[[121.51668390000002, 25.049916899999996], [121.5167533, 25.049902499999998], [121.5168272, 25.0498871], [121.51676250000001, 25.0496525], [121.51673910000001, 25.049564899999993], [121.51666349999999, 25.049288499999992], [121.51654979999999, 25.0488523], [121.5163898, 25.048876], [121.51647270000001, 25.049162600000002], [121.5165924, 25.0495968], [121.5166174, 25.049687499999997], [121.51668390000002, 25.049916899999996]]]}}, {"type": "Feature", "properties": {"id": 117, "area_m2": 4555.94, "basis": "OSM surface road enclosed block"}, "geometry": {"type": "Polygon", "coordinates": [[[121.51668390000002, 25.049916899999996], [121.5165829, 25.0499436], [121.51623540000001, 25.050024899999997], [121.5162886, 25.05019649999999], [121.5159037, 25.050286700000004], [121.5159763, 25.0505582], [121.51600350000001, 25.0506602], [121.51639050000001, 25.050561799999993], [121.5164078, 25.0505583], [121.51673219999999, 25.050489], [121.51683360000001, 25.050461699999996], [121.51670540000002, 25.050007199999996], [121.51668390000002, 25.049916899999996]]]}}, {"type": "Feature", "properties": {"id": 118, "area_m2": 13158.35, "basis": "OSM surface road enclosed block"}, "geometry": {"type": "Polygon", "coordinates": [[[121.51623540000001, 25.050024899999997], [121.5165829, 25.0499436], [121.51668390000002, 25.049916899999996], [121.5166174, 25.049687499999997], [121.5165924, 25.0495968], [121.51647270000001, 25.049162600000002], [121.5163898, 25.048876], [121.51633, 25.048905300000005], [121.51622250000001, 25.0489579], [121.51596539999998, 25.048989700000003], [121.51568729999998, 25.0490369], [121.5158251, 25.0495224], [121.51502869999999, 25.049709399999998], [121.51506230000001, 25.049837200000002], [121.51511330000001, 25.050033599999995], [121.51540900000002, 25.0499653], [121.5154821, 25.050213299999992], [121.5158623, 25.050120699999997], [121.51617479999999, 25.05004049999999], [121.51623540000001, 25.050024899999997]]]}}, {"type": "Feature", "properties": {"id": 119, "area_m2": 764.11, "basis": "OSM surface road enclosed block"}, "geometry": {"type": "Polygon", "coordinates": [[[121.51623540000001, 25.050024899999997], [121.51617479999999, 25.05004049999999], [121.5158623, 25.050120699999997], [121.5159037, 25.050286700000004], [121.5162886, 25.05019649999999], [121.51623540000001, 25.050024899999997]]]}}, {"type": "Feature", "properties": {"id": 120, "area_m2": 1406.24, "basis": "OSM surface road enclosed block"}, "geometry": {"type": "Polygon", "coordinates": [[[121.5158623, 25.050120699999997], [121.5154821, 25.050213299999992], [121.5152827, 25.050261799999998], [121.51518619999999, 25.050285299999995], [121.5152062, 25.050351900000003], [121.5152389, 25.050470499999992], [121.5159037, 25.050286700000004], [121.5158623, 25.050120699999997]]]}}, {"type": "Feature", "properties": {"id": 121, "area_m2": 883.17, "basis": "OSM surface road enclosed block"}, "geometry": {"type": "Polygon", "coordinates": [[[121.51518619999999, 25.050285299999995], [121.5152827, 25.050261799999998], [121.5154821, 25.050213299999992], [121.51540900000002, 25.0499653], [121.51511330000001, 25.050033599999995], [121.5151659, 25.0502151], [121.51518619999999, 25.050285299999995]]]}}, {"type": "Feature", "properties": {"id": 122, "area_m2": 3790.4, "basis": "OSM surface road enclosed block"}, "geometry": {"type": "Polygon", "coordinates": [[[121.51518619999999, 25.050285299999995], [121.51510460000002, 25.050305499999997], [121.51468460000001, 25.050409299999995], [121.5144774, 25.050457199999997], [121.5146189, 25.050905799999995], [121.51531070000001, 25.0507422], [121.5152389, 25.050470499999992], [121.5152062, 25.050351900000003], [121.51518619999999, 25.050285299999995]]]}}, {"type": "Feature", "properties": {"id": 123, "area_m2": 4285.36, "basis": "OSM surface road enclosed block"}, "geometry": {"type": "Polygon", "coordinates": [[[121.51468460000001, 25.050409299999995], [121.51510460000002, 25.050305499999997], [121.51518619999999, 25.050285299999995], [121.5151659, 25.0502151], [121.51511330000001, 25.050033599999995], [121.51506230000001, 25.049837200000002], [121.51502869999999, 25.049709399999998], [121.5149647, 25.049501499999998], [121.51458370000002, 25.049569699999996], [121.5146463, 25.049873099999996], [121.51457440000001, 25.0498985], [121.51468460000001, 25.050409299999995]]]}}, {"type": "Feature", "properties": {"id": 124, "area_m2": 1404.84, "basis": "OSM surface road enclosed block"}, "geometry": {"type": "Polygon", "coordinates": [[[121.5144774, 25.050457199999997], [121.51468460000001, 25.050409299999995], [121.51457440000001, 25.0498985], [121.5143135, 25.049955099999995], [121.5144774, 25.050457199999997]]]}}, {"type": "Feature", "properties": {"id": 125, "area_m2": 6390.21, "basis": "OSM surface road enclosed block"}, "geometry": {"type": "Polygon", "coordinates": [[[121.5225736, 25.048616599999995], [121.52363670000001, 25.0483642], [121.52354849999999, 25.04804559999999], [121.523522, 25.0479538], [121.5226401, 25.048009], [121.5225783, 25.048012299999996], [121.52252950000002, 25.048014900000002], [121.5224061, 25.0480186], [121.52242279999999, 25.048100500000004], [121.5224319, 25.048136699999997], [121.5225736, 25.048616599999995]]]}}, {"type": "Feature", "properties": {"id": 126, "area_m2": 5731.24, "basis": "OSM surface road enclosed block"}, "geometry": {"type": "Polygon", "coordinates": [[[121.52363670000001, 25.0483642], [121.5225736, 25.048616599999995], [121.52270720000001, 25.049067799999996], [121.52375840000002, 25.048823100000003], [121.52363670000001, 25.0483642]]]}}, {"type": "Feature", "properties": {"id": 127, "area_m2": 10439.18, "basis": "OSM surface road enclosed block"}, "geometry": {"type": "Polygon", "coordinates": [[[121.5230534, 25.0502488], [121.52318690000001, 25.0507222], [121.523199, 25.050758899999995], [121.52323310000001, 25.05074859999999], [121.5237058, 25.050635600000003], [121.52377250000002, 25.050619300000005], [121.52381870000002, 25.050607999999997], [121.5248132, 25.050365000000003], [121.52487720000002, 25.0503492], [121.5248633, 25.050297800000003], [121.52473330000001, 25.049818899999998], [121.52468190000002, 25.049832100000003], [121.52449620000002, 25.0498802], [121.5233737, 25.050167], [121.52308380000001, 25.0502411], [121.5230534, 25.0502488]]]}}, {"type": "Feature", "properties": {"id": 128, "area_m2": 2675.46, "basis": "OSM surface road enclosed block"}, "geometry": {"type": "Polygon", "coordinates": [[[121.5230534, 25.0502488], [121.52297579999998, 25.0499764], [121.52287910000001, 25.049636499999995], [121.5228469, 25.0495395], [121.5228007, 25.049554099999998], [121.5225303, 25.049615599999996], [121.5225516, 25.049693199999993], [121.5226305, 25.0499563], [121.5227364, 25.050316899999995], [121.5230534, 25.0502488]]]}}, {"type": "Feature", "properties": {"id": 129, "area_m2": 13892.0, "basis": "OSM surface road enclosed block"}, "geometry": {"type": "Polygon", "coordinates": [[[121.5228469, 25.0495395], [121.52287910000001, 25.049636499999995], [121.52297579999998, 25.0499764], [121.5230534, 25.0502488], [121.52308380000001, 25.0502411], [121.5233737, 25.050167], [121.52449620000002, 25.0498802], [121.52468190000002, 25.049832100000003], [121.52473330000001, 25.049818899999998], [121.52472240000002, 25.049780099999996], [121.5245817, 25.0492719], [121.5245753, 25.049146599999993], [121.524434, 25.049178899999994], [121.522912, 25.049525300000003], [121.5228469, 25.0495395]]]}}, {"type": "Feature", "properties": {"id": 130, "area_m2": 6311.48, "basis": "OSM surface road enclosed block"}, "geometry": {"type": "Polygon", "coordinates": [[[121.5228469, 25.0495395], [121.5228225, 25.0494725], [121.52270720000001, 25.049067799999996], [121.5218018, 25.049292600000005], [121.5215927, 25.049374899999993], [121.5215379, 25.0493964], [121.5216798, 25.049670499999998], [121.5216858, 25.049684999999997], [121.5216884, 25.04969], [121.52173640000001, 25.0497999], [121.52183840000001, 25.049775399999994], [121.522164, 25.049700200000007], [121.5225303, 25.049615599999996], [121.5228007, 25.049554099999998], [121.5228469, 25.0495395]]]}}, {"type": "Feature", "properties": {"id": 131, "area_m2": 9807.38, "basis": "OSM surface road enclosed block"}, "geometry": {"type": "Polygon", "coordinates": [[[121.52270720000001, 25.049067799999996], [121.5228225, 25.0494725], [121.5228469, 25.0495395], [121.522912, 25.049525300000003], [121.524434, 25.049178899999994], [121.5245753, 25.049146599999993], [121.524551, 25.049059299999996], [121.5244446, 25.048676899999997], [121.5243041, 25.048706800000005], [121.52375840000002, 25.048823100000003], [121.52270720000001, 25.049067799999996]]]}}, {"type": "Feature", "properties": {"id": 132, "area_m2": 7086.82, "basis": "OSM surface road enclosed block"}, "geometry": {"type": "Polygon", "coordinates": [[[121.52270720000001, 25.049067799999996], [121.5225736, 25.048616599999995], [121.5221562, 25.0487072], [121.52167579999998, 25.048793899999996], [121.5214893, 25.0488321], [121.5213497, 25.048887199999996], [121.5212921, 25.0489099], [121.5215379, 25.0493964], [121.5215927, 25.049374899999993], [121.5218018, 25.049292600000005], [121.52270720000001, 25.049067799999996]]]}}, {"type": "Feature", "properties": {"id": 133, "area_m2": 4366.16, "basis": "OSM surface road enclosed block"}, "geometry": {"type": "Polygon", "coordinates": [[[121.52167579999998, 25.048793899999996], [121.52151360000002, 25.048074499999995], [121.5213887, 25.048086699999992], [121.52134000000001, 25.048091499999998], [121.521081, 25.0481218], [121.5210485, 25.048127499999996], [121.52099280000002, 25.048137199999996], [121.5209092, 25.048151799999996], [121.52093439999999, 25.048200699999995], [121.5209424, 25.0482161], [121.52097370000001, 25.048279499999996], [121.5212921, 25.0489099], [121.5213497, 25.048887199999996], [121.5214893, 25.0488321], [121.52167579999998, 25.048793899999996]]]}}, {"type": "Feature", "properties": {"id": 134, "area_m2": 6823.91, "basis": "OSM surface road enclosed block"}, "geometry": {"type": "Polygon", "coordinates": [[[121.52151360000002, 25.048074499999995], [121.52167579999998, 25.048793899999996], [121.5221562, 25.0487072], [121.5225736, 25.048616599999995], [121.5224319, 25.048136699999997], [121.52242279999999, 25.048100500000004], [121.5224061, 25.0480186], [121.5223092, 25.048024100000003], [121.5221082, 25.048036800000002], [121.52151360000002, 25.048074499999995]]]}}, {"type": "Feature", "properties": {"id": 135, "area_m2": 3371.46, "basis": "OSM surface road enclosed block"}, "geometry": {"type": "Polygon", "coordinates": [[[121.52433729999998, 25.0482914], [121.52446380000002, 25.0482534], [121.5252047, 25.048059999999996], [121.52509159999998, 25.047774900000004], [121.52489709999999, 25.047810899999995], [121.5247179, 25.047842], [121.5244304, 25.0478839], [121.5243944, 25.0478891], [121.5242318, 25.047912399999998], [121.52424369999999, 25.047955], [121.5242555, 25.04799749999999], [121.52433729999998, 25.0482914]]]}}, {"type": "Feature", "properties": {"id": 136, "area_m2": 4202.19, "basis": "OSM surface road enclosed block"}, "geometry": {"type": "Polygon", "coordinates": [[[121.5252047, 25.048059999999996], [121.52446380000002, 25.0482534], [121.52433729999998, 25.0482914], [121.5244446, 25.048676899999997], [121.5245756, 25.0486446], [121.5253457, 25.0484551], [121.5252291, 25.0481156], [121.5252047, 25.048059999999996]]]}}, {"type": "Feature", "properties": {"id": 137, "area_m2": 3910.67, "basis": "OSM surface road enclosed block"}, "geometry": {"type": "Polygon", "coordinates": [[[121.5252291, 25.0481156], [121.5253457, 25.0484551], [121.52623220000001, 25.048270699999996], [121.5261187, 25.047877000000003], [121.5252291, 25.0481156]]]}}, {"type": "Feature", "properties": {"id": 138, "area_m2": 3615.08, "basis": "OSM surface road enclosed block"}, "geometry": {"type": "Polygon", "coordinates": [[[121.5252047, 25.048059999999996], [121.5252291, 25.0481156], [121.5261187, 25.047877000000003], [121.52604199999999, 25.0476017], [121.52602829999998, 25.047552599999996], [121.5257042, 25.047642099999997], [121.5253542, 25.047720999999996], [121.52509159999998, 25.047774900000004], [121.5252047, 25.048059999999996]]]}}, {"type": "Feature", "properties": {"id": 139, "area_m2": 6600.57, "basis": "OSM surface road enclosed block"}, "geometry": {"type": "Polygon", "coordinates": [[[121.52375840000002, 25.048823100000003], [121.5243041, 25.048706800000005], [121.5244446, 25.048676899999997], [121.52433729999998, 25.0482914], [121.5242555, 25.04799749999999], [121.52424369999999, 25.047955], [121.5242318, 25.047912399999998], [121.52409390000001, 25.047915999999994], [121.52377370000002, 25.047939800000005], [121.523522, 25.0479538], [121.52354849999999, 25.04804559999999], [121.52363670000001, 25.0483642], [121.52375840000002, 25.048823100000003]]]}}, {"type": "Feature", "properties": {"id": 140, "area_m2": 2285.63, "basis": "OSM surface road enclosed block"}, "geometry": {"type": "Polygon", "coordinates": [[[121.5196578, 25.045761100000004], [121.5195271, 25.0457875], [121.5195751, 25.0458909], [121.5196516, 25.046069599999996], [121.5197656, 25.046301699999997], [121.51995200000002, 25.046697299999998], [121.52002310000002, 25.046849700000003], [121.52010510000001, 25.047025199999993], [121.5201595, 25.047142300000004], [121.5203305, 25.047191100000003], [121.52021120000002, 25.046937699999997], [121.5196886, 25.0458267], [121.5196578, 25.045761100000004]]]}}, {"type": "Feature", "properties": {"id": 141, "area_m2": 67188.22, "basis": "OSM surface road enclosed block"}, "geometry": {"type": "Polygon", "coordinates": [[[121.51526939999998, 25.047508499999992], [121.5158944, 25.047399], [121.51612880000002, 25.0473608], [121.5161498, 25.047447899999998], [121.5163736, 25.048375799999995], [121.51642500000001, 25.0485775], [121.51646070000001, 25.048667799999997], [121.5176931, 25.048465299999997], [121.5178241, 25.048444900000003], [121.518054, 25.0484091], [121.5180689, 25.048406800000006], [121.5186117, 25.0483347], [121.5189013, 25.048293499999996], [121.5189919, 25.0482806], [121.5191074, 25.048264199999995], [121.5197287, 25.0481671], [121.5203006, 25.048077699999997], [121.52047389999998, 25.048045099999992], [121.5205103, 25.0480382], [121.52057220000002, 25.048026599999993], [121.5205277, 25.0479318], [121.5204947, 25.047861599999997], [121.52029200000001, 25.047430000000002], [121.5202808, 25.0474062], [121.5202103, 25.047255500000002], [121.52014389999998, 25.0472911], [121.5200684, 25.047331599999996], [121.5192574, 25.047469], [121.5191971, 25.047548699999997], [121.51923289999999, 25.0477218], [121.5192255, 25.0477733], [121.519189, 25.0478217], [121.5191371, 25.0478486], [121.5186253, 25.047933999999994], [121.51859519999998, 25.0479404], [121.5185386, 25.047939500000002], [121.51848589999999, 25.047925199999998], [121.51844569999999, 25.047894799999995], [121.5184116, 25.0478566], [121.51796749999998, 25.0471205], [121.5178675, 25.046917599999997], [121.5175697, 25.0463938], [121.5175635, 25.0463326], [121.5175562, 25.046261], [121.5152107, 25.0468419], [121.51502090000001, 25.0468889], [121.51501760000001, 25.0470014], [121.5150024, 25.047135999999995], [121.5150684, 25.047426399999992], [121.51512050000001, 25.047501999999994], [121.51514780000001, 25.047512899999994], [121.5152151, 25.0475141], [121.51526939999998, 25.047508499999992]]]}}, {"type": "Feature", "properties": {"id": 142, "area_m2": 12138.59, "basis": "OSM surface road enclosed block"}, "geometry": {"type": "Polygon", "coordinates": [[[121.5158944, 25.047399], [121.51526939999998, 25.047508499999992], [121.5152466, 25.0475152], [121.5151944, 25.047545499999995], [121.51516859999998, 25.0475714], [121.51516369999999, 25.0476048], [121.51520549999998, 25.047753899999996], [121.5152731, 25.0480097], [121.51532609999998, 25.048286900000004], [121.5153579, 25.0484446], [121.51539199999999, 25.0484898], [121.51543910000001, 25.048523299999992], [121.51554629999998, 25.048542500000003], [121.5156187, 25.048586499999995], [121.5159127, 25.0485059], [121.5160318, 25.048506999999997], [121.5161828, 25.048509600000006], [121.5163736, 25.048375799999995], [121.5161498, 25.047447899999998], [121.51612880000002, 25.0473608], [121.5158944, 25.047399]]]}}, {"type": "Feature", "properties": {"id": 143, "area_m2": 11468.65, "basis": "OSM surface road enclosed block"}, "geometry": {"type": "Polygon", "coordinates": [[[121.51729119999999, 25.0455084], [121.5171629, 25.045511300000005], [121.5169388, 25.0455116], [121.5168452, 25.0455133], [121.5167332, 25.0455132], [121.51645800000001, 25.045512999999996], [121.5161186, 25.045512699999993], [121.51611689999999, 25.045586], [121.5161302, 25.0463476], [121.5161248, 25.0464857], [121.51746820000001, 25.0461482], [121.5174335, 25.0460228], [121.51734280000001, 25.045695099999996], [121.51729119999999, 25.0455084]]]}}, {"type": "Feature", "properties": {"id": 144, "area_m2": 13642.1, "basis": "OSM surface road enclosed block"}, "geometry": {"type": "Polygon", "coordinates": [[[121.5161186, 25.045512699999993], [121.51544480000001, 25.0455136], [121.5151066, 25.045513999999997], [121.515027, 25.0455141], [121.5150238, 25.045978000000005], [121.51502269999999, 25.046053899999997], [121.51502170000002, 25.046648399999995], [121.5150171, 25.0467587], [121.5151795, 25.046720600000004], [121.5156358, 25.0466072], [121.5161248, 25.0464857], [121.5161302, 25.0463476], [121.51611689999999, 25.045586], [121.5161186, 25.045512699999993]]]}}, {"type": "Feature", "properties": {"id": 145, "area_m2": 2750.13, "basis": "OSM surface road enclosed block"}, "geometry": {"type": "Polygon", "coordinates": [[[121.51927549999999, 25.0471837], [121.5192066, 25.047194499999996], [121.51915699999999, 25.047224200000002], [121.5191478, 25.047264199999997], [121.51918010000001, 25.0474211], [121.5192574, 25.047469], [121.5200684, 25.047331599999996], [121.52014389999998, 25.0472911], [121.5202103, 25.047255500000002], [121.5201961, 25.047223800000005], [121.5201595, 25.047142300000004], [121.5200707, 25.047117], [121.5199906, 25.047094100000002], [121.51931540000001, 25.047208499999996], [121.51927549999999, 25.0471837]]]}}, {"type": "Feature", "properties": {"id": 146, "area_m2": 759.85, "basis": "OSM surface road enclosed block"}, "geometry": {"type": "Polygon", "coordinates": [[[121.5224061, 25.0480186], [121.52237920000002, 25.047821200000005], [121.5222732, 25.0478294], [121.5221593, 25.0478371], [121.52211019999999, 25.04784], [121.5219866, 25.047922700000004], [121.5221082, 25.048036800000002], [121.5223092, 25.048024100000003], [121.5224061, 25.0480186]]]}}, {"type": "Feature", "properties": {"id": 147, "area_m2": 659.66, "basis": "OSM surface road enclosed block"}, "geometry": {"type": "Polygon", "coordinates": [[[121.52237920000002, 25.047821200000005], [121.5224061, 25.0480186], [121.52252950000002, 25.048014900000002], [121.5225783, 25.048012299999996], [121.5226401, 25.048009], [121.5227467, 25.0478866], [121.5226093, 25.047809499999993], [121.52251160000002, 25.0478146], [121.52237920000002, 25.047821200000005]]]}}, {"type": "Feature", "properties": {"id": 148, "area_m2": 17488.88, "basis": "OSM surface road enclosed block"}, "geometry": {"type": "Polygon", "coordinates": [[[121.52237920000002, 25.047821200000005], [121.52235890000001, 25.0477324], [121.52234500000002, 25.0476831], [121.522297, 25.047513399999996], [121.5222379, 25.047304499999996], [121.5222336, 25.0472893], [121.52208710000001, 25.0467707], [121.52201110000001, 25.046789099999994], [121.52165209999998, 25.046875999999997], [121.5212375, 25.0469763], [121.5210666, 25.0470117], [121.5205724, 25.047132099999995], [121.5205298, 25.047142499999996], [121.52043640000001, 25.047165299999996], [121.5205135, 25.0473248], [121.5206918, 25.0477116], [121.5207332, 25.047801499999995], [121.52076190000001, 25.0478682], [121.5208196, 25.0479795], [121.5209198, 25.0479615], [121.52102590000001, 25.047940399999995], [121.52117890000001, 25.047916600000004], [121.5213221, 25.0479007], [121.52153890000001, 25.04787719999999], [121.5218418, 25.0478546], [121.52211019999999, 25.04784], [121.5221593, 25.0478371], [121.5222732, 25.0478294], [121.52237920000002, 25.047821200000005]]]}}, {"type": "Feature", "properties": {"id": 149, "area_m2": 13634.84, "basis": "OSM surface road enclosed block"}, "geometry": {"type": "Polygon", "coordinates": [[[121.52686, 25.0440126], [121.5267522, 25.04404209999999], [121.5260416, 25.044213200000005], [121.52606470000002, 25.044298099999992], [121.52607080000001, 25.0443206], [121.5262738, 25.0450666], [121.5264291, 25.045030900000004], [121.52660850000001, 25.045673399999995], [121.52721659999999, 25.045528099999995], [121.5272909, 25.0455104], [121.5272685, 25.0454259], [121.52718860000002, 25.045149799999997], [121.5271616, 25.0450565], [121.52689280000001, 25.044126099999996], [121.52686, 25.0440126]]]}}, {"type": "Feature", "properties": {"id": 150, "area_m2": 3341.34, "basis": "OSM surface road enclosed block"}, "geometry": {"type": "Polygon", "coordinates": [[[121.51568729999998, 25.0490369], [121.5152854, 25.0491134], [121.51536400000002, 25.049410899999998], [121.5149647, 25.049501499999998], [121.51502869999999, 25.049709399999998], [121.5158251, 25.0495224], [121.51568729999998, 25.0490369]]]}}, {"type": "Feature", "properties": {"id": 151, "area_m2": 1441.38, "basis": "OSM surface road enclosed block"}, "geometry": {"type": "Polygon", "coordinates": [[[121.5152854, 25.0491134], [121.51524859999999, 25.049121200000002], [121.5148728, 25.049201099999994], [121.5149647, 25.049501499999998], [121.51536400000002, 25.049410899999998], [121.5152854, 25.0491134]]]}}, {"type": "Feature", "properties": {"id": 152, "area_m2": 1321.79, "basis": "OSM surface road enclosed block"}, "geometry": {"type": "Polygon", "coordinates": [[[121.5148728, 25.049201099999994], [121.5144936, 25.049283999999997], [121.51458370000002, 25.049569699999996], [121.5149647, 25.049501499999998], [121.5148728, 25.049201099999994]]]}}, {"type": "Feature", "properties": {"id": 153, "area_m2": 3240.22, "basis": "OSM surface road enclosed block"}, "geometry": {"type": "Polygon", "coordinates": [[[121.5178241, 25.048444900000003], [121.5176931, 25.048465299999997], [121.51646070000001, 25.048667799999997], [121.51654979999999, 25.0488523], [121.51737540000002, 25.048722699999995], [121.51806610000001, 25.0486167], [121.518121, 25.0486083], [121.517757, 25.0485685], [121.5180689, 25.048406800000006], [121.518054, 25.0484091], [121.5178241, 25.048444900000003]]]}}, {"type": "Feature", "properties": {"id": 154, "area_m2": 286.16, "basis": "OSM surface road enclosed block"}, "geometry": {"type": "Polygon", "coordinates": [[[121.51654979999999, 25.0488523], [121.51646070000001, 25.048667799999997], [121.5163613, 25.048683600000004], [121.5163898, 25.048876], [121.51654979999999, 25.0488523]]]}}, {"type": "Feature", "properties": {"id": 155, "area_m2": 5909.4, "basis": "OSM surface road enclosed block"}, "geometry": {"type": "Polygon", "coordinates": [[[121.5195271, 25.0457875], [121.5192634, 25.045846900000004], [121.5187773, 25.045971799999997], [121.51879790000001, 25.04603939999999], [121.51890470000001, 25.046388900000007], [121.5189135, 25.0465138], [121.5189334, 25.046695700000008], [121.51925939999998, 25.0466716], [121.5192586, 25.046549199999998], [121.5192496, 25.046438399999996], [121.5197137, 25.046317399999996], [121.5197656, 25.046301699999997], [121.5196516, 25.046069599999996], [121.5195751, 25.0458909], [121.5195271, 25.0457875]]]}}, {"type": "Feature", "properties": {"id": 156, "area_m2": 9876.46, "basis": "OSM surface road enclosed block"}, "geometry": {"type": "Polygon", "coordinates": [[[121.5187773, 25.045971799999997], [121.51848740000001, 25.046040499999997], [121.5175562, 25.046261], [121.5176282, 25.0463149], [121.5176706, 25.046346700000008], [121.5179684, 25.0468705], [121.51805560000001, 25.04702380000001], [121.5181158, 25.0469343], [121.5189037, 25.046800899999997], [121.51893850000002, 25.0467764], [121.5189334, 25.046695700000008], [121.5189135, 25.0465138], [121.51890470000001, 25.046388900000007], [121.51879790000001, 25.04603939999999], [121.5187773, 25.045971799999997]]]}}, {"type": "Feature", "properties": {"id": 157, "area_m2": 925.12, "basis": "OSM surface road enclosed block"}, "geometry": {"type": "Polygon", "coordinates": [[[121.5213221, 25.0479007], [121.52117890000001, 25.047916600000004], [121.52102590000001, 25.047940399999995], [121.5209198, 25.0479615], [121.5208196, 25.0479795], [121.5209092, 25.048151799999996], [121.52099280000002, 25.048137199999996], [121.5210485, 25.048127499999996], [121.521081, 25.0481218], [121.52134000000001, 25.048091499999998], [121.52130420000002, 25.048068999999998], [121.5212841, 25.0480132], [121.52128540000001, 25.047952399999996], [121.5213221, 25.0479007]]]}}, {"type": "Feature", "properties": {"id": 158, "area_m2": 1647.34, "basis": "OSM surface road enclosed block"}, "geometry": {"type": "Polygon", "coordinates": [[[121.52211019999999, 25.04784], [121.5218418, 25.0478546], [121.52153890000001, 25.04787719999999], [121.5213221, 25.0479007], [121.52128540000001, 25.047952399999996], [121.5212841, 25.0480132], [121.52130420000002, 25.048068999999998], [121.52134000000001, 25.048091499999998], [121.5213887, 25.048086699999992], [121.52151360000002, 25.048074499999995], [121.5221082, 25.048036800000002], [121.5219866, 25.047922700000004], [121.52211019999999, 25.04784]]]}}, {"type": "Feature", "properties": {"id": 159, "area_m2": 2402.81, "basis": "OSM surface road enclosed block"}, "geometry": {"type": "Polygon", "coordinates": [[[121.5237529, 25.0477499], [121.5233989, 25.047768499999997], [121.5226093, 25.047809499999993], [121.5227467, 25.0478866], [121.5226401, 25.048009], [121.523522, 25.0479538], [121.52377370000002, 25.047939800000005], [121.52379479999999, 25.0478996], [121.52380319999999, 25.047840299999997], [121.52378910000002, 25.047786299999995], [121.5237529, 25.0477499]]]}}, {"type": "Feature", "properties": {"id": 160, "area_m2": 878.69, "basis": "OSM surface road enclosed block"}, "geometry": {"type": "Polygon", "coordinates": [[[121.5241783, 25.04772000000001], [121.5240418, 25.0477338], [121.5240079, 25.0477351], [121.5237529, 25.0477499], [121.52378910000002, 25.047786299999995], [121.52380319999999, 25.047840299999997], [121.52379479999999, 25.0478996], [121.52377370000002, 25.047939800000005], [121.52409390000001, 25.047915999999994], [121.5242318, 25.047912399999998], [121.5241783, 25.04772000000001]]]}}, {"type": "Feature", "properties": {"id": 161, "area_m2": 238.23, "basis": "OSM surface road enclosed block"}, "geometry": {"type": "Polygon", "coordinates": [[[121.5209092, 25.048151799999996], [121.5208196, 25.0479795], [121.52071050000002, 25.0479991], [121.52077830000002, 25.04814319999999], [121.5207935, 25.048173199999997], [121.5209092, 25.048151799999996]]]}}, {"type": "Feature", "properties": {"id": 162, "area_m2": 31000.93, "basis": "OSM surface road enclosed block"}, "geometry": {"type": "Polygon", "coordinates": [[[121.5216799, 25.045393100000002], [121.5216503, 25.0452937], [121.5215783, 25.0453094], [121.52151589999998, 25.0453238], [121.52133240000002, 25.045369099999995], [121.520623, 25.045544400000004], [121.52009400000001, 25.045672700000004], [121.51999580000002, 25.045694099999995], [121.51990580000002, 25.045711600000004], [121.5197858, 25.045735899999993], [121.52029760000002, 25.046860699999996], [121.520342, 25.0469582], [121.52035230000001, 25.046980799999993], [121.52043640000001, 25.047165299999996], [121.5205298, 25.047142499999996], [121.5205724, 25.047132099999995], [121.5210666, 25.0470117], [121.5212375, 25.0469763], [121.52165209999998, 25.046875999999997], [121.52201110000001, 25.046789099999994], [121.52208710000001, 25.0467707], [121.5219858, 25.046427899999994], [121.5219162, 25.046192499999997], [121.52168749999998, 25.045418800000004], [121.5216799, 25.045393100000002]]]}}, {"type": "Feature", "properties": {"id": 163, "area_m2": 1065.5, "basis": "OSM surface road enclosed block"}, "geometry": {"type": "Polygon", "coordinates": [[[121.52043640000001, 25.047165299999996], [121.5203305, 25.047191100000003], [121.52040000000001, 25.047338999999997], [121.52062360000001, 25.0478143], [121.5206618, 25.047895400000005], [121.52071050000002, 25.0479991], [121.5208196, 25.0479795], [121.52076190000001, 25.0478682], [121.5207332, 25.047801499999995], [121.5206918, 25.0477116], [121.5205135, 25.0473248], [121.52043640000001, 25.047165299999996]]]}}, {"type": "Feature", "properties": {"id": 164, "area_m2": 2057.19, "basis": "OSM surface road enclosed block"}, "geometry": {"type": "Polygon", "coordinates": [[[121.5203305, 25.047191100000003], [121.52043640000001, 25.047165299999996], [121.52035230000001, 25.046980799999993], [121.520342, 25.0469582], [121.52029760000002, 25.046860699999996], [121.5197858, 25.045735899999993], [121.5196578, 25.045761100000004], [121.5196886, 25.0458267], [121.52021120000002, 25.046937699999997], [121.5203305, 25.047191100000003]]]}}, {"type": "Feature", "properties": {"id": 165, "area_m2": 10141.89, "basis": "OSM surface road enclosed block"}, "geometry": {"type": "Polygon", "coordinates": [[[121.5245753, 25.049146599999993], [121.52470470000002, 25.049116600000005], [121.52507509999998, 25.049030800000004], [121.5254923, 25.0489342], [121.5259033, 25.0488431], [121.52594890000002, 25.048832999999995], [121.52596639999999, 25.048829099999995], [121.52630420000001, 25.048754199999998], [121.5263719, 25.048739499999996], [121.52633720000001, 25.048615699999996], [121.52623220000001, 25.048270699999996], [121.5253457, 25.0484551], [121.5245756, 25.0486446], [121.5244446, 25.048676899999997], [121.524551, 25.049059299999996], [121.5245753, 25.049146599999993]]]}}, {"type": "Feature", "properties": {"id": 166, "area_m2": 7438.39, "basis": "OSM surface road enclosed block"}, "geometry": {"type": "Polygon", "coordinates": [[[121.5254923, 25.0489342], [121.52507509999998, 25.049030800000004], [121.52470470000002, 25.049116600000005], [121.5245753, 25.049146599999993], [121.5246473, 25.0492561], [121.5247917, 25.0497617], [121.5248142, 25.049844699999998], [121.5248613, 25.049834], [121.52526220000001, 25.049742999999996], [121.5256956, 25.04963579999999], [121.5255185, 25.0490245], [121.5254923, 25.0489342]]]}}, {"type": "Feature", "properties": {"id": 167, "area_m2": 7222.04, "basis": "OSM surface road enclosed block"}, "geometry": {"type": "Polygon", "coordinates": [[[121.52594890000002, 25.048832999999995], [121.5259033, 25.0488431], [121.5254923, 25.0489342], [121.5255185, 25.0490245], [121.5256956, 25.04963579999999], [121.5261294, 25.0495266], [121.52656970000001, 25.049415699999997], [121.5264029, 25.0488415], [121.5263719, 25.048739499999996], [121.52630420000001, 25.048754199999998], [121.52596639999999, 25.048829099999995], [121.52594890000002, 25.048832999999995]]]}}, {"type": "Feature", "properties": {"id": 168, "area_m2": 9858.11, "basis": "OSM surface road enclosed block"}, "geometry": {"type": "Polygon", "coordinates": [[[121.5263719, 25.048739499999996], [121.5264289, 25.04872629999999], [121.52744900000002, 25.048492499999995], [121.5280502, 25.0483528], [121.5281304, 25.048334199999996], [121.52809770000002, 25.048227899999997], [121.5279862, 25.047864700000005], [121.52623220000001, 25.048270699999996], [121.52633720000001, 25.048615699999996], [121.5263719, 25.048739499999996]]]}}, {"type": "Feature", "properties": {"id": 169, "area_m2": 8754.72, "basis": "OSM surface road enclosed block"}, "geometry": {"type": "Polygon", "coordinates": [[[121.52744900000002, 25.048492499999995], [121.5264289, 25.04872629999999], [121.5263719, 25.048739499999996], [121.5264029, 25.0488415], [121.52656970000001, 25.049415699999997], [121.52756379999998, 25.049193300000002], [121.527659, 25.0491712], [121.5275353, 25.048778], [121.5274697, 25.0485611], [121.52744900000002, 25.048492499999995]]]}}, {"type": "Feature", "properties": {"id": 170, "area_m2": 2339.39, "basis": "OSM surface road enclosed block"}, "geometry": {"type": "Polygon", "coordinates": [[[121.5281304, 25.048334199999996], [121.5280502, 25.0483528], [121.52744900000002, 25.048492499999995], [121.5274697, 25.0485611], [121.5275353, 25.048778], [121.5281649, 25.048633599999995], [121.5282203, 25.0486242], [121.5281586, 25.0484253], [121.5281304, 25.048334199999996]]]}}, {"type": "Feature", "properties": {"id": 171, "area_m2": 4392.57, "basis": "OSM surface road enclosed block"}, "geometry": {"type": "Polygon", "coordinates": [[[121.5281304, 25.048334199999996], [121.5282027, 25.0483174], [121.52824240000001, 25.048308199999997], [121.52906620000002, 25.048116799999992], [121.528986, 25.0480372], [121.52886250000002, 25.0479233], [121.5287261, 25.047806399999995], [121.5286548, 25.0477563], [121.5285986, 25.047734800000004], [121.5284373, 25.0477677], [121.5279862, 25.047864700000005], [121.52809770000002, 25.048227899999997], [121.5281304, 25.048334199999996]]]}}, {"type": "Feature", "properties": {"id": 172, "area_m2": 5624.17, "basis": "OSM surface road enclosed block"}, "geometry": {"type": "Polygon", "coordinates": [[[121.52906620000002, 25.048116799999992], [121.52824240000001, 25.048308199999997], [121.5282027, 25.0483174], [121.5281304, 25.048334199999996], [121.5281586, 25.0484253], [121.5282203, 25.0486242], [121.52822340000002, 25.048630899999996], [121.5283779, 25.048706400000004], [121.52876, 25.0489344], [121.52916710000001, 25.0484017], [121.5291708, 25.0483935], [121.5291722, 25.048380000000005], [121.52913139999998, 25.0481886], [121.52906620000002, 25.048116799999992]]]}}, {"type": "Feature", "properties": {"id": 173, "area_m2": 8159.97, "basis": "OSM surface road enclosed block"}, "geometry": {"type": "Polygon", "coordinates": [[[121.52906620000002, 25.048116799999992], [121.5291274, 25.0481026], [121.5291781, 25.0480952], [121.52923660000002, 25.048093199999997], [121.52929390000001, 25.0480965], [121.5293331, 25.048102], [121.5293734, 25.0481104], [121.52940820000002, 25.0481199], [121.52949040000001, 25.048169799999997], [121.5295948, 25.048045199999997], [121.52967919999999, 25.047925099999997], [121.5299455, 25.0476632], [121.5302816, 25.047342799999996], [121.53022729999999, 25.047290699999998], [121.5298983, 25.0469745], [121.52974789999999, 25.0471158], [121.52886250000002, 25.0479233], [121.528986, 25.0480372], [121.52906620000002, 25.048116799999992]]]}}, {"type": "Feature", "properties": {"id": 174, "area_m2": 3635.88, "basis": "OSM surface road enclosed block"}, "geometry": {"type": "Polygon", "coordinates": [[[121.52949040000001, 25.048169799999997], [121.52940820000002, 25.0481199], [121.5293734, 25.0481104], [121.5293331, 25.048102], [121.52929390000001, 25.0480965], [121.52923660000002, 25.048093199999997], [121.5291781, 25.0480952], [121.5291274, 25.0481026], [121.52906620000002, 25.048116799999992], [121.52913139999998, 25.0481886], [121.5291722, 25.048380000000005], [121.5291708, 25.0483935], [121.52916710000001, 25.0484017], [121.52876, 25.0489344], [121.5286788, 25.04904709999999], [121.5285281, 25.049256200000002], [121.52844280000001, 25.049421299999995], [121.5283967, 25.049508700000004], [121.5282545, 25.049820499999996], [121.52800690000001, 25.0503556], [121.5280883, 25.050387299999993], [121.52812110000002, 25.0503162], [121.5281635, 25.050217999999994], [121.52823640000001, 25.050057400000004], [121.52835819999999, 25.049816799999995], [121.52837799999999, 25.049778800000002], [121.5284691, 25.0496055], [121.52857860000002, 25.049415400000004], [121.5287153, 25.049198599999997], [121.52876110000001, 25.0491228], [121.5288701, 25.048991599999997], [121.5290101, 25.048788799999997], [121.5292481, 25.0484766], [121.52939920000001, 25.048286300000004], [121.52949040000001, 25.048169799999997]]]}}, {"type": "Feature", "properties": {"id": 175, "area_m2": 989.41, "basis": "OSM surface road enclosed block"}, "geometry": {"type": "Polygon", "coordinates": [[[121.5150684, 25.047426399999992], [121.51507960000002, 25.0475182], [121.51508350000002, 25.047567800000003], [121.51506329999998, 25.047599199999993], [121.5150108, 25.047628999999997], [121.5149311, 25.0476635], [121.51504039999999, 25.047669], [121.51508419999999, 25.0476783], [121.5151209, 25.047697699999997], [121.51514119999999, 25.0477194], [121.5152557, 25.048265599999997], [121.51532129999998, 25.0484709], [121.51536109999999, 25.048523299999996], [121.51541510000001, 25.048561099999997], [121.5154617, 25.0485858], [121.51551770000002, 25.048594699999995], [121.5156187, 25.048586499999995], [121.51554629999998, 25.048542500000003], [121.51543910000001, 25.048523299999992], [121.51539199999999, 25.0484898], [121.5153579, 25.0484446], [121.51532609999998, 25.048286900000004], [121.5152731, 25.0480097], [121.51520549999998, 25.047753899999996], [121.51516369999999, 25.0476048], [121.51516859999998, 25.0475714], [121.5151944, 25.047545499999995], [121.5152466, 25.0475152], [121.51526939999998, 25.047508499999992], [121.5152151, 25.0475141], [121.51514780000001, 25.047512899999994], [121.51512050000001, 25.047501999999994], [121.5150684, 25.047426399999992]]]}}, {"type": "Feature", "properties": {"id": 176, "area_m2": 2330.8, "basis": "OSM surface road enclosed block"}, "geometry": {"type": "Polygon", "coordinates": [[[121.5209092, 25.048151799999996], [121.5207935, 25.048173199999997], [121.5208359, 25.048257099999997], [121.52085630000002, 25.0482975], [121.52158000000001, 25.049728500000004], [121.5216305, 25.0498283], [121.52173640000001, 25.0497999], [121.5216884, 25.04969], [121.5216858, 25.049684999999997], [121.5216798, 25.049670499999998], [121.5215379, 25.0493964], [121.5212921, 25.0489099], [121.52097370000001, 25.048279499999996], [121.5209424, 25.0482161], [121.52093439999999, 25.048200699999995], [121.5209092, 25.048151799999996]]]}}, {"type": "Feature", "properties": {"id": 177, "area_m2": 12270.27, "basis": "OSM surface road enclosed block"}, "geometry": {"type": "Polygon", "coordinates": [[[121.5306685, 25.046149599999996], [121.5305835, 25.046174], [121.5303824, 25.046231599999995], [121.5297299, 25.0464142], [121.52954720000001, 25.0464655], [121.5294577, 25.0464949], [121.5294912, 25.046576100000003], [121.5295051, 25.046609899999996], [121.52936089999999, 25.04666639999999], [121.52892180000002, 25.046982800000002], [121.52879629999998, 25.047136499999997], [121.52860459999998, 25.047370599999997], [121.5284383, 25.0475769], [121.52840809999998, 25.047640799999996], [121.5284159, 25.047675899999998], [121.5284373, 25.0477677], [121.5285986, 25.047734800000004], [121.5286548, 25.0477563], [121.5287261, 25.047806399999995], [121.52976740000001, 25.046850999999993], [121.5298983, 25.0469745], [121.53014480000002, 25.046765900000004], [121.5303267, 25.0466328], [121.5304238, 25.0465618], [121.530718, 25.046344900000005], [121.5306685, 25.046149599999996]]]}}, {"type": "Feature", "properties": {"id": 178, "area_m2": 3298.28, "basis": "OSM surface road enclosed block"}, "geometry": {"type": "Polygon", "coordinates": [[[121.5294577, 25.0464949], [121.52954720000001, 25.0464655], [121.5297299, 25.0464142], [121.5303824, 25.046231599999995], [121.5305835, 25.046174], [121.5306685, 25.046149599999996], [121.5306452, 25.046076800000005], [121.5306115, 25.045978799999997], [121.5305194, 25.045999799999997], [121.53036080000001, 25.046036], [121.5302842, 25.046055700000004], [121.5296694, 25.046227899999998], [121.5292041, 25.046357899999993], [121.529156, 25.046405499999995], [121.5291957, 25.046538600000005], [121.5292782, 25.04654899999999], [121.5294577, 25.0464949]]]}}, {"type": "Feature", "properties": {"id": 179, "area_m2": 5090.71, "basis": "OSM surface road enclosed block"}, "geometry": {"type": "Polygon", "coordinates": [[[121.5294577, 25.0464949], [121.5292782, 25.04654899999999], [121.52909950000002, 25.04660279999999], [121.52848300000001, 25.0467947], [121.527811, 25.0470037], [121.5277459, 25.047023999999997], [121.52781480000002, 25.047261399999996], [121.52865190000001, 25.047025900000005], [121.52879629999998, 25.047136499999997], [121.52892180000002, 25.046982800000002], [121.52936089999999, 25.04666639999999], [121.5295051, 25.046609899999996], [121.5294912, 25.046576100000003], [121.5294577, 25.0464949]]]}}, {"type": "Feature", "properties": {"id": 180, "area_m2": 140.73, "basis": "OSM surface road enclosed block"}, "geometry": {"type": "Polygon", "coordinates": [[[121.52909950000002, 25.04660279999999], [121.5292782, 25.04654899999999], [121.5291957, 25.046538600000005], [121.529156, 25.046405499999995], [121.5292041, 25.046357899999993], [121.52903530000002, 25.0464078], [121.52913530000001, 25.04644], [121.52916460000002, 25.046540099999998], [121.52909950000002, 25.04660279999999]]]}}, {"type": "Feature", "properties": {"id": 181, "area_m2": 6380.71, "basis": "OSM surface road enclosed block"}, "geometry": {"type": "Polygon", "coordinates": [[[121.5277459, 25.047023999999997], [121.527811, 25.0470037], [121.52848300000001, 25.0467947], [121.52909950000002, 25.04660279999999], [121.52916460000002, 25.046540099999998], [121.52913530000001, 25.04644], [121.52903530000002, 25.0464078], [121.52787330000001, 25.046764500000002], [121.5277444, 25.0467998], [121.52718350000002, 25.046988999999993], [121.52647589999998, 25.0472131], [121.5264313, 25.0472494], [121.52647799999998, 25.047382999999996], [121.52654629999999, 25.047394600000004], [121.5277459, 25.047023999999997]]]}}, {"type": "Feature", "properties": {"id": 182, "area_m2": 7632.61, "basis": "OSM surface road enclosed block"}, "geometry": {"type": "Polygon", "coordinates": [[[121.5277459, 25.047023999999997], [121.52654629999999, 25.047394600000004], [121.5264027, 25.0474393], [121.52611309999999, 25.047526], [121.52602829999998, 25.047552599999996], [121.52604199999999, 25.0476017], [121.5261187, 25.047877000000003], [121.5272873, 25.0475826], [121.5278597, 25.0474203], [121.52781480000002, 25.047261399999996], [121.5277459, 25.047023999999997]]]}}, {"type": "Feature", "properties": {"id": 183, "area_m2": 82.04, "basis": "OSM surface road enclosed block"}, "geometry": {"type": "Polygon", "coordinates": [[[121.5264027, 25.0474393], [121.52654629999999, 25.047394600000004], [121.52647799999998, 25.047382999999996], [121.5264313, 25.0472494], [121.52647589999998, 25.0472131], [121.52634070000002, 25.047252700000005], [121.5264097, 25.0472534], [121.5264592, 25.0473886], [121.5264027, 25.0474393]]]}}, {"type": "Feature", "properties": {"id": 184, "area_m2": 5044.73, "basis": "OSM surface road enclosed block"}, "geometry": {"type": "Polygon", "coordinates": [[[121.52602829999998, 25.047552599999996], [121.52611309999999, 25.047526], [121.5264027, 25.0474393], [121.5264592, 25.0473886], [121.5264097, 25.0472534], [121.52634070000002, 25.047252700000005], [121.5260589, 25.047337099999996], [121.525923, 25.047374599999998], [121.52569519999999, 25.047433199999997], [121.5254997, 25.0474823], [121.52518810000001, 25.047555200000005], [121.52487339999999, 25.047616], [121.5243915, 25.047693700000004], [121.5243524, 25.0476989], [121.5241783, 25.04772000000001], [121.5242318, 25.047912399999998], [121.5243944, 25.0478891], [121.5244304, 25.0478839], [121.5247179, 25.047842], [121.52489709999999, 25.047810899999995], [121.52509159999998, 25.047774900000004], [121.5253542, 25.047720999999996], [121.5257042, 25.047642099999997], [121.52602829999998, 25.047552599999996]]]}}, {"type": "Feature", "properties": {"id": 185, "area_m2": 8646.21, "basis": "OSM surface road enclosed block"}, "geometry": {"type": "Polygon", "coordinates": [[[121.52623220000001, 25.048270699999996], [121.5279862, 25.047864700000005], [121.5278795, 25.047488200000004], [121.5278597, 25.0474203], [121.5272873, 25.0475826], [121.5261187, 25.047877000000003], [121.52623220000001, 25.048270699999996]]]}}, {"type": "Feature", "properties": {"id": 186, "area_m2": 1089.26, "basis": "OSM surface road enclosed block"}, "geometry": {"type": "Polygon", "coordinates": [[[121.5175562, 25.046261], [121.5175635, 25.0463326], [121.5175697, 25.0463938], [121.5178675, 25.046917599999997], [121.51796749999998, 25.0471205], [121.51805560000001, 25.04702380000001], [121.5179684, 25.0468705], [121.5176706, 25.046346700000008], [121.5176282, 25.0463149], [121.5175562, 25.046261]]]}}, {"type": "Feature", "properties": {"id": 187, "area_m2": 94.31, "basis": "OSM surface road enclosed block"}, "geometry": {"type": "Polygon", "coordinates": [[[121.5201595, 25.047142300000004], [121.5201961, 25.047223800000005], [121.5202103, 25.047255500000002], [121.5203305, 25.047191100000003], [121.5201595, 25.047142300000004]]]}}, {"type": "Feature", "properties": {"id": 188, "area_m2": 5662.26, "basis": "OSM surface road enclosed block"}, "geometry": {"type": "Polygon", "coordinates": [[[121.51805560000001, 25.04702380000001], [121.51869550000002, 25.046915399999996], [121.51872670000002, 25.046910200000003], [121.5188115, 25.0468958], [121.5190594, 25.047049599999998], [121.51927549999999, 25.0471837], [121.51931540000001, 25.047208499999996], [121.5199906, 25.047094100000002], [121.5200707, 25.047117], [121.5201595, 25.047142300000004], [121.52010510000001, 25.047025199999993], [121.52002310000002, 25.046849700000003], [121.51995200000002, 25.046697299999998], [121.5199003, 25.046725099999993], [121.51971959999999, 25.0467826], [121.51947230000002, 25.046790299999998], [121.519405, 25.046793200000003], [121.5192765, 25.046795500000005], [121.51925939999998, 25.0466716], [121.5189334, 25.046695700000008], [121.51893850000002, 25.0467764], [121.5189037, 25.046800899999997], [121.5181158, 25.0469343], [121.51805560000001, 25.04702380000001]]]}}, {"type": "Feature", "properties": {"id": 189, "area_m2": 1331.91, "basis": "OSM surface road enclosed block"}, "geometry": {"type": "Polygon", "coordinates": [[[121.5202103, 25.047255500000002], [121.5202808, 25.0474062], [121.52029200000001, 25.047430000000002], [121.5204947, 25.047861599999997], [121.5205277, 25.0479318], [121.52057220000002, 25.048026599999993], [121.52071050000002, 25.0479991], [121.5206618, 25.047895400000005], [121.52062360000001, 25.0478143], [121.52040000000001, 25.047338999999997], [121.5203305, 25.047191100000003], [121.5202103, 25.047255500000002]]]}}, {"type": "Feature", "properties": {"id": 190, "area_m2": 287.63, "basis": "OSM surface road enclosed block"}, "geometry": {"type": "Polygon", "coordinates": [[[121.52071050000002, 25.0479991], [121.52057220000002, 25.048026599999993], [121.52065890000002, 25.048198200000005], [121.5207935, 25.048173199999997], [121.52077830000002, 25.04814319999999], [121.52071050000002, 25.0479991]]]}}, {"type": "Feature", "properties": {"id": 191, "area_m2": 454.67, "basis": "OSM surface road enclosed block"}, "geometry": {"type": "Polygon", "coordinates": [[[121.5163736, 25.048375799999995], [121.5161828, 25.048509600000006], [121.51629920000002, 25.0486031], [121.5163613, 25.048683600000004], [121.51646070000001, 25.048667799999997], [121.51642500000001, 25.0485775], [121.5163736, 25.048375799999995]]]}}, {"type": "Feature", "properties": {"id": 192, "area_m2": 2858.58, "basis": "OSM surface road enclosed block"}, "geometry": {"type": "Polygon", "coordinates": [[[121.5197656, 25.046301699999997], [121.5197137, 25.046317399999996], [121.5192496, 25.046438399999996], [121.5192586, 25.046549199999998], [121.51925939999998, 25.0466716], [121.5192765, 25.046795500000005], [121.519405, 25.046793200000003], [121.51947230000002, 25.046790299999998], [121.51971959999999, 25.0467826], [121.5199003, 25.046725099999993], [121.51995200000002, 25.046697299999998], [121.5197656, 25.046301699999997]]]}}, {"type": "Feature", "properties": {"id": 193, "area_m2": 3815.86, "basis": "OSM surface road enclosed block"}, "geometry": {"type": "Polygon", "coordinates": [[[121.5214968, 25.049862399999995], [121.5214584, 25.04978450000001], [121.52145580000001, 25.049779500000003], [121.52125200000002, 25.049386], [121.52121060000002, 25.0494052], [121.52089120000001, 25.049529499999988], [121.520855, 25.0495915], [121.5206146, 25.0496529], [121.520675, 25.049876500000003], [121.52071779999999, 25.050042800000003], [121.52077710000002, 25.050029099999993], [121.5213867, 25.049887900000005], [121.5214968, 25.049862399999995]]]}}, {"type": "Feature", "properties": {"id": 194, "area_m2": 2807.74, "basis": "OSM surface road enclosed block"}, "geometry": {"type": "Polygon", "coordinates": [[[121.52125200000002, 25.049386], [121.52145580000001, 25.049779500000003], [121.5214584, 25.04978450000001], [121.5214968, 25.049862399999995], [121.5216305, 25.0498283], [121.52158000000001, 25.049728500000004], [121.52085630000002, 25.0482975], [121.5208359, 25.048257099999997], [121.5207935, 25.048173199999997], [121.52065890000002, 25.048198200000005], [121.5207046, 25.048289199999992], [121.52071299999999, 25.0483044], [121.5207316, 25.048341999999998], [121.52076390000002, 25.048407], [121.52101650000002, 25.048916299999995], [121.52125200000002, 25.049386]]]}}, {"type": "Feature", "properties": {"id": 195, "area_m2": 2956.46, "basis": "OSM surface road enclosed block"}, "geometry": {"type": "Polygon", "coordinates": [[[121.519141, 25.048451899999996], [121.5197056, 25.048367199999994], [121.52002530000001, 25.0483105], [121.52058990000002, 25.048210400000006], [121.52065890000002, 25.048198200000005], [121.52057220000002, 25.048026599999993], [121.5205103, 25.0480382], [121.52047389999998, 25.048045099999992], [121.5203006, 25.048077699999997], [121.5197287, 25.0481671], [121.5191074, 25.048264199999995], [121.5192129, 25.048292300000004], [121.5193348, 25.048324900000004], [121.51920479999998, 25.0484101], [121.519141, 25.048451899999996]]]}}, {"type": "Feature", "properties": {"id": 196, "area_m2": 729.27, "basis": "OSM surface road enclosed block"}, "geometry": {"type": "Polygon", "coordinates": [[[121.5189535, 25.04847919999999], [121.51906270000002, 25.048463599999998], [121.519141, 25.048451899999996], [121.51920479999998, 25.0484101], [121.5193348, 25.048324900000004], [121.5192129, 25.048292300000004], [121.5191074, 25.048264199999995], [121.5189919, 25.0482806], [121.5189013, 25.048293499999996], [121.51888520000001, 25.048316400000004], [121.5188688, 25.0483504], [121.5188715, 25.048386199999996], [121.51888819999999, 25.048420899999996], [121.51891340000002, 25.048454300000003], [121.5189535, 25.04847919999999]]]}}, {"type": "Feature", "properties": {"id": 197, "area_m2": 446.41, "basis": "OSM surface road enclosed block"}, "geometry": {"type": "Polygon", "coordinates": [[[121.5188149, 25.048498999999996], [121.5189535, 25.04847919999999], [121.51891340000002, 25.048454300000003], [121.51888819999999, 25.048420899999996], [121.5188715, 25.048386199999996], [121.5188688, 25.0483504], [121.51888520000001, 25.048316400000004], [121.5189013, 25.048293499999996], [121.5186117, 25.0483347], [121.5186489, 25.0483489], [121.51868540000001, 25.048373200000004], [121.51870750000002, 25.0484066], [121.51870420000002, 25.048452799999996], [121.51869409999999, 25.048486799999996], [121.51866829999999, 25.048522699999996], [121.5188149, 25.048498999999996]]]}}, {"type": "Feature", "properties": {"id": 198, "area_m2": 1732.51, "basis": "OSM surface road enclosed block"}, "geometry": {"type": "Polygon", "coordinates": [[[121.51866829999999, 25.048522699999996], [121.51869409999999, 25.048486799999996], [121.51870420000002, 25.048452799999996], [121.51870750000002, 25.0484066], [121.51868540000001, 25.048373200000004], [121.5186489, 25.0483489], [121.5186117, 25.0483347], [121.5180689, 25.048406800000006], [121.517757, 25.0485685], [121.518121, 25.0486083], [121.51866829999999, 25.048522699999996]]]}}, {"type": "Feature", "properties": {"id": 199, "area_m2": 4422.15, "basis": "OSM surface road enclosed block"}, "geometry": {"type": "Polygon", "coordinates": [[[121.5169549, 25.050911799999994], [121.51692460000001, 25.0508098], [121.51683360000001, 25.050461699999996], [121.51673219999999, 25.050489], [121.5164078, 25.0505583], [121.51639050000001, 25.050561799999993], [121.51600350000001, 25.0506602], [121.5160394, 25.0508063], [121.5161146, 25.0511052], [121.51652969999999, 25.0510044], [121.5168095, 25.05094529999999], [121.5169549, 25.050911799999994]]]}}, {"type": "Feature", "properties": {"id": 200, "area_m2": 2158.38, "basis": "OSM surface road enclosed block"}, "geometry": {"type": "Polygon", "coordinates": [[[121.5171227, 25.051521799999996], [121.5172175, 25.0518658], [121.5172374, 25.051938199999995], [121.5174263, 25.051925299999997], [121.51741779999999, 25.0518878], [121.5173738, 25.051748999999994], [121.51731870000002, 25.051560499999997], [121.5172434, 25.0512914], [121.5171476, 25.0509465], [121.5171257, 25.0508746], [121.5169549, 25.050911799999994], [121.5169742, 25.050982800000003], [121.5171227, 25.051521799999996]]]}}, {"type": "Feature", "properties": {"id": 201, "area_m2": 6135.12, "basis": "OSM surface road enclosed block"}, "geometry": {"type": "Polygon", "coordinates": [[[121.5171227, 25.051521799999996], [121.5169742, 25.050982800000003], [121.5169549, 25.050911799999994], [121.5168095, 25.05094529999999], [121.51652969999999, 25.0510044], [121.5161146, 25.0511052], [121.51627580000002, 25.051716599999995], [121.5170312, 25.05154299999999], [121.5171227, 25.051521799999996]]]}}, {"type": "Feature", "properties": {"id": 202, "area_m2": 3246.56, "basis": "OSM surface road enclosed block"}, "geometry": {"type": "Polygon", "coordinates": [[[121.5225358, 25.052192999999995], [121.52250350000001, 25.0520575], [121.52242940000001, 25.0517462], [121.5223926, 25.051619199999998], [121.5222755, 25.051281800000005], [121.5221463, 25.0509672], [121.5217096, 25.0499993], [121.5216945, 25.049966599999998], [121.5216305, 25.0498283], [121.5214968, 25.049862399999995], [121.52154700000001, 25.049958400000005], [121.521571, 25.050009500000005], [121.52157400000002, 25.050016199999998], [121.52176570000002, 25.050423899999995], [121.5218877, 25.050687499999995], [121.52202890000001, 25.050973699999997], [121.52211970000002, 25.0511868], [121.5222069, 25.051400600000004], [121.5222829, 25.0516401], [121.5224058, 25.052072399999997], [121.5224421, 25.052204699999994], [121.5225358, 25.052192999999995]]]}}, {"type": "Feature", "properties": {"id": 203, "area_m2": 3050.14, "basis": "OSM surface road enclosed block"}, "geometry": {"type": "Polygon", "coordinates": [[[121.5216305, 25.0498283], [121.5216945, 25.049966599999998], [121.5217096, 25.0499993], [121.5221463, 25.0509672], [121.5222755, 25.051281800000005], [121.5223926, 25.051619199999998], [121.52242940000001, 25.0517462], [121.52250350000001, 25.0520575], [121.5225358, 25.052192999999995], [121.52265320000001, 25.052178200000004], [121.5226168, 25.052039999999998], [121.52253659999998, 25.051729699999996], [121.522426, 25.051368499999995], [121.52236510000002, 25.0511988], [121.5222839, 25.0510067], [121.52219480000001, 25.050813], [121.52205380000001, 25.050518299999997], [121.5218105, 25.049979100000005], [121.52178949999998, 25.0499277], [121.5217865, 25.049921], [121.52173640000001, 25.0497999], [121.5216305, 25.0498283]]]}}, {"type": "Feature", "properties": {"id": 204, "area_m2": 5180.01, "basis": "OSM surface road enclosed block"}, "geometry": {"type": "Polygon", "coordinates": [[[121.5152389, 25.050470499999992], [121.51531070000001, 25.0507422], [121.5153696, 25.0509616], [121.5154188, 25.051168], [121.5154408, 25.051260299999996], [121.51553720000001, 25.0512381], [121.51586850000001, 25.0511619], [121.5161146, 25.0511052], [121.5160394, 25.0508063], [121.5156475, 25.050905500000002], [121.515622, 25.050894499999995], [121.51555670000002, 25.050701900000004], [121.5155753, 25.0506673], [121.5159763, 25.0505582], [121.5159037, 25.050286700000004], [121.5152389, 25.050470499999992]]]}}, {"type": "Feature", "properties": {"id": 205, "area_m2": 4111.39, "basis": "OSM surface road enclosed block"}, "geometry": {"type": "Polygon", "coordinates": [[[121.5154408, 25.051260299999996], [121.5154188, 25.051168], [121.5153696, 25.0509616], [121.51531070000001, 25.0507422], [121.5146189, 25.050905799999995], [121.51468210000002, 25.051171999999998], [121.5147321, 25.0513893], [121.5147512, 25.051384799999997], [121.5148521, 25.0513621], [121.5148968, 25.051356100000003], [121.51536760000002, 25.051273200000004], [121.5154408, 25.051260299999996]]]}}, {"type": "Feature", "properties": {"id": 206, "area_m2": 1210.05, "basis": "OSM surface road enclosed block"}, "geometry": {"type": "Polygon", "coordinates": [[[121.52004029999999, 25.049820199999996], [121.52006069999999, 25.049859399999995], [121.52017350000001, 25.050092699999997], [121.5202061, 25.050161299999996], [121.52026350000001, 25.050147999999993], [121.52033100000001, 25.0501334], [121.5204556, 25.050103499999995], [121.52043609999998, 25.050031], [121.5203915, 25.0498656], [121.5203584, 25.049742899999995], [121.52004029999999, 25.049820199999996]]]}}, {"type": "Feature", "properties": {"id": 207, "area_m2": 6344.66, "basis": "OSM surface road enclosed block"}, "geometry": {"type": "Polygon", "coordinates": [[[121.5227364, 25.050316899999995], [121.5226305, 25.0499563], [121.5225516, 25.049693199999993], [121.5225303, 25.049615599999996], [121.522164, 25.049700200000007], [121.52183840000001, 25.049775399999994], [121.52173640000001, 25.0497999], [121.5217865, 25.049921], [121.52178949999998, 25.0499277], [121.5218105, 25.049979100000005], [121.52205380000001, 25.050518299999997], [121.5221191, 25.0504926], [121.52233150000002, 25.050409199999997], [121.52246560000002, 25.050381200000004], [121.5227364, 25.050316899999995]]]}}, {"type": "Feature", "properties": {"id": 208, "area_m2": 10661.25, "basis": "OSM surface road enclosed block"}, "geometry": {"type": "Polygon", "coordinates": [[[121.5256956, 25.04963579999999], [121.52526220000001, 25.049742999999996], [121.5248613, 25.049834], [121.5248142, 25.049844699999998], [121.52493540000002, 25.050280000000004], [121.52495430000002, 25.0503479], [121.5250094, 25.0503353], [121.5267241, 25.0499327], [121.52656970000001, 25.049415699999997], [121.5261294, 25.0495266], [121.5256956, 25.04963579999999]]]}}, {"type": "Feature", "properties": {"id": 209, "area_m2": 5947.77, "basis": "OSM surface road enclosed block"}, "geometry": {"type": "Polygon", "coordinates": [[[121.52756379999998, 25.049193300000002], [121.52656970000001, 25.049415699999997], [121.5267241, 25.0499327], [121.5277041, 25.049684299999992], [121.52756379999998, 25.049193300000002]]]}}, {"type": "Feature", "properties": {"id": 210, "area_m2": 5336.2, "basis": "OSM surface road enclosed block"}, "geometry": {"type": "Polygon", "coordinates": [[[121.527659, 25.0491712], [121.52756379999998, 25.049193300000002], [121.5277041, 25.049684299999992], [121.5278462, 25.049669699999995], [121.5282545, 25.049820499999996], [121.5283967, 25.049508700000004], [121.52844280000001, 25.049421299999995], [121.5283433, 25.0490092], [121.527659, 25.0491712]]]}}, {"type": "Feature", "properties": {"id": 211, "area_m2": 3208.84, "basis": "OSM surface road enclosed block"}, "geometry": {"type": "Polygon", "coordinates": [[[121.527659, 25.0491712], [121.5283433, 25.0490092], [121.52822340000002, 25.048630899999996], [121.5282203, 25.0486242], [121.5281649, 25.048633599999995], [121.5275353, 25.048778], [121.527659, 25.0491712]]]}}, {"type": "Feature", "properties": {"id": 212, "area_m2": 5340.55, "basis": "OSM surface road enclosed block"}, "geometry": {"type": "Polygon", "coordinates": [[[121.5202379, 25.052268199999997], [121.52026200000002, 25.052548999999996], [121.52026089999998, 25.0526168], [121.5204547, 25.052575600000004], [121.520451, 25.0525128], [121.52039240000002, 25.051687999999995], [121.5203726, 25.051406999999998], [121.52036859999998, 25.051297799999997], [121.520366, 25.051225200000005], [121.5203549, 25.0509502], [121.520321, 25.0506275], [121.5202447, 25.050226799999997], [121.5202061, 25.050161299999996], [121.51998870000001, 25.0502116], [121.5200086, 25.0502941], [121.52003499999998, 25.0503752], [121.52007479999999, 25.050516199999997], [121.52010350000002, 25.050641499999998], [121.52015039999999, 25.0509009], [121.5201571, 25.050930499999996], [121.52017620000001, 25.051247199999995], [121.52018030000002, 25.051302699999997], [121.5202135, 25.05166399999999], [121.5202181, 25.051738900000004], [121.52023410000001, 25.05190959999999], [121.5202379, 25.052268199999997]]]}}, {"type": "Feature", "properties": {"id": 213, "area_m2": 34401.8, "basis": "OSM surface road enclosed block"}, "geometry": {"type": "Polygon", "coordinates": [[[121.52023410000001, 25.05190959999999], [121.5202181, 25.051738900000004], [121.5202135, 25.05166399999999], [121.52018030000002, 25.051302699999997], [121.52017620000001, 25.051247199999995], [121.5201571, 25.050930499999996], [121.52015039999999, 25.0509009], [121.52010350000002, 25.050641499999998], [121.52007479999999, 25.050516199999997], [121.52003499999998, 25.0503752], [121.5200086, 25.0502941], [121.51998870000001, 25.0502116], [121.51993779999998, 25.0502234], [121.51961540000002, 25.050298099999996], [121.5195595, 25.050311], [121.5195046, 25.0503237], [121.51931480000002, 25.0503677], [121.51889009999998, 25.050466], [121.5182995, 25.0506028], [121.51825790000001, 25.05061239999999], [121.518277, 25.0506841], [121.5183741, 25.051046999999997], [121.5184143, 25.051197199999997], [121.51848170000001, 25.051449099999992], [121.51852, 25.051592200000005], [121.51860740000001, 25.051918900000004], [121.51863169999999, 25.0520094], [121.51870769999998, 25.052293799999998], [121.5187495, 25.052450000000004], [121.5195319, 25.0522573], [121.5194859, 25.052099799999997], [121.52023410000001, 25.05190959999999]]]}}, {"type": "Feature", "properties": {"id": 214, "area_m2": 2231.8, "basis": "OSM surface road enclosed block"}, "geometry": {"type": "Polygon", "coordinates": [[[121.5171257, 25.0508746], [121.5171476, 25.0509465], [121.5172434, 25.0512914], [121.51734240000002, 25.0512698], [121.5176817, 25.0511907], [121.51765390000001, 25.0510358], [121.5176379, 25.0509215], [121.5176178, 25.050868], [121.51757320000002, 25.050844], [121.5175541, 25.050775399999996], [121.51725459999999, 25.050844699999995], [121.5171257, 25.0508746]]]}}, {"type": "Feature", "properties": {"id": 215, "area_m2": 1646.76, "basis": "OSM surface road enclosed block"}, "geometry": {"type": "Polygon", "coordinates": [[[121.5197455, 25.049694399999996], [121.5191701, 25.049827099999998], [121.5192222, 25.050016699999997], [121.5192181, 25.0500551], [121.51988759999999, 25.0498993], [121.5198556, 25.049849100000007], [121.5197455, 25.049694399999996]]]}}, {"type": "Feature", "properties": {"id": 216, "area_m2": 2413.44, "basis": "OSM surface road enclosed block"}, "geometry": {"type": "Polygon", "coordinates": [[[121.5192181, 25.0500551], [121.5192222, 25.050016699999997], [121.5191701, 25.049827099999998], [121.51825180000002, 25.050040999999997], [121.5182883, 25.0501707], [121.5183159, 25.050258299999992], [121.5192181, 25.0500551]]]}}, {"type": "Feature", "properties": {"id": 217, "area_m2": 2533.27, "basis": "OSM surface road enclosed block"}, "geometry": {"type": "Polygon", "coordinates": [[[121.5192181, 25.0500551], [121.5192909, 25.050286499999995], [121.51931480000002, 25.0503677], [121.5195046, 25.0503237], [121.5195595, 25.050311], [121.51961540000002, 25.050298099999996], [121.51993779999998, 25.0502234], [121.51998870000001, 25.0502116], [121.51997250000001, 25.0501335], [121.5199306, 25.050014800000003], [121.51988759999999, 25.0498993], [121.5192181, 25.0500551]]]}}, {"type": "Feature", "properties": {"id": 218, "area_m2": 6585.34, "basis": "OSM surface road enclosed block"}, "geometry": {"type": "Polygon", "coordinates": [[[121.51931480000002, 25.0503677], [121.5192909, 25.050286499999995], [121.5192181, 25.0500551], [121.5183159, 25.050258299999992], [121.5182883, 25.0501707], [121.51764330000002, 25.0503183], [121.51772980000001, 25.050648599999995], [121.517753, 25.0507293], [121.5181692, 25.050633000000005], [121.51825790000001, 25.05061239999999], [121.5182995, 25.0506028], [121.51889009999998, 25.050466], [121.51931480000002, 25.0503677]]]}}, {"type": "Feature", "properties": {"id": 219, "area_m2": 1226.09, "basis": "OSM surface road enclosed block"}, "geometry": {"type": "Polygon", "coordinates": [[[121.52035680000002, 25.0497071], [121.5203584, 25.049742899999995], [121.5203915, 25.0498656], [121.52043609999998, 25.050031], [121.5204556, 25.050103499999995], [121.52071779999999, 25.050042800000003], [121.520675, 25.049876500000003], [121.5206146, 25.0496529], [121.52035680000002, 25.0497071]]]}}, {"type": "Feature", "properties": {"id": 220, "area_m2": 3450.08, "basis": "OSM surface road enclosed block"}, "geometry": {"type": "Polygon", "coordinates": [[[121.5183741, 25.051046999999997], [121.518277, 25.0506841], [121.51825790000001, 25.05061239999999], [121.5181692, 25.050633000000005], [121.517753, 25.0507293], [121.5175541, 25.050775399999996], [121.51757320000002, 25.050844], [121.5176178, 25.050868], [121.5176379, 25.0509215], [121.51765390000001, 25.0510358], [121.5176817, 25.0511907], [121.5179526, 25.051136100000008], [121.5183741, 25.051046999999997]]]}}, {"type": "Feature", "properties": {"id": 221, "area_m2": 6728.36, "basis": "OSM surface road enclosed block"}, "geometry": {"type": "Polygon", "coordinates": [[[121.5148198, 25.052770299999995], [121.5150508, 25.0528151], [121.5151455, 25.0524041], [121.51520359999999, 25.051996100000004], [121.5156196, 25.051887299999997], [121.5154666, 25.051349000000002], [121.5154408, 25.051260299999996], [121.51536760000002, 25.051273200000004], [121.5148968, 25.051356100000003], [121.5148521, 25.0513621], [121.51498870000002, 25.051933700000003], [121.5148198, 25.052770299999995]]]}}, {"type": "Feature", "properties": {"id": 222, "area_m2": 11162.53, "basis": "OSM surface road enclosed block"}, "geometry": {"type": "Polygon", "coordinates": [[[121.5144024, 25.05268879999999], [121.5148198, 25.052770299999995], [121.51498870000002, 25.051933700000003], [121.5148521, 25.0513621], [121.5147512, 25.051384799999997], [121.5147321, 25.0513893], [121.5140949, 25.0515334], [121.51397980000002, 25.051559399999995], [121.51399999999998, 25.051691299999998], [121.5141117, 25.052422199999988], [121.51414120000001, 25.052421099999993], [121.514475, 25.052443599999997], [121.5144633, 25.052502499999996], [121.5144294, 25.052520400000002], [121.5144024, 25.05268879999999]]]}}, {"type": "Feature", "properties": {"id": 223, "area_m2": 5570.09, "basis": "OSM surface road enclosed block"}, "geometry": {"type": "Polygon", "coordinates": [[[121.52092719999999, 25.050643999999995], [121.52171110000002, 25.050434699999997], [121.52176570000002, 25.050423899999995], [121.52157400000002, 25.050016199999998], [121.521571, 25.050009500000005], [121.52154700000001, 25.049958400000005], [121.5214968, 25.049862399999995], [121.5213867, 25.049887900000005], [121.52077710000002, 25.050029099999993], [121.5207932, 25.0500939], [121.52092719999999, 25.050643999999995]]]}}, {"type": "Feature", "properties": {"id": 224, "area_m2": 3601.44, "basis": "OSM surface road enclosed block"}, "geometry": {"type": "Polygon", "coordinates": [[[121.52092719999999, 25.050643999999995], [121.5207932, 25.0500939], [121.52077710000002, 25.050029099999993], [121.52071779999999, 25.050042800000003], [121.5204556, 25.050103499999995], [121.52033100000001, 25.0501334], [121.52026350000001, 25.050147999999993], [121.5202061, 25.050161299999996], [121.5202447, 25.050226799999997], [121.520321, 25.0506275], [121.520513, 25.050634900000002], [121.5208726, 25.0506475], [121.52092719999999, 25.050643999999995]]]}}, {"type": "Feature", "properties": {"id": 225, "area_m2": 4881.19, "basis": "OSM surface road enclosed block"}, "geometry": {"type": "Polygon", "coordinates": [[[121.5156196, 25.051887299999997], [121.51603640000002, 25.051771099999996], [121.51627580000002, 25.051716599999995], [121.5161146, 25.0511052], [121.51586850000001, 25.0511619], [121.51553720000001, 25.0512381], [121.5154408, 25.051260299999996], [121.5154666, 25.051349000000002], [121.5156196, 25.051887299999997]]]}}, {"type": "Feature", "properties": {"id": 226, "area_m2": 2448.32, "basis": "OSM surface road enclosed block"}, "geometry": {"type": "Polygon", "coordinates": [[[121.5141489, 25.0493606], [121.5143135, 25.049955099999995], [121.51457440000001, 25.0498985], [121.5146463, 25.049873099999996], [121.51458370000002, 25.049569699999996], [121.5144936, 25.049283999999997], [121.5141489, 25.0493606]]]}}, {"type": "Feature", "properties": {"id": 227, "area_m2": 2386.16, "basis": "OSM surface road enclosed block"}, "geometry": {"type": "Polygon", "coordinates": [[[121.52518870000002, 25.051455600000004], [121.525272, 25.051758399999997], [121.5253183, 25.051939399999995], [121.52533300000002, 25.052045500000002], [121.52541019999998, 25.052041899999995], [121.5253944, 25.0519312], [121.52535340000001, 25.0517854], [121.5252564, 25.0514361], [121.52516850000002, 25.051119899999993], [121.52506149999999, 25.0507347], [121.52495430000002, 25.0503479], [121.52493540000002, 25.050280000000004], [121.5248142, 25.049844699999998], [121.5247917, 25.0497617], [121.5246473, 25.0492561], [121.5245753, 25.049146599999993], [121.5245817, 25.0492719], [121.52472240000002, 25.049780099999996], [121.52473330000001, 25.049818899999998], [121.5248633, 25.050297800000003], [121.52487720000002, 25.0503492], [121.52498829999999, 25.050762700000003], [121.52509959999999, 25.0511359], [121.52518450000001, 25.0514405], [121.52518870000002, 25.051455600000004]]]}}, {"type": "Feature", "properties": {"id": 228, "area_m2": 1576.41, "basis": "OSM surface road enclosed block"}, "geometry": {"type": "Polygon", "coordinates": [[[121.5182883, 25.0501707], [121.51825180000002, 25.050040999999997], [121.5182421, 25.0500116], [121.51819030000001, 25.049978599999996], [121.5180681, 25.050006199999995], [121.51803070000001, 25.050009499999998], [121.5175806, 25.050109799999994], [121.51764330000002, 25.0503183], [121.5182883, 25.0501707]]]}}, {"type": "Feature", "properties": {"id": 229, "area_m2": 3330.95, "basis": "OSM surface road enclosed block"}, "geometry": {"type": "Polygon", "coordinates": [[[121.51764330000002, 25.0503183], [121.51759539999999, 25.050307699999998], [121.5171035, 25.050421], [121.5169809, 25.050449299999993], [121.51707270000001, 25.050780899999996], [121.5171257, 25.0508746], [121.51725459999999, 25.050844699999995], [121.5175541, 25.050775399999996], [121.517753, 25.0507293], [121.51772980000001, 25.050648599999995], [121.51764330000002, 25.0503183]]]}}, {"type": "Feature", "properties": {"id": 230, "area_m2": 1220.02, "basis": "OSM surface road enclosed block"}, "geometry": {"type": "Polygon", "coordinates": [[[121.5159763, 25.0505582], [121.5155753, 25.0506673], [121.51555670000002, 25.050701900000004], [121.515622, 25.050894499999995], [121.5156475, 25.050905500000002], [121.5160394, 25.0508063], [121.51600350000001, 25.0506602], [121.5159763, 25.0505582]]]}}, {"type": "Feature", "properties": {"id": 231, "area_m2": 5970.97, "basis": "OSM surface road enclosed block"}, "geometry": {"type": "Polygon", "coordinates": [[[121.5307108, 25.043839299999995], [121.53073670000002, 25.0437623], [121.53087200000002, 25.0433283], [121.5307906, 25.0430502], [121.53075960000001, 25.042952899999996], [121.5306559, 25.0429801], [121.5301929, 25.043109299999994], [121.530085, 25.0431395], [121.5299832, 25.043165799999997], [121.5300141, 25.043257899999997], [121.5301006, 25.043514299999995], [121.53011189999998, 25.043547699999998], [121.5301252, 25.043585199999995], [121.53016499999998, 25.0437086], [121.5302166, 25.043716400000008], [121.5303029, 25.043741599999997], [121.5303587, 25.043754999999997], [121.5306358, 25.043821299999994], [121.5307108, 25.043839299999995]]]}}, {"type": "Feature", "properties": {"id": 232, "area_m2": 6675.97, "basis": "OSM surface road enclosed block"}, "geometry": {"type": "Polygon", "coordinates": [[[121.53087200000002, 25.0433283], [121.53073670000002, 25.0437623], [121.5307108, 25.043839299999995], [121.5307876, 25.043857700000004], [121.53117500000002, 25.0439504], [121.5314678, 25.044020500000002], [121.531769, 25.044091099999996], [121.5318149, 25.044101899999998], [121.5318376, 25.044031599999997], [121.53195430000001, 25.0436164], [121.5313033, 25.0435074], [121.53130059999998, 25.0432968], [121.53087200000002, 25.0433283]]]}}, {"type": "Feature", "properties": {"id": 233, "area_m2": 1661.95, "basis": "OSM surface road enclosed block"}, "geometry": {"type": "Polygon", "coordinates": [[[121.53771059999998, 25.0437747], [121.53694189999999, 25.043738600000005], [121.5368838, 25.0437283], [121.53688460000001, 25.0437797], [121.53688670000001, 25.043915], [121.5369556, 25.043918300000005], [121.5370278, 25.043921899999997], [121.53742609999999, 25.043945000000004], [121.5376975, 25.043955099999998], [121.5377044, 25.0438606], [121.53771059999998, 25.0437747]]]}}, {"type": "Feature", "properties": {"id": 234, "area_m2": 33110.75, "basis": "OSM surface road enclosed block"}, "geometry": {"type": "Polygon", "coordinates": [[[121.5368838, 25.0437283], [121.53694189999999, 25.043738600000005], [121.53771059999998, 25.0437747], [121.53789300000001, 25.043784300000002], [121.5382793, 25.043804599999994], [121.5383119, 25.043806299999996], [121.5383195, 25.0437679], [121.53837120000001, 25.0435047], [121.5384013, 25.0433514], [121.53845159999999, 25.0430957], [121.53850020000002, 25.04284879999999], [121.53854790000001, 25.042605899999995], [121.53860010000001, 25.042340299999996], [121.5386516, 25.042070799999994], [121.5387005, 25.041849599999992], [121.5387161, 25.0417555], [121.5374754, 25.0417694], [121.53734299999999, 25.041770900000003], [121.53729610000002, 25.0418876], [121.5372096, 25.042097600000005], [121.53704879999998, 25.042556100000002], [121.5369996, 25.042759099999998], [121.5369592, 25.042962299999996], [121.53693949999999, 25.043081999999995], [121.5369189, 25.0432323], [121.5368934, 25.043504899999995], [121.5368884, 25.0436222], [121.5368838, 25.0437283]]]}}, {"type": "Feature", "properties": {"id": 235, "area_m2": 7182.99, "basis": "OSM surface road enclosed block"}, "geometry": {"type": "Polygon", "coordinates": [[[121.5384013, 25.0433514], [121.53973030000002, 25.043341000000005], [121.53972370000001, 25.043083099999997], [121.5397193, 25.0428335], [121.53850020000002, 25.04284879999999], [121.53845159999999, 25.0430957], [121.5384013, 25.0433514]]]}}, {"type": "Feature", "properties": {"id": 236, "area_m2": 7734.57, "basis": "OSM surface road enclosed block"}, "geometry": {"type": "Polygon", "coordinates": [[[121.53973030000002, 25.043341000000005], [121.5384013, 25.0433514], [121.53837120000001, 25.0435047], [121.5383195, 25.0437679], [121.5383119, 25.043806299999996], [121.53839880000001, 25.043811500000004], [121.5393995, 25.043871099999997], [121.53973119999999, 25.043889099999998], [121.53973290000002, 25.043816499999995], [121.539731, 25.0436196], [121.53973090000001, 25.0435913], [121.53973030000002, 25.043341000000005]]]}}, {"type": "Feature", "properties": {"id": 237, "area_m2": 6617.28, "basis": "OSM surface road enclosed block"}, "geometry": {"type": "Polygon", "coordinates": [[[121.53860010000001, 25.042340299999996], [121.53854790000001, 25.042605899999995], [121.53850020000002, 25.04284879999999], [121.5397193, 25.0428335], [121.53971829999999, 25.042588299999995], [121.5397178, 25.0423273], [121.53860010000001, 25.042340299999996]]]}}, {"type": "Feature", "properties": {"id": 238, "area_m2": 3987.26, "basis": "OSM surface road enclosed block"}, "geometry": {"type": "Polygon", "coordinates": [[[121.53636230000001, 25.04478449999999], [121.53635959999998, 25.0446674], [121.5362588, 25.044674999999998], [121.5353374, 25.0447445], [121.5350372, 25.044779499999994], [121.53480540000001, 25.044811600000003], [121.53474120000001, 25.044822299999996], [121.5345193, 25.0448603], [121.53466560000001, 25.044970699999997], [121.53476730000001, 25.0450393], [121.53492659999999, 25.0450147], [121.5354594, 25.044938600000002], [121.53571090000001, 25.0449101], [121.5360408, 25.044888499999995], [121.53627340000001, 25.0448778], [121.53636399999999, 25.044873599999995], [121.53636230000001, 25.04478449999999]]]}}, {"type": "Feature", "properties": {"id": 239, "area_m2": 1249.44, "basis": "OSM surface road enclosed block"}, "geometry": {"type": "Polygon", "coordinates": [[[121.53635959999998, 25.0446674], [121.53636230000001, 25.04478449999999], [121.53636399999999, 25.044873599999995], [121.5369106, 25.044842499999998], [121.53690880000002, 25.044774199999992], [121.5369054, 25.0446398], [121.53635959999998, 25.0446674]]]}}, {"type": "Feature", "properties": {"id": 240, "area_m2": 7806.59, "basis": "OSM surface road enclosed block"}, "geometry": {"type": "Polygon", "coordinates": [[[121.53635959999998, 25.0446674], [121.5363597, 25.044617999999996], [121.53635389999998, 25.0441818], [121.53634780000002, 25.044046599999998], [121.5363486, 25.043911200000004], [121.5363167, 25.043915499999997], [121.53581349999999, 25.044029300000002], [121.5352945, 25.044200799999995], [121.53530250000001, 25.044401299999997], [121.5353302, 25.044699199999997], [121.5353374, 25.0447445], [121.5362588, 25.044674999999998], [121.53635959999998, 25.0446674]]]}}, {"type": "Feature", "properties": {"id": 241, "area_m2": 5701.66, "basis": "OSM surface road enclosed block"}, "geometry": {"type": "Polygon", "coordinates": [[[121.5363486, 25.043911200000004], [121.53634780000002, 25.044046599999998], [121.53635389999998, 25.0441818], [121.5363597, 25.044617999999996], [121.53635959999998, 25.0446674], [121.5369054, 25.0446398], [121.5369042, 25.044594800000002], [121.53689710000002, 25.044262599999996], [121.5368977, 25.0440509], [121.53688670000001, 25.043915], [121.53688460000001, 25.0437797], [121.5368838, 25.0437283], [121.53635490000002, 25.043696299999997], [121.53635290000001, 25.043765299999997], [121.5363486, 25.043911200000004]]]}}, {"type": "Feature", "properties": {"id": 242, "area_m2": 2579.66, "basis": "OSM surface road enclosed block"}, "geometry": {"type": "Polygon", "coordinates": [[[121.5363486, 25.043911200000004], [121.53635290000001, 25.043765299999997], [121.53635490000002, 25.043696299999997], [121.53631470000002, 25.043705699999993], [121.535906, 25.0438011], [121.53566230000001, 25.043852900000005], [121.53565380000002, 25.043854700000004], [121.53559750000001, 25.043866699999995], [121.53541990000001, 25.043936600000002], [121.5352703, 25.043995499999998], [121.5352945, 25.044200799999995], [121.53581349999999, 25.044029300000002], [121.5363167, 25.043915499999997], [121.5363486, 25.043911200000004]]]}}, {"type": "Feature", "properties": {"id": 243, "area_m2": 42510.24, "basis": "OSM surface road enclosed block"}, "geometry": {"type": "Polygon", "coordinates": [[[121.53635490000002, 25.043696299999997], [121.5363629, 25.0436008], [121.5363807, 25.0433875], [121.53639070000001, 25.043317799999997], [121.5363958, 25.043282099999992], [121.53642130000001, 25.043103699999996], [121.53645580000001, 25.042862599999996], [121.5365403, 25.042517999999998], [121.53662500000002, 25.0422359], [121.5367278, 25.0419482], [121.5367723, 25.041825400000004], [121.5366156, 25.041848899999998], [121.535477, 25.0420093], [121.5353426, 25.04202679999999], [121.5353516, 25.04209529999999], [121.5353514, 25.042170699999996], [121.53535480000001, 25.042297999999995], [121.53535569999998, 25.042508399999996], [121.53535600000001, 25.042590299999997], [121.5353976, 25.042629799999993], [121.53540159999999, 25.042760000000005], [121.53535689999998, 25.042803199999998], [121.5353574, 25.0428662], [121.53535899999999, 25.0430458], [121.53536, 25.043159500000005], [121.53536139999999, 25.0433211], [121.5353635, 25.043559499999994], [121.53532350000002, 25.0435596], [121.53510090000002, 25.043560299999996], [121.5350072, 25.043564599999996], [121.53487140000001, 25.0435708], [121.53472940000002, 25.043607399999996], [121.5346093, 25.0436235], [121.5345907, 25.043626100000004], [121.5344965, 25.0436235], [121.5343782, 25.0436137], [121.53434660000002, 25.0436135], [121.5341583, 25.043612499999995], [121.53413510000001, 25.04361239999999], [121.5341083, 25.0436123], [121.534012, 25.0436118], [121.5338964, 25.04361129999999], [121.5336996, 25.0436104], [121.5336978, 25.0436223], [121.53369200000002, 25.0436331], [121.53368279999998, 25.043641799999996], [121.5336711, 25.0436475], [121.533658, 25.043649499999997], [121.5336447, 25.0436478], [121.53363259999999, 25.043642199999997], [121.5336231, 25.0436335], [121.5336171, 25.043622599999996], [121.53361520000001, 25.043610399999995], [121.53339229999999, 25.043611700000003], [121.5331212, 25.043613299999997], [121.53307030000002, 25.043612499999995], [121.53295690000002, 25.0436127], [121.5329652, 25.043666], [121.53298630000002, 25.043801099999996], [121.5329958, 25.0442713], [121.5330006, 25.0443975], [121.5331644, 25.0444366], [121.5337759, 25.044587099999998], [121.53400549999999, 25.044668399999996], [121.53403319999998, 25.044590500000005], [121.5340729, 25.044441499999998], [121.5341796, 25.044351899999995], [121.5341934, 25.04434030000001], [121.534389, 25.044214999999998], [121.5344509, 25.0441751], [121.534691, 25.044092700000004], [121.5347513, 25.044073199999996], [121.5352703, 25.043995499999998], [121.53541990000001, 25.043936600000002], [121.53559750000001, 25.043866699999995], [121.53565380000002, 25.043854700000004], [121.53566230000001, 25.043852900000005], [121.535906, 25.0438011], [121.53631470000002, 25.043705699999993], [121.53635490000002, 25.043696299999997]]]}}, {"type": "Feature", "properties": {"id": 244, "area_m2": 11270.09, "basis": "OSM surface road enclosed block"}, "geometry": {"type": "Polygon", "coordinates": [[[121.5363958, 25.043282099999992], [121.53639070000001, 25.043317799999997], [121.5363807, 25.0433875], [121.5363629, 25.0436008], [121.53635490000002, 25.043696299999997], [121.5368838, 25.0437283], [121.5368884, 25.0436222], [121.5368934, 25.043504899999995], [121.5369189, 25.0432323], [121.53693949999999, 25.043081999999995], [121.5369592, 25.042962299999996], [121.5369996, 25.042759099999998], [121.53704879999998, 25.042556100000002], [121.5372096, 25.042097600000005], [121.53729610000002, 25.0418876], [121.53734299999999, 25.041770900000003], [121.53724660000002, 25.0417778], [121.5369054, 25.041810600000005], [121.5367723, 25.041825400000004], [121.5367278, 25.0419482], [121.53662500000002, 25.0422359], [121.5365403, 25.042517999999998], [121.53645580000001, 25.042862599999996], [121.53642130000001, 25.043103699999996], [121.5363958, 25.043282099999992]]]}}, {"type": "Feature", "properties": {"id": 245, "area_m2": 10205.76, "basis": "OSM surface road enclosed block"}, "geometry": {"type": "Polygon", "coordinates": [[[121.53690880000002, 25.044774199999992], [121.5369106, 25.044842499999998], [121.5369705, 25.0448399], [121.53769529999998, 25.044808500000002], [121.53834510000002, 25.044778], [121.5393875, 25.04474799999999], [121.53952840000001, 25.0447431], [121.5403293, 25.0447086], [121.5404141, 25.0447049], [121.54067890000002, 25.044696999999996], [121.54083949999999, 25.044695699999988], [121.54090009999999, 25.0446958], [121.5410722, 25.0446958], [121.54116379999999, 25.04463399999999], [121.54115489999998, 25.0444807], [121.5411, 25.0444588], [121.54075820000001, 25.0444623], [121.54067900000001, 25.044463100000005], [121.54058540000001, 25.044467199999996], [121.54019240000001, 25.0444845], [121.5399655, 25.0444965], [121.53964890000002, 25.044511], [121.53942150000002, 25.0445241], [121.5391208, 25.044540199999997], [121.53870900000001, 25.0445584], [121.53830099999999, 25.044582299999995], [121.53785150000002, 25.044603399999996], [121.53742430000001, 25.044617000000002], [121.5369963, 25.044635499999995], [121.5369054, 25.0446398], [121.53690880000002, 25.044774199999992]]]}}, {"type": "Feature", "properties": {"id": 246, "area_m2": 28643.5, "basis": "OSM surface road enclosed block"}, "geometry": {"type": "Polygon", "coordinates": [[[121.5327771, 25.045361599999996], [121.5327775, 25.0452213], [121.5327786, 25.0448903], [121.5327792, 25.044695000000004], [121.5327798, 25.044502999999995], [121.53282580000001, 25.044360099999995], [121.5326481, 25.044318799999996], [121.5320484, 25.044159500000003], [121.53190450000001, 25.044124999999998], [121.5318149, 25.044101899999998], [121.5317741, 25.044180799999996], [121.5317414, 25.0442282], [121.53155550000001, 25.0448059], [121.5309352, 25.0446796], [121.5305536, 25.044601899999996], [121.5304605, 25.044583799999998], [121.53057320000002, 25.0449579], [121.53076770000001, 25.0456033], [121.530781, 25.045650499999997], [121.53082409999999, 25.045804200000003], [121.5308296, 25.0458238], [121.53082920000001, 25.0459219], [121.53088700000002, 25.04590719999999], [121.5314725, 25.045737599999995], [121.53164050000001, 25.045691999999995], [121.5317796, 25.045654300000006], [121.5319151, 25.0456137], [121.53214240000001, 25.0455456], [121.53263799999999, 25.045404399999992], [121.532664, 25.045397899999998], [121.5327771, 25.045361599999996]]]}}, {"type": "Feature", "properties": {"id": 247, "area_m2": 2376.22, "basis": "OSM surface road enclosed block"}, "geometry": {"type": "Polygon", "coordinates": [[[121.53282580000001, 25.044360099999995], [121.5327798, 25.044502999999995], [121.5327792, 25.044695000000004], [121.5327786, 25.0448903], [121.5327775, 25.0452213], [121.5327771, 25.045361599999996], [121.53288490000001, 25.045334899999993], [121.5329883, 25.045306500000002], [121.5330087, 25.0451891], [121.5330073, 25.044959899999995], [121.53300200000001, 25.0445155], [121.5330006, 25.0443975], [121.53290870000001, 25.044379299999996], [121.53282580000001, 25.044360099999995]]]}}, {"type": "Feature", "properties": {"id": 248, "area_m2": 4313.36, "basis": "OSM surface road enclosed block"}, "geometry": {"type": "Polygon", "coordinates": [[[121.539061, 25.046918499999997], [121.5380749, 25.0467631], [121.5380266, 25.046947799999995], [121.5383517, 25.047018], [121.53836249999999, 25.047321799999995], [121.5387496, 25.047319900000005], [121.5390728, 25.0473166], [121.539061, 25.046918499999997]]]}}, {"type": "Feature", "properties": {"id": 249, "area_m2": 5000.43, "basis": "OSM surface road enclosed block"}, "geometry": {"type": "Polygon", "coordinates": [[[121.5380749, 25.0467631], [121.539061, 25.046918499999997], [121.5391166, 25.046563], [121.5391356, 25.046466199999998], [121.5390669, 25.046455399999996], [121.53899910000001, 25.04644519999999], [121.53893940000002, 25.0464362], [121.53833930000002, 25.046345899999995], [121.5382789, 25.0463375], [121.53824340000001, 25.046331699999993], [121.53817319999999, 25.046319099999998], [121.5381574, 25.0464103], [121.5381496, 25.046443599999996], [121.5380749, 25.0467631]]]}}, {"type": "Feature", "properties": {"id": 250, "area_m2": 2381.85, "basis": "OSM surface road enclosed block"}, "geometry": {"type": "Polygon", "coordinates": [[[121.5380749, 25.0467631], [121.5374409, 25.046642399999996], [121.53741980000001, 25.046741999999995], [121.53739460000001, 25.046864599999996], [121.53737440000002, 25.046999899999996], [121.5380038, 25.047059600000008], [121.5380266, 25.046947799999995], [121.5380749, 25.0467631]]]}}, {"type": "Feature", "properties": {"id": 251, "area_m2": 3248.78, "basis": "OSM surface road enclosed block"}, "geometry": {"type": "Polygon", "coordinates": [[[121.5374409, 25.046642399999996], [121.5380749, 25.0467631], [121.5381496, 25.046443599999996], [121.5381574, 25.0464103], [121.53817319999999, 25.046319099999998], [121.5380903, 25.046305099999998], [121.53804329999998, 25.0462981], [121.53798420000001, 25.046289199999997], [121.5376203, 25.0462348], [121.5375184, 25.0462166], [121.53750289999999, 25.046302000000004], [121.5374409, 25.046642399999996]]]}}, {"type": "Feature", "properties": {"id": 252, "area_m2": 1366.19, "basis": "OSM surface road enclosed block"}, "geometry": {"type": "Polygon", "coordinates": [[[121.53836249999999, 25.047321799999995], [121.5383517, 25.047018], [121.5380266, 25.046947799999995], [121.5380038, 25.047059600000008], [121.5379783, 25.047320799999998], [121.53836249999999, 25.047321799999995]]]}}, {"type": "Feature", "properties": {"id": 253, "area_m2": 4610.03, "basis": "OSM surface road enclosed block"}, "geometry": {"type": "Polygon", "coordinates": [[[121.5372129, 25.046169199999998], [121.5372096, 25.046079499999998], [121.53720770000001, 25.046022], [121.5371988, 25.0457505], [121.5377344, 25.0457425], [121.5377394, 25.045399300000003], [121.5371928, 25.045382099999998], [121.53699790000002, 25.0453823], [121.5369676, 25.0453823], [121.5369078, 25.045382399999998], [121.5369133, 25.0458502], [121.53691390000002, 25.045901700000005], [121.5369147, 25.045973299999996], [121.5369195, 25.0461247], [121.5370032, 25.046137299999998], [121.53703810000002, 25.046139399999994], [121.53708560000001, 25.0461475], [121.5372129, 25.046169199999998]]]}}, {"type": "Feature", "properties": {"id": 254, "area_m2": 5634.8, "basis": "OSM surface road enclosed block"}, "geometry": {"type": "Polygon", "coordinates": [[[121.5371988, 25.0457505], [121.53720770000001, 25.046022], [121.5372096, 25.046079499999998], [121.5372129, 25.046169199999998], [121.5372414, 25.0461741], [121.5375184, 25.0462166], [121.5376203, 25.0462348], [121.53798420000001, 25.046289199999997], [121.53804329999998, 25.0462981], [121.5380903, 25.046305099999998], [121.53817319999999, 25.046319099999998], [121.53818750000002, 25.046230000000005], [121.5382464, 25.045874499999996], [121.53825210000001, 25.045762400000005], [121.5377344, 25.0457425], [121.5371988, 25.0457505]]]}}, {"type": "Feature", "properties": {"id": 255, "area_m2": 5040.62, "basis": "OSM surface road enclosed block"}, "geometry": {"type": "Polygon", "coordinates": [[[121.5382464, 25.045874499999996], [121.53818750000002, 25.046230000000005], [121.53817319999999, 25.046319099999998], [121.53824340000001, 25.046331699999993], [121.5382789, 25.0463375], [121.53833930000002, 25.046345899999995], [121.53893940000002, 25.0464362], [121.53899910000001, 25.04644519999999], [121.5390669, 25.046455399999996], [121.5391356, 25.046466199999998], [121.5391571, 25.0463767], [121.53917050000001, 25.046310799999997], [121.5392372, 25.046014599999996], [121.5382464, 25.045874499999996]]]}}, {"type": "Feature", "properties": {"id": 256, "area_m2": 1982.34, "basis": "OSM surface road enclosed block"}, "geometry": {"type": "Polygon", "coordinates": [[[121.53825210000001, 25.045762400000005], [121.5382464, 25.045874499999996], [121.5392372, 25.046014599999996], [121.5392908, 25.045781800000004], [121.53825210000001, 25.045762400000005]]]}}, {"type": "Feature", "properties": {"id": 257, "area_m2": 4619.69, "basis": "OSM surface road enclosed block"}, "geometry": {"type": "Polygon", "coordinates": [[[121.53825210000001, 25.045762400000005], [121.5392908, 25.045781800000004], [121.5393264, 25.0456251], [121.53937900000001, 25.045393500000003], [121.5393845, 25.045369199999993], [121.5393131, 25.04536999999999], [121.5382798, 25.045404300000005], [121.53825210000001, 25.045762400000005]]]}}, {"type": "Feature", "properties": {"id": 258, "area_m2": 3356.44, "basis": "OSM surface road enclosed block"}, "geometry": {"type": "Polygon", "coordinates": [[[121.5300109, 25.048511600000005], [121.5298954, 25.048563600000005], [121.5296979, 25.048564699999996], [121.5296162, 25.048565200000002], [121.5295686, 25.048549700000002], [121.5294492, 25.0486791], [121.5293409, 25.048819899999998], [121.52924350000002, 25.0489484], [121.52922860000001, 25.049], [121.5292719, 25.0490176], [121.52991229999999, 25.049025], [121.5300226, 25.049023900000005], [121.5300129, 25.048610199999995], [121.5300109, 25.048511600000005]]]}}, {"type": "Feature", "properties": {"id": 259, "area_m2": 597.97, "basis": "OSM surface road enclosed block"}, "geometry": {"type": "Polygon", "coordinates": [[[121.5295686, 25.048549700000002], [121.5296162, 25.048565200000002], [121.5296979, 25.048564699999996], [121.5298954, 25.048563600000005], [121.5300109, 25.048511600000005], [121.5297572, 25.0483436], [121.5296614, 25.048448099999995], [121.5295686, 25.048549700000002]]]}}, {"type": "Feature", "properties": {"id": 260, "area_m2": 4209.44, "basis": "OSM surface road enclosed block"}, "geometry": {"type": "Polygon", "coordinates": [[[121.5328512, 25.045956600000004], [121.5327213, 25.046052599999992], [121.53254149999998, 25.04614439999999], [121.53222270000002, 25.046328399999997], [121.53173139999998, 25.0466286], [121.5318212, 25.0466276], [121.5327503, 25.0466176], [121.53287389999998, 25.046614999999996], [121.5328578, 25.046075000000002], [121.5328512, 25.045956600000004]]]}}, {"type": "Feature", "properties": {"id": 261, "area_m2": 619.53, "basis": "OSM surface road enclosed block"}, "geometry": {"type": "Polygon", "coordinates": [[[121.53254149999998, 25.04614439999999], [121.5327213, 25.046052599999992], [121.5328512, 25.045956600000004], [121.5327809, 25.0458681], [121.53269440000001, 25.0458809], [121.5325694, 25.0458909], [121.53240729999999, 25.045914], [121.5324528, 25.045923699999996], [121.53249369999999, 25.045944099999996], [121.53252709999998, 25.0459737], [121.5325503, 25.046010400000004], [121.5325619, 25.0460514], [121.5325608, 25.0460937], [121.53254149999998, 25.04614439999999]]]}}, {"type": "Feature", "properties": {"id": 262, "area_m2": 4597.45, "basis": "OSM surface road enclosed block"}, "geometry": {"type": "Polygon", "coordinates": [[[121.53173139999998, 25.0466286], [121.53222270000002, 25.046328399999997], [121.53254149999998, 25.04614439999999], [121.5325608, 25.0460937], [121.5325619, 25.0460514], [121.5325503, 25.046010400000004], [121.53252709999998, 25.0459737], [121.53249369999999, 25.045944099999996], [121.5324528, 25.045923699999996], [121.53240729999999, 25.045914], [121.53230260000001, 25.045942900000004], [121.5322329, 25.045969599999996], [121.53216970000001, 25.046004500000002], [121.5316267, 25.046325599999992], [121.5312955, 25.0465471], [121.53120810000001, 25.0466081], [121.53138360000001, 25.046796499999996], [121.531634, 25.046634399999995], [121.5317179, 25.046634799999996], [121.53173139999998, 25.0466286]]]}}, {"type": "Feature", "properties": {"id": 263, "area_m2": 7873.21, "basis": "OSM surface road enclosed block"}, "geometry": {"type": "Polygon", "coordinates": [[[121.53173139999998, 25.0466286], [121.5317179, 25.046634799999996], [121.531345, 25.046898399999996], [121.53126840000002, 25.0469549], [121.53142020000001, 25.047128599999997], [121.53152700000001, 25.0471264], [121.532761, 25.047103099999998], [121.53288229999998, 25.047102100000004], [121.5328816, 25.04702899999999], [121.53287389999998, 25.046614999999996], [121.5327503, 25.0466176], [121.5318212, 25.0466276], [121.53173139999998, 25.0466286]]]}}, {"type": "Feature", "properties": {"id": 264, "area_m2": 1021.92, "basis": "OSM surface road enclosed block"}, "geometry": {"type": "Polygon", "coordinates": [[[121.53126840000002, 25.0469549], [121.531345, 25.046898399999996], [121.5317179, 25.046634799999996], [121.531634, 25.046634399999995], [121.53138360000001, 25.046796499999996], [121.53120810000001, 25.0466081], [121.53114000000001, 25.046653299999996], [121.5310633, 25.0467076], [121.5312575, 25.046898799999997], [121.5310616, 25.0470438], [121.5309028, 25.0472133], [121.53086099999999, 25.047258], [121.5309101, 25.0472212], [121.53107799999998, 25.047095399999996], [121.53126840000002, 25.0469549]]]}}, {"type": "Feature", "properties": {"id": 265, "area_m2": 4030.71, "basis": "OSM surface road enclosed block"}, "geometry": {"type": "Polygon", "coordinates": [[[121.53126840000002, 25.0469549], [121.53107799999998, 25.047095399999996], [121.5309101, 25.0472212], [121.53086099999999, 25.047258], [121.53064220000002, 25.0474313], [121.53044900000002, 25.0476101], [121.53142620000001, 25.047593899999992], [121.53142020000001, 25.047128599999997], [121.53126840000002, 25.0469549]]]}}, {"type": "Feature", "properties": {"id": 266, "area_m2": 7172.51, "basis": "OSM surface road enclosed block"}, "geometry": {"type": "Polygon", "coordinates": [[[121.53044900000002, 25.0476101], [121.53064220000002, 25.0474313], [121.53086099999999, 25.047258], [121.5309028, 25.0472133], [121.5310616, 25.0470438], [121.5312575, 25.046898799999997], [121.5310633, 25.0467076], [121.53085080000001, 25.046876000000008], [121.5306958, 25.046993899999993], [121.5302816, 25.047342799999996], [121.5299455, 25.0476632], [121.52967919999999, 25.047925099999997], [121.5295948, 25.048045199999997], [121.52949040000001, 25.048169799999997], [121.5297572, 25.0483436], [121.52985050000001, 25.048234499999996], [121.52997830000001, 25.048072399999995], [121.53003470000002, 25.048019399999998], [121.5300565, 25.0479955], [121.53018050000001, 25.0478664], [121.53044900000002, 25.0476101]]]}}, {"type": "Feature", "properties": {"id": 267, "area_m2": 4908.17, "basis": "OSM surface road enclosed block"}, "geometry": {"type": "Polygon", "coordinates": [[[121.53044900000002, 25.0476101], [121.53018050000001, 25.0478664], [121.5300565, 25.0479955], [121.53120570000002, 25.0479635], [121.5314339, 25.0479796], [121.5314312, 25.047901899999996], [121.53142620000001, 25.047593899999992], [121.53044900000002, 25.0476101]]]}}, {"type": "Feature", "properties": {"id": 268, "area_m2": 8141.19, "basis": "OSM surface road enclosed block"}, "geometry": {"type": "Polygon", "coordinates": [[[121.5300565, 25.0479955], [121.53003470000002, 25.048019399999998], [121.53004820000001, 25.048373999999995], [121.5300109, 25.048511600000005], [121.5301269, 25.0485094], [121.5314474, 25.0484846], [121.5314339, 25.0479796], [121.53120570000002, 25.0479635], [121.5300565, 25.0479955]]]}}, {"type": "Feature", "properties": {"id": 269, "area_m2": 817.86, "basis": "OSM surface road enclosed block"}, "geometry": {"type": "Polygon", "coordinates": [[[121.53003470000002, 25.048019399999998], [121.52997830000001, 25.048072399999995], [121.52985050000001, 25.048234499999996], [121.5297572, 25.0483436], [121.5300109, 25.048511600000005], [121.53004820000001, 25.048373999999995], [121.53003470000002, 25.048019399999998]]]}}, {"type": "Feature", "properties": {"id": 270, "area_m2": 8589.81, "basis": "OSM surface road enclosed block"}, "geometry": {"type": "Polygon", "coordinates": [[[121.5288701, 25.048991599999997], [121.52876110000001, 25.0491228], [121.5287153, 25.049198599999997], [121.52857860000002, 25.049415400000004], [121.5284691, 25.0496055], [121.52837799999999, 25.049778800000002], [121.52835819999999, 25.049816799999995], [121.52823640000001, 25.050057400000004], [121.5281635, 25.050217999999994], [121.52812110000002, 25.0503162], [121.5280883, 25.050387299999993], [121.5282262, 25.050439099999995], [121.5282655, 25.050453800000003], [121.52833930000001, 25.050439500000003], [121.5284771, 25.0501275], [121.52855970000002, 25.050099999999997], [121.52866020000002, 25.0499195], [121.52875600000002, 25.049743099999997], [121.52884009999998, 25.049597700000003], [121.52896120000001, 25.04939999999999], [121.5290967, 25.049193599999988], [121.52922860000001, 25.049], [121.52924350000002, 25.0489484], [121.5293409, 25.048819899999998], [121.5294492, 25.0486791], [121.5295686, 25.048549700000002], [121.5296614, 25.048448099999995], [121.5297572, 25.0483436], [121.52949040000001, 25.048169799999997], [121.52939920000001, 25.048286300000004], [121.5292481, 25.0484766], [121.5290101, 25.048788799999997], [121.5288701, 25.048991599999997]]]}}, {"type": "Feature", "properties": {"id": 271, "area_m2": 11824.91, "basis": "OSM surface road enclosed block"}, "geometry": {"type": "Polygon", "coordinates": [[[121.5304605, 25.044583799999998], [121.5305536, 25.044601899999996], [121.5309352, 25.0446796], [121.53155550000001, 25.0448059], [121.5317414, 25.0442282], [121.5317741, 25.044180799999996], [121.5318149, 25.044101899999998], [121.531769, 25.044091099999996], [121.5314678, 25.044020500000002], [121.53117500000002, 25.0439504], [121.5307876, 25.043857700000004], [121.5307108, 25.043839299999995], [121.5306358, 25.043821299999994], [121.5303587, 25.043754999999997], [121.5303029, 25.043741599999997], [121.5302166, 25.043716400000008], [121.53016499999998, 25.0437086], [121.5302275, 25.0438275], [121.5304605, 25.044583799999998]]]}}, {"type": "Feature", "properties": {"id": 272, "area_m2": 4143.0, "basis": "OSM surface road enclosed block"}, "geometry": {"type": "Polygon", "coordinates": [[[121.534691, 25.044092700000004], [121.5344509, 25.0441751], [121.534389, 25.044214999999998], [121.5341934, 25.04434030000001], [121.5341796, 25.044351899999995], [121.5340729, 25.044441499999998], [121.53403319999998, 25.044590500000005], [121.53400549999999, 25.044668399999996], [121.5343201, 25.0447859], [121.5345193, 25.0448603], [121.53474120000001, 25.044822299999996], [121.53473409999998, 25.0447662], [121.53471239999999, 25.0444638], [121.534699, 25.044254300000002], [121.534691, 25.044092700000004]]]}}, {"type": "Feature", "properties": {"id": 273, "area_m2": 3700.21, "basis": "OSM surface road enclosed block"}, "geometry": {"type": "Polygon", "coordinates": [[[121.534699, 25.044254300000002], [121.53471239999999, 25.0444638], [121.53473409999998, 25.0447662], [121.53474120000001, 25.044822299999996], [121.53480540000001, 25.044811600000003], [121.5350372, 25.044779499999994], [121.5353374, 25.0447445], [121.5353302, 25.044699199999997], [121.53530250000001, 25.044401299999997], [121.5352945, 25.044200799999995], [121.534699, 25.044254300000002]]]}}, {"type": "Feature", "properties": {"id": 274, "area_m2": 1248.37, "basis": "OSM surface road enclosed block"}, "geometry": {"type": "Polygon", "coordinates": [[[121.534691, 25.044092700000004], [121.534699, 25.044254300000002], [121.5352945, 25.044200799999995], [121.5352703, 25.043995499999998], [121.5347513, 25.044073199999996], [121.534691, 25.044092700000004]]]}}, {"type": "Feature", "properties": {"id": 275, "area_m2": 4357.09, "basis": "OSM surface road enclosed block"}, "geometry": {"type": "Polygon", "coordinates": [[[121.53213169999998, 25.04258429999999], [121.53215770000001, 25.0426789], [121.53226509999999, 25.0431762], [121.532472, 25.043153099999994], [121.5325718, 25.043142], [121.5326594, 25.0431322], [121.53279670000002, 25.0431198], [121.5327834, 25.042553399999996], [121.53278020000002, 25.042416899999996], [121.53258379999998, 25.0424633], [121.53213169999998, 25.04258429999999]]]}}, {"type": "Feature", "properties": {"id": 276, "area_m2": 11592.85, "basis": "OSM surface road enclosed block"}, "geometry": {"type": "Polygon", "coordinates": [[[121.53544230000001, 25.0455134], [121.53534390000002, 25.0454434], [121.53531279999999, 25.0454212], [121.5352627, 25.0453856], [121.5348722, 25.0451077], [121.53476730000001, 25.0450393], [121.5346339, 25.0450614], [121.5345368, 25.045088099999997], [121.5340687, 25.045204699999992], [121.53311200000002, 25.0454833], [121.5329955, 25.045515799999997], [121.53299560000002, 25.045574], [121.53299990000001, 25.045755999999997], [121.5331147, 25.045728999999994], [121.5332086, 25.045716299999995], [121.5335965, 25.045704], [121.5340123, 25.0456996], [121.53506310000002, 25.045688399999996], [121.53532950000002, 25.0456234], [121.5353708, 25.0455898], [121.53544230000001, 25.0455134]]]}}, {"type": "Feature", "properties": {"id": 277, "area_m2": 6081.21, "basis": "OSM surface road enclosed block"}, "geometry": {"type": "Polygon", "coordinates": [[[121.53476730000001, 25.0450393], [121.5348722, 25.0451077], [121.5352627, 25.0453856], [121.53531279999999, 25.0454212], [121.53534390000002, 25.0454434], [121.53544230000001, 25.0455134], [121.5356246, 25.045634399999997], [121.53571299999999, 25.045701100000002], [121.5357356, 25.0457187], [121.5357662, 25.045742599999997], [121.535816, 25.045654], [121.53597070000001, 25.045131800000004], [121.5360326, 25.0449345], [121.5360408, 25.044888499999995], [121.53571090000001, 25.0449101], [121.5354594, 25.044938600000002], [121.53492659999999, 25.0450147], [121.53476730000001, 25.0450393]]]}}, {"type": "Feature", "properties": {"id": 278, "area_m2": 57847.59, "basis": "OSM surface road enclosed block"}, "geometry": {"type": "Polygon", "coordinates": [[[121.5340123, 25.0456996], [121.5335965, 25.045704], [121.5335979, 25.0457947], [121.5335991, 25.045850799999997], [121.53362350000002, 25.0470883], [121.5340312, 25.0473781], [121.5345168, 25.047767099999998], [121.5347191, 25.047915699999994], [121.53597240000002, 25.047894399999993], [121.5362106, 25.047901499999995], [121.53636490000001, 25.0479245], [121.5363899, 25.047925200000005], [121.53645820000001, 25.0479273], [121.5364444, 25.0475362], [121.5364406, 25.047179999999997], [121.5364368, 25.046853500000005], [121.5364323, 25.046584100000004], [121.5364182, 25.0463093], [121.53641539999998, 25.0462557], [121.53641410000002, 25.0462298], [121.5364065, 25.046022400000002], [121.53632659999998, 25.0459966], [121.5362553, 25.04597569999999], [121.53617919999999, 25.045953399999995], [121.53600340000001, 25.045875299999995], [121.5357662, 25.045742599999997], [121.5357356, 25.0457187], [121.53571299999999, 25.045701100000002], [121.5356246, 25.045634399999997], [121.5354932, 25.04569409999999], [121.53525510000001, 25.0456963], [121.53506310000002, 25.045688399999996], [121.5340123, 25.0456996]], [[121.53498870000001, 25.0465834], [121.53495650000002, 25.046729200000005], [121.5349243, 25.046875000000004], [121.53489750000001, 25.0469333], [121.53487610000002, 25.046947900000006], [121.53472590000001, 25.0469479], [121.53468330000001, 25.046944399999994], [121.5343075, 25.046913899999996], [121.53389450000002, 25.046875], [121.53388379999998, 25.046811799999997], [121.533916, 25.046422899999992], [121.53393740000001, 25.04637919999999], [121.53449520000001, 25.0464764], [121.53498870000001, 25.0465834]]]}}, {"type": "Feature", "properties": {"id": 279, "area_m2": 5128.14, "basis": "OSM surface road enclosed block"}, "geometry": {"type": "Polygon", "coordinates": [[[121.53085080000001, 25.046876000000008], [121.530718, 25.046344900000005], [121.5304238, 25.0465618], [121.5303267, 25.0466328], [121.53014480000002, 25.046765900000004], [121.5298983, 25.0469745], [121.53022729999999, 25.047290699999998], [121.5302816, 25.047342799999996], [121.5306958, 25.046993899999993], [121.53085080000001, 25.046876000000008]]]}}, {"type": "Feature", "properties": {"id": 280, "area_m2": 1514.74, "basis": "OSM surface road enclosed block"}, "geometry": {"type": "Polygon", "coordinates": [[[121.530718, 25.046344900000005], [121.53085080000001, 25.046876000000008], [121.5310633, 25.0467076], [121.5309884, 25.0466197], [121.5309649, 25.0465409], [121.5308345, 25.0461013], [121.5306685, 25.046149599999996], [121.530718, 25.046344900000005]]]}}, {"type": "Feature", "properties": {"id": 281, "area_m2": 9210.73, "basis": "OSM surface road enclosed block"}, "geometry": {"type": "Polygon", "coordinates": [[[121.5330141, 25.047099199999998], [121.5331054, 25.047098499999993], [121.53362350000002, 25.0470883], [121.5335991, 25.045850799999997], [121.5335979, 25.0457947], [121.5335965, 25.045704], [121.53336080000001, 25.045732799999993], [121.53321890000001, 25.045755199999995], [121.5331152, 25.045775199999998], [121.5329813, 25.045846000000004], [121.5329849, 25.0459553], [121.5330111, 25.0470305], [121.5330141, 25.047099199999998]]]}}, {"type": "Feature", "properties": {"id": 282, "area_m2": 4429.78, "basis": "OSM surface road enclosed block"}, "geometry": {"type": "Polygon", "coordinates": [[[121.53362350000002, 25.0470883], [121.5331054, 25.047098499999993], [121.5330141, 25.047099199999998], [121.5330178, 25.0471926], [121.5330248, 25.0475643], [121.5331158, 25.047563199999995], [121.53339860000001, 25.0475578], [121.5338736, 25.0475487], [121.5340312, 25.0473781], [121.53362350000002, 25.0470883]]]}}, {"type": "Feature", "properties": {"id": 283, "area_m2": 3555.16, "basis": "OSM surface road enclosed block"}, "geometry": {"type": "Polygon", "coordinates": [[[121.5338736, 25.0475487], [121.53339860000001, 25.0475578], [121.5331158, 25.047563199999995], [121.5330248, 25.0475643], [121.53303890000001, 25.0476378], [121.5330519, 25.047944499999996], [121.5331243, 25.0479423], [121.533385, 25.047937900000004], [121.5338856, 25.0479295], [121.5338736, 25.0475487]]]}}, {"type": "Feature", "properties": {"id": 284, "area_m2": 2867.47, "basis": "OSM surface road enclosed block"}, "geometry": {"type": "Polygon", "coordinates": [[[121.5340312, 25.0473781], [121.5338736, 25.0475487], [121.5338856, 25.0479295], [121.5347191, 25.047915699999994], [121.5345168, 25.047767099999998], [121.5340312, 25.0473781]]]}}, {"type": "Feature", "properties": {"id": 285, "area_m2": 7627.01, "basis": "OSM surface road enclosed block"}, "geometry": {"type": "Polygon", "coordinates": [[[121.53142620000001, 25.047593899999992], [121.532768, 25.0475706], [121.5328872, 25.047566899999996], [121.5328853, 25.047195200000004], [121.53288229999998, 25.047102100000004], [121.532761, 25.047103099999998], [121.53152700000001, 25.0471264], [121.53142020000001, 25.047128599999997], [121.53142620000001, 25.047593899999992]]]}}, {"type": "Feature", "properties": {"id": 286, "area_m2": 5720.95, "basis": "OSM surface road enclosed block"}, "geometry": {"type": "Polygon", "coordinates": [[[121.5328872, 25.047566899999996], [121.532768, 25.0475706], [121.53142620000001, 25.047593899999992], [121.5314312, 25.047901899999996], [121.53188670000002, 25.0478999], [121.5322314, 25.047961799999996], [121.5324356, 25.047957499999995], [121.53277600000001, 25.0479502], [121.5328857, 25.047948899999998], [121.5328872, 25.047566899999996]]]}}, {"type": "Feature", "properties": {"id": 287, "area_m2": 8308.93, "basis": "OSM surface road enclosed block"}, "geometry": {"type": "Polygon", "coordinates": [[[121.53146040000001, 25.0490064], [121.5314474, 25.0484846], [121.5301269, 25.0485094], [121.5300109, 25.048511600000005], [121.5300129, 25.048610199999995], [121.5300226, 25.049023900000005], [121.53013540000002, 25.049022499999992], [121.53146040000001, 25.0490064]]]}}, {"type": "Feature", "properties": {"id": 288, "area_m2": 1907.4, "basis": "OSM surface road enclosed block"}, "geometry": {"type": "Polygon", "coordinates": [[[121.52876, 25.0489344], [121.5283779, 25.048706400000004], [121.52822340000002, 25.048630899999996], [121.5283433, 25.0490092], [121.52844280000001, 25.049421299999995], [121.5285281, 25.049256200000002], [121.5286788, 25.04904709999999], [121.52876, 25.0489344]]]}}, {"type": "Feature", "properties": {"id": 289, "area_m2": 5117.71, "basis": "OSM surface road enclosed block"}, "geometry": {"type": "Polygon", "coordinates": [[[121.5284373, 25.0477677], [121.5284159, 25.047675899999998], [121.52840809999998, 25.047640799999996], [121.5284383, 25.0475769], [121.52860459999998, 25.047370599999997], [121.52879629999998, 25.047136499999997], [121.52865190000001, 25.047025900000005], [121.52781480000002, 25.047261399999996], [121.5278597, 25.0474203], [121.5278795, 25.047488200000004], [121.5279862, 25.047864700000005], [121.5284373, 25.0477677]]]}}, {"type": "Feature", "properties": {"id": 290, "area_m2": 2837.92, "basis": "OSM surface road enclosed block"}, "geometry": {"type": "Polygon", "coordinates": [[[121.52886250000002, 25.0479233], [121.52974789999999, 25.0471158], [121.5298983, 25.0469745], [121.52976740000001, 25.046850999999993], [121.5287261, 25.047806399999995], [121.52886250000002, 25.0479233]]]}}, {"type": "Feature", "properties": {"id": 291, "area_m2": 5713.04, "basis": "OSM surface road enclosed block"}, "geometry": {"type": "Polygon", "coordinates": [[[121.53281199999999, 25.043770200000004], [121.5326855, 25.0437712], [121.5325821, 25.043745500000004], [121.53228060000002, 25.043670600000002], [121.5322427, 25.0436624], [121.53195430000001, 25.0436164], [121.5318376, 25.044031599999997], [121.5318149, 25.044101899999998], [121.53190450000001, 25.044124999999998], [121.5320484, 25.044159500000003], [121.5326481, 25.044318799999996], [121.53282580000001, 25.044360099999995], [121.53282289999999, 25.0442386], [121.53281199999999, 25.043770200000004]]]}}, {"type": "Feature", "properties": {"id": 292, "area_m2": 3518.03, "basis": "OSM surface road enclosed block"}, "geometry": {"type": "Polygon", "coordinates": [[[121.53228060000002, 25.043670600000002], [121.5325821, 25.043745500000004], [121.5326855, 25.0437712], [121.53281199999999, 25.043770200000004], [121.53279670000002, 25.0431198], [121.5326594, 25.0431322], [121.5325718, 25.043142], [121.532472, 25.043153099999994], [121.53226509999999, 25.0431762], [121.5322731, 25.043501899999995], [121.5322427, 25.0436624], [121.53228060000002, 25.043670600000002]]]}}, {"type": "Feature", "properties": {"id": 293, "area_m2": 8240.19, "basis": "OSM surface road enclosed block"}, "geometry": {"type": "Polygon", "coordinates": [[[121.5330006, 25.0443975], [121.53300200000001, 25.0445155], [121.5330073, 25.044959899999995], [121.5330087, 25.0451891], [121.5329883, 25.045306500000002], [121.53310970000001, 25.045274299999996], [121.5331299, 25.045266899999998], [121.5340426, 25.0450201], [121.53438920000002, 25.044906499999996], [121.5345193, 25.0448603], [121.5343201, 25.0447859], [121.53400549999999, 25.044668399999996], [121.5337759, 25.044587099999998], [121.5331644, 25.0444366], [121.5330006, 25.0443975]]]}}, {"type": "Feature", "properties": {"id": 294, "area_m2": 3236.1, "basis": "OSM surface road enclosed block"}, "geometry": {"type": "Polygon", "coordinates": [[[121.53281199999999, 25.043770200000004], [121.53282289999999, 25.0442386], [121.53282580000001, 25.044360099999995], [121.53290870000001, 25.044379299999996], [121.5330006, 25.0443975], [121.5329958, 25.0442713], [121.53298630000002, 25.043801099999996], [121.5329652, 25.043666], [121.53295690000002, 25.0436127], [121.53292880000001, 25.043433199999996], [121.53292369999998, 25.0432012], [121.53292040000001, 25.042517899999996], [121.53291769999998, 25.042389099999998], [121.53278020000002, 25.042416899999996], [121.5327834, 25.042553399999996], [121.53279670000002, 25.0431198], [121.53281199999999, 25.043770200000004]]]}}, {"type": "Feature", "properties": {"id": 295, "area_m2": 3640.98, "basis": "OSM surface road enclosed block"}, "geometry": {"type": "Polygon", "coordinates": [[[121.53226509999999, 25.0431762], [121.5322269, 25.0431824], [121.5315664, 25.0432893], [121.53130059999998, 25.0432968], [121.5313033, 25.0435074], [121.53195430000001, 25.0436164], [121.5322427, 25.0436624], [121.5322731, 25.043501899999995], [121.53226509999999, 25.0431762]]]}}, {"type": "Feature", "properties": {"id": 296, "area_m2": 10126.17, "basis": "OSM surface road enclosed block"}, "geometry": {"type": "Polygon", "coordinates": [[[121.53646780000001, 25.048394499999997], [121.5365289, 25.048393499999996], [121.5365879, 25.048392599999996], [121.53693850000002, 25.048375699999998], [121.5369603, 25.0483136], [121.53696380000001, 25.048264799999995], [121.5369591, 25.04755769999999], [121.5369534, 25.047252800000003], [121.5369484, 25.0471714], [121.5369511, 25.0469561], [121.53694490000001, 25.046678599999996], [121.5369403, 25.046614900000005], [121.5364323, 25.046584100000004], [121.5364368, 25.046853500000005], [121.5364406, 25.047179999999997], [121.5364444, 25.0475362], [121.53645820000001, 25.0479273], [121.536468, 25.048276999999995], [121.53646780000001, 25.048394499999997]]]}}, {"type": "Feature", "properties": {"id": 297, "area_m2": 27474.83, "basis": "OSM surface road enclosed block"}, "geometry": {"type": "Polygon", "coordinates": [[[121.53688670000001, 25.043915], [121.5368977, 25.0440509], [121.53689710000002, 25.044262599999996], [121.5369042, 25.044594800000002], [121.5369054, 25.0446398], [121.5369963, 25.044635499999995], [121.53742430000001, 25.044617000000002], [121.53785150000002, 25.044603399999996], [121.53830099999999, 25.044582299999995], [121.53870900000001, 25.0445584], [121.5391208, 25.044540199999997], [121.53942150000002, 25.0445241], [121.53964890000002, 25.044511], [121.5399655, 25.0444965], [121.54019240000001, 25.0444845], [121.54058540000001, 25.044467199999996], [121.54067900000001, 25.044463100000005], [121.5406772, 25.044392399999992], [121.5406764, 25.044343599999998], [121.5406735, 25.0441687], [121.5406734, 25.0441545], [121.5406732, 25.044103199999995], [121.5400674, 25.044081499999997], [121.5399824, 25.0439028], [121.53983820000002, 25.043894899999994], [121.53979570000001, 25.043892500000002], [121.53973119999999, 25.043889099999998], [121.5393995, 25.043871099999997], [121.53839880000001, 25.043811500000004], [121.5383119, 25.043806299999996], [121.5382793, 25.043804599999994], [121.53789300000001, 25.043784300000002], [121.53771059999998, 25.0437747], [121.5377044, 25.0438606], [121.5376975, 25.043955099999998], [121.53742609999999, 25.043945000000004], [121.5370278, 25.043921899999997], [121.5369556, 25.043918300000005], [121.53688670000001, 25.043915]]]}}, {"type": "Feature", "properties": {"id": 298, "area_m2": 3289.44, "basis": "OSM surface road enclosed block"}, "geometry": {"type": "Polygon", "coordinates": [[[121.5369195, 25.0461247], [121.53692320000002, 25.0462288], [121.5369403, 25.046614900000005], [121.53694490000001, 25.046678599999996], [121.5370038, 25.0466865], [121.53741980000001, 25.046741999999995], [121.5374409, 25.046642399999996], [121.53750289999999, 25.046302000000004], [121.5375184, 25.0462166], [121.5372414, 25.0461741], [121.5372129, 25.046169199999998], [121.53708560000001, 25.0461475], [121.53703810000002, 25.046139399999994], [121.5370032, 25.046137299999998], [121.5369195, 25.0461247]]]}}, {"type": "Feature", "properties": {"id": 299, "area_m2": 2987.73, "basis": "OSM surface road enclosed block"}, "geometry": {"type": "Polygon", "coordinates": [[[121.5369403, 25.046614900000005], [121.53692320000002, 25.0462288], [121.5369195, 25.0461247], [121.5364065, 25.046022400000002], [121.53641410000002, 25.0462298], [121.53641539999998, 25.0462557], [121.5364182, 25.0463093], [121.5364323, 25.046584100000004], [121.5369403, 25.046614900000005]]]}}, {"type": "Feature", "properties": {"id": 300, "area_m2": 1350.06, "basis": "OSM surface road enclosed block"}, "geometry": {"type": "Polygon", "coordinates": [[[121.53694490000001, 25.046678599999996], [121.5369511, 25.0469561], [121.5370047, 25.046961599999996], [121.53737440000002, 25.046999899999996], [121.53739460000001, 25.046864599999996], [121.53741980000001, 25.046741999999995], [121.5370038, 25.0466865], [121.53694490000001, 25.046678599999996]]]}}, {"type": "Feature", "properties": {"id": 301, "area_m2": 1385.67, "basis": "OSM surface road enclosed block"}, "geometry": {"type": "Polygon", "coordinates": [[[121.5369511, 25.0469561], [121.5369484, 25.0471714], [121.5369534, 25.047252800000003], [121.5370057, 25.047262199999995], [121.53732220000002, 25.047319], [121.53737440000002, 25.046999899999996], [121.5370047, 25.046961599999996], [121.5369511, 25.0469561]]]}}, {"type": "Feature", "properties": {"id": 302, "area_m2": 37898.18, "basis": "OSM surface road enclosed block"}, "geometry": {"type": "Polygon", "coordinates": [[[121.5336996, 25.0436104], [121.5338964, 25.04361129999999], [121.534012, 25.0436118], [121.5341083, 25.0436123], [121.53413510000001, 25.04361239999999], [121.5341583, 25.043612499999995], [121.53434660000002, 25.0436135], [121.5343782, 25.0436137], [121.5344965, 25.0436235], [121.5345907, 25.043626100000004], [121.5346093, 25.0436235], [121.53472940000002, 25.043607399999996], [121.53487140000001, 25.0435708], [121.5350072, 25.043564599999996], [121.53510090000002, 25.043560299999996], [121.53532350000002, 25.0435596], [121.5353635, 25.043559499999994], [121.53536139999999, 25.0433211], [121.53536, 25.043159500000005], [121.53535899999999, 25.0430458], [121.5353574, 25.0428662], [121.53535689999998, 25.042803199999998], [121.5353147, 25.042762000000007], [121.5353123, 25.0426333], [121.53535600000001, 25.042590299999997], [121.53535569999998, 25.042508399999996], [121.53535480000001, 25.042297999999995], [121.5353514, 25.042170699999996], [121.5353516, 25.04209529999999], [121.5353426, 25.04202679999999], [121.5339535, 25.0422308], [121.53324230000001, 25.0423345], [121.5332073, 25.0423396], [121.5331684, 25.0423463], [121.53291769999998, 25.042389099999998], [121.53292040000001, 25.042517899999996], [121.53292369999998, 25.0432012], [121.53292880000001, 25.043433199999996], [121.53295690000002, 25.0436127], [121.53307030000002, 25.043612499999995], [121.5331212, 25.043613299999997], [121.53339229999999, 25.043611700000003], [121.53361520000001, 25.043610399999995], [121.53361750000002, 25.043598700000004], [121.5336237, 25.043588299999996], [121.53363320000001, 25.043579999999995], [121.533645, 25.043574800000002], [121.53365789999998, 25.043573100000003], [121.53367070000002, 25.043575], [121.5336821, 25.043580299999995], [121.5336913, 25.0435885], [121.5336973, 25.043598899999996], [121.5336996, 25.0436104]]]}}, {"type": "Feature", "properties": {"id": 303, "area_m2": 637.04, "basis": "OSM surface road enclosed block"}, "geometry": {"type": "Polygon", "coordinates": [[[121.53299990000001, 25.045755999999997], [121.53299560000002, 25.045574], [121.5329955, 25.045515799999997], [121.53288940000002, 25.045544299999996], [121.53277660000002, 25.045575799999998], [121.5327774, 25.045643399999992], [121.5327809, 25.0458681], [121.5328929, 25.045795699999992], [121.53299990000001, 25.045755999999997]]]}}, {"type": "Feature", "properties": {"id": 304, "area_m2": 5591.73, "basis": "OSM surface road enclosed block"}, "geometry": {"type": "Polygon", "coordinates": [[[121.5357662, 25.045742599999997], [121.53600340000001, 25.045875299999995], [121.53617919999999, 25.045953399999995], [121.5362553, 25.04597569999999], [121.53632659999998, 25.0459966], [121.5364065, 25.046022400000002], [121.53640450000002, 25.045933099999992], [121.5363665, 25.044937999999995], [121.53636399999999, 25.044873599999995], [121.53627340000001, 25.0448778], [121.5360408, 25.044888499999995], [121.5360326, 25.0449345], [121.53597070000001, 25.045131800000004], [121.535816, 25.045654], [121.5357662, 25.045742599999997]]]}}, {"type": "Feature", "properties": {"id": 305, "area_m2": 8353.03, "basis": "OSM surface road enclosed block"}, "geometry": {"type": "Polygon", "coordinates": [[[121.5310633, 25.0467076], [121.53114000000001, 25.046653299999996], [121.53120810000001, 25.0466081], [121.5312955, 25.0465471], [121.5316267, 25.046325599999992], [121.53216970000001, 25.046004500000002], [121.5322329, 25.045969599999996], [121.53230260000001, 25.045942900000004], [121.53240729999999, 25.045914], [121.5325694, 25.0458909], [121.53269440000001, 25.0458809], [121.5327809, 25.0458681], [121.5327774, 25.045643399999992], [121.53277660000002, 25.045575799999998], [121.53266080000002, 25.0456049], [121.53188200000001, 25.045816500000004], [121.5309151, 25.046083799999995], [121.5308345, 25.0461013], [121.5309649, 25.0465409], [121.5309884, 25.0466197], [121.5310633, 25.0467076]]]}}, {"type": "Feature", "properties": {"id": 306, "area_m2": 8758.53, "basis": "OSM surface road enclosed block"}, "geometry": {"type": "Polygon", "coordinates": [[[121.5328857, 25.047948899999998], [121.53277600000001, 25.0479502], [121.5324356, 25.047957499999995], [121.5322314, 25.047961799999996], [121.53188670000002, 25.0478999], [121.5314312, 25.047901899999996], [121.5314339, 25.0479796], [121.5314474, 25.0484846], [121.5323982, 25.04846669999999], [121.53275929999998, 25.048464699999993], [121.5328994, 25.0484625], [121.5328947, 25.0483363], [121.5328857, 25.047948899999998]]]}}, {"type": "Feature", "properties": {"id": 307, "area_m2": 7109.32, "basis": "OSM surface road enclosed block"}, "geometry": {"type": "Polygon", "coordinates": [[[121.5304605, 25.044583799999998], [121.5302275, 25.0438275], [121.53016499999998, 25.0437086], [121.5298938, 25.0436437], [121.5299227, 25.04376349999999], [121.52992829999998, 25.043786700000002], [121.52993479999999, 25.043813800000002], [121.5300222, 25.044176299999993], [121.53033470000001, 25.0452764], [121.5304525, 25.0456539], [121.5305275, 25.045704699999995], [121.530781, 25.045650499999997], [121.53076770000001, 25.0456033], [121.53057320000002, 25.0449579], [121.5304605, 25.044583799999998]]]}}, {"type": "Feature", "properties": {"id": 308, "area_m2": 780.0, "basis": "OSM surface road enclosed block"}, "geometry": {"type": "Polygon", "coordinates": [[[121.53082920000001, 25.0459219], [121.5308296, 25.0458238], [121.53082409999999, 25.045804200000003], [121.530781, 25.045650499999997], [121.5305275, 25.045704699999995], [121.5305827, 25.045872699999997], [121.53058880000002, 25.045891400000002], [121.5306115, 25.045978799999997], [121.53082920000001, 25.0459219]]]}}, {"type": "Feature", "properties": {"id": 309, "area_m2": 11104.8, "basis": "OSM surface road enclosed block"}, "geometry": {"type": "Polygon", "coordinates": [[[121.5394455, 25.0473057], [121.54038800000001, 25.0472781], [121.5405108, 25.0468466], [121.5405186, 25.046819299999996], [121.5405466, 25.046733500000002], [121.54051069999998, 25.0467255], [121.54043230000002, 25.046707999999988], [121.5403716, 25.0466948], [121.54031320000001, 25.046682199999992], [121.54015100000001, 25.046646999999993], [121.53988080000002, 25.0465931], [121.5397712, 25.0465728], [121.53972109999998, 25.0465645], [121.5393128, 25.046492399999998], [121.53927970000001, 25.046487700000004], [121.5392486, 25.0464825], [121.53921810000001, 25.046479800000004], [121.5391356, 25.046466199999998], [121.5391166, 25.046563], [121.539061, 25.046918499999997], [121.5390728, 25.0473166], [121.5394455, 25.0473057]]]}}, {"type": "Feature", "properties": {"id": 310, "area_m2": 7122.01, "basis": "OSM surface road enclosed block"}, "geometry": {"type": "Polygon", "coordinates": [[[121.53636399999999, 25.044873599999995], [121.5363665, 25.044937999999995], [121.53640450000002, 25.045933099999992], [121.5364065, 25.046022400000002], [121.5369195, 25.0461247], [121.5369147, 25.045973299999996], [121.53691390000002, 25.045901700000005], [121.5369133, 25.0458502], [121.5369078, 25.045382399999998], [121.53691009999999, 25.0449339], [121.5369106, 25.044842499999998], [121.53636399999999, 25.044873599999995]]]}}, {"type": "Feature", "properties": {"id": 311, "area_m2": 387.32, "basis": "OSM surface road enclosed block"}, "geometry": {"type": "Polygon", "coordinates": [[[121.53082920000001, 25.0459219], [121.5306115, 25.045978799999997], [121.5306452, 25.046076800000005], [121.5306685, 25.046149599999996], [121.5308345, 25.0461013], [121.53082679999999, 25.046026799999996], [121.53082920000001, 25.0459219]]]}}, {"type": "Feature", "properties": {"id": 312, "area_m2": 4097.5, "basis": "OSM surface road enclosed block"}, "geometry": {"type": "Polygon", "coordinates": [[[121.5439383, 25.044978899999997], [121.54379530000001, 25.0449613], [121.5437968, 25.0450231], [121.5438099, 25.0455628], [121.5438351, 25.0464469], [121.54384690000002, 25.0468991], [121.5438537, 25.047079399999998], [121.5438611, 25.047437999999996], [121.5438654, 25.047563299999997], [121.5440063, 25.047599199999997], [121.5440016, 25.0474518], [121.54399910000001, 25.0473642], [121.54399780000001, 25.047317100000004], [121.54397860000002, 25.0466303], [121.54397470000002, 25.046471500000003], [121.54395139999998, 25.045515799999997], [121.54393960000002, 25.045030399999995], [121.5439383, 25.044978899999997]]]}}, {"type": "Feature", "properties": {"id": 313, "area_m2": 360.44, "basis": "OSM surface road enclosed block"}, "geometry": {"type": "Polygon", "coordinates": [[[121.54379530000001, 25.0449613], [121.5439383, 25.044978899999997], [121.5439352, 25.044755699999996], [121.5437875, 25.044739499999995], [121.54379530000001, 25.0449613]]]}}, {"type": "Feature", "properties": {"id": 314, "area_m2": 18666.49, "basis": "OSM surface road enclosed block"}, "geometry": {"type": "Polygon", "coordinates": [[[121.54379530000001, 25.0449613], [121.54367800000001, 25.0449479], [121.54355559999999, 25.0449334], [121.5433754, 25.044911999999997], [121.54314280000001, 25.0448843], [121.54285300000001, 25.044852000000002], [121.5428429, 25.044888299999997], [121.5426485, 25.0455879], [121.54252199999999, 25.045997099999997], [121.5421928, 25.047039299999998], [121.54216700000002, 25.047129099999992], [121.54221360000001, 25.0471397], [121.5423217, 25.0471589], [121.542362, 25.047168600000003], [121.5424153, 25.0471814], [121.5427172, 25.047266199999992], [121.54274160000001, 25.047180700000002], [121.5427598, 25.0471169], [121.54294710000002, 25.046461699999995], [121.5432487, 25.045709400000003], [121.5433037, 25.045571100000004], [121.54363549999998, 25.045565399999994], [121.5436891, 25.045564500000005], [121.5437365, 25.045563000000005], [121.5438099, 25.0455628], [121.5437968, 25.0450231], [121.54379530000001, 25.0449613]]]}}, {"type": "Feature", "properties": {"id": 315, "area_m2": 1451.67, "basis": "OSM surface road enclosed block"}, "geometry": {"type": "Polygon", "coordinates": [[[121.54314280000001, 25.0448843], [121.5433754, 25.044911999999997], [121.54355559999999, 25.0449334], [121.54367800000001, 25.0449479], [121.54379530000001, 25.0449613], [121.5437875, 25.044739499999995], [121.54367209999998, 25.044725299999996], [121.54359310000001, 25.044716800000003], [121.5431525, 25.044667700000005], [121.5432242, 25.044736000000004], [121.54321060000001, 25.044850900000004], [121.54314280000001, 25.0448843]]]}}, {"type": "Feature", "properties": {"id": 316, "area_m2": 1958.25, "basis": "OSM surface road enclosed block"}, "geometry": {"type": "Polygon", "coordinates": [[[121.54285300000001, 25.044852000000002], [121.54314280000001, 25.0448843], [121.54321060000001, 25.044850900000004], [121.5432242, 25.044736000000004], [121.5431525, 25.044667700000005], [121.54242870124155, 25.04458421132315], [121.54241850000001, 25.0446152], [121.5423603139456, 25.044791801493343], [121.54236960000001, 25.044792500000003], [121.54275330000002, 25.044838099999996], [121.54285300000001, 25.044852000000002]]]}}, {"type": "Feature", "properties": {"id": 317, "area_m2": 14054.05, "basis": "OSM surface road enclosed block"}, "geometry": {"type": "Polygon", "coordinates": [[[121.54285300000001, 25.044852000000002], [121.54275330000002, 25.044838099999996], [121.54236960000001, 25.044792500000003], [121.5423603139456, 25.044791801493343], [121.5423587, 25.0447967], [121.54234940000002, 25.0448277], [121.5423416, 25.0448537], [121.5421639, 25.045447399999997], [121.5420395, 25.045831099999997], [121.54159409999998, 25.046905699999996], [121.5415689, 25.046988399999996], [121.54162229999999, 25.0470024], [121.5416657, 25.047013099999997], [121.54172450000002, 25.0470253], [121.5419938, 25.047089399999997], [121.54204949999999, 25.047102699999993], [121.54210430000002, 25.0471157], [121.54216700000002, 25.047129099999992], [121.5421928, 25.047039299999998], [121.54252199999999, 25.045997099999997], [121.5426485, 25.0455879], [121.5428429, 25.044888299999997], [121.54285300000001, 25.044852000000002]]]}}, {"type": "Feature", "properties": {"id": 318, "area_m2": 9396.09, "basis": "OSM surface road enclosed block"}, "geometry": {"type": "Polygon", "coordinates": [[[121.5423603139456, 25.044791801493343], [121.54230179999999, 25.0447874], [121.54166870000002, 25.044738900000002], [121.54128229999999, 25.0447096], [121.54120610000001, 25.0447043], [121.5410722, 25.0446958], [121.54090009999999, 25.0446958], [121.54083949999999, 25.044695699999988], [121.5408408, 25.0447226], [121.54084210000002, 25.044749400000004], [121.54085599999999, 25.0452925], [121.5411238, 25.0452735], [121.5414537, 25.045261100000005], [121.5421639, 25.045447399999997], [121.5423416, 25.0448537], [121.54234940000002, 25.0448277], [121.5423587, 25.0447967], [121.5423603139456, 25.044791801493343]]]}}, {"type": "Feature", "properties": {"id": 319, "area_m2": 3109.25, "basis": "OSM surface road enclosed block"}, "geometry": {"type": "Polygon", "coordinates": [[[121.54128229999999, 25.0447096], [121.54166870000002, 25.044738900000002], [121.54230179999999, 25.0447874], [121.5423603139456, 25.044791801493343], [121.54241850000001, 25.0446152], [121.54242870124155, 25.04458421132315], [121.54241820000001, 25.04458299999999], [121.5421703, 25.044554800000004], [121.54168670000001, 25.044498600000004], [121.5413865, 25.04447100000001], [121.5412399, 25.0444638], [121.5411913, 25.044480999999998], [121.54119320000001, 25.0446317], [121.54128229999999, 25.0447096]]]}}, {"type": "Feature", "properties": {"id": 320, "area_m2": 168.35, "basis": "OSM surface road enclosed block"}, "geometry": {"type": "Polygon", "coordinates": [[[121.5410722, 25.0446958], [121.54120610000001, 25.0447043], [121.54128229999999, 25.0447096], [121.54119320000001, 25.0446317], [121.5411913, 25.044480999999998], [121.5412399, 25.0444638], [121.5411, 25.0444588], [121.54115489999998, 25.0444807], [121.54116379999999, 25.04463399999999], [121.5410722, 25.0446958]]]}}, {"type": "Feature", "properties": {"id": 321, "area_m2": 9536.21, "basis": "OSM surface road enclosed block"}, "geometry": {"type": "Polygon", "coordinates": [[[121.54083949999999, 25.044695699999988], [121.54067890000002, 25.044696999999996], [121.5404141, 25.0447049], [121.5403293, 25.0447086], [121.53952840000001, 25.0447431], [121.53951670000001, 25.044789300000005], [121.539462, 25.0450045], [121.53940119999999, 25.0452907], [121.5393845, 25.045369199999993], [121.53943360000001, 25.045366399999995], [121.54006309999998, 25.0453306], [121.54032010000002, 25.045321199999997], [121.5403468, 25.045320199999992], [121.54050980000001, 25.045314199999993], [121.54085599999999, 25.0452925], [121.54084210000002, 25.044749400000004], [121.5408408, 25.0447226], [121.54083949999999, 25.044695699999988]]]}}, {"type": "Feature", "properties": {"id": 322, "area_m2": 3487.24, "basis": "OSM surface road enclosed block"}, "geometry": {"type": "Polygon", "coordinates": [[[121.53952840000001, 25.0447431], [121.5393875, 25.04474799999999], [121.53834510000002, 25.044778], [121.53833909999999, 25.044838299999995], [121.5383364, 25.0448659], [121.5383175, 25.045056999999996], [121.539462, 25.0450045], [121.53951670000001, 25.044789300000005], [121.53952840000001, 25.0447431]]]}}, {"type": "Feature", "properties": {"id": 323, "area_m2": 9131.85, "basis": "OSM surface road enclosed block"}, "geometry": {"type": "Polygon", "coordinates": [[[121.53834510000002, 25.044778], [121.53769529999998, 25.044808500000002], [121.5369705, 25.0448399], [121.5369106, 25.044842499999998], [121.53691009999999, 25.0449339], [121.5369078, 25.045382399999998], [121.5369676, 25.0453823], [121.53699790000002, 25.0453823], [121.5371928, 25.045382099999998], [121.5377394, 25.045399300000003], [121.5382798, 25.045404300000005], [121.5383175, 25.045056999999996], [121.5383364, 25.0448659], [121.53833909999999, 25.044838299999995], [121.53834510000002, 25.044778]]]}}, {"type": "Feature", "properties": {"id": 324, "area_m2": 2075.75, "basis": "OSM surface road enclosed block"}, "geometry": {"type": "Polygon", "coordinates": [[[121.53825210000001, 25.045762400000005], [121.5382798, 25.045404300000005], [121.5377394, 25.045399300000003], [121.5377344, 25.0457425], [121.53825210000001, 25.045762400000005]]]}}, {"type": "Feature", "properties": {"id": 325, "area_m2": 4437.6, "basis": "OSM surface road enclosed block"}, "geometry": {"type": "Polygon", "coordinates": [[[121.5383175, 25.045056999999996], [121.5382798, 25.045404300000005], [121.5393131, 25.04536999999999], [121.5393845, 25.045369199999993], [121.53940119999999, 25.0452907], [121.539462, 25.0450045], [121.5383175, 25.045056999999996]]]}}, {"type": "Feature", "properties": {"id": 326, "area_m2": 468.26, "basis": "OSM surface road enclosed block"}, "geometry": {"type": "Polygon", "coordinates": [[[121.53544230000001, 25.0455134], [121.5353708, 25.0455898], [121.53532950000002, 25.0456234], [121.53506310000002, 25.045688399999996], [121.53525510000001, 25.0456963], [121.5354932, 25.04569409999999], [121.5356246, 25.045634399999997], [121.53544230000001, 25.0455134]]]}}, {"type": "Feature", "properties": {"id": 327, "area_m2": 1514.97, "basis": "OSM surface road enclosed block"}, "geometry": {"type": "Polygon", "coordinates": [[[121.5328994, 25.0484625], [121.5330402, 25.048459099999995], [121.532964, 25.048335099999996], [121.5329571, 25.0478796], [121.5329739, 25.047643299999997], [121.5330248, 25.0475643], [121.5330178, 25.0471926], [121.5330141, 25.047099199999998], [121.53288229999998, 25.047102100000004], [121.5328853, 25.047195200000004], [121.5328872, 25.047566899999996], [121.5328857, 25.047948899999998], [121.5328947, 25.0483363], [121.5328994, 25.0484625]]]}}, {"type": "Feature", "properties": {"id": 328, "area_m2": 1731.19, "basis": "OSM surface road enclosed block"}, "geometry": {"type": "Polygon", "coordinates": [[[121.53288229999998, 25.047102100000004], [121.5330141, 25.047099199999998], [121.5330111, 25.0470305], [121.5329849, 25.0459553], [121.5329813, 25.045846000000004], [121.5328512, 25.045956600000004], [121.5328578, 25.046075000000002], [121.53287389999998, 25.046614999999996], [121.5328816, 25.04702899999999], [121.53288229999998, 25.047102100000004]]]}}, {"type": "Feature", "properties": {"id": 329, "area_m2": 782.13, "basis": "OSM surface road enclosed block"}, "geometry": {"type": "Polygon", "coordinates": [[[121.5330519, 25.047944499999996], [121.53303890000001, 25.0476378], [121.5330248, 25.0475643], [121.5329739, 25.047643299999997], [121.5329571, 25.0478796], [121.532964, 25.048335099999996], [121.5330402, 25.048459099999995], [121.53305900000001, 25.048333499999995], [121.5330519, 25.047944499999996]]]}}, {"type": "Feature", "properties": {"id": 330, "area_m2": 224.74, "basis": "OSM surface road enclosed block"}, "geometry": {"type": "Polygon", "coordinates": [[[121.53299990000001, 25.045755999999997], [121.5328929, 25.045795699999992], [121.5327809, 25.0458681], [121.5328512, 25.045956600000004], [121.5329813, 25.045846000000004], [121.53299990000001, 25.045755999999997]]]}}, {"type": "Feature", "properties": {"id": 331, "area_m2": 509.92, "basis": "OSM surface road enclosed block"}, "geometry": {"type": "Polygon", "coordinates": [[[121.53288940000002, 25.045544299999996], [121.5329955, 25.045515799999997], [121.53299230000002, 25.045423400000004], [121.5329883, 25.045306500000002], [121.53288490000001, 25.045334899999993], [121.5327771, 25.045361599999996], [121.53277579999998, 25.045485000000003], [121.53277660000002, 25.045575799999998], [121.53288940000002, 25.045544299999996]]]}}, {"type": "Feature", "properties": {"id": 332, "area_m2": 3809.37, "basis": "OSM surface road enclosed block"}, "geometry": {"type": "Polygon", "coordinates": [[[121.53476730000001, 25.0450393], [121.53466560000001, 25.044970699999997], [121.5345193, 25.0448603], [121.53438920000002, 25.044906499999996], [121.5340426, 25.0450201], [121.5331299, 25.045266899999998], [121.53310970000001, 25.045274299999996], [121.5329883, 25.045306500000002], [121.53299230000002, 25.045423400000004], [121.5329955, 25.045515799999997], [121.53311200000002, 25.0454833], [121.5340687, 25.045204699999992], [121.5345368, 25.045088099999997], [121.5346339, 25.0450614], [121.53476730000001, 25.0450393]]]}}, {"type": "Feature", "properties": {"id": 333, "area_m2": 10999.69, "basis": "OSM surface road enclosed block"}, "geometry": {"type": "Polygon", "coordinates": [[[121.54067900000001, 25.044463100000005], [121.54075820000001, 25.0444623], [121.5411, 25.0444588], [121.5412399, 25.0444638], [121.5413865, 25.04447100000001], [121.54168670000001, 25.044498600000004], [121.5421703, 25.044554800000004], [121.5421808, 25.044478299999994], [121.5421889, 25.0444145], [121.542235, 25.0440537], [121.5422389, 25.044023399999997], [121.54169840000002, 25.044096800000002], [121.5416362, 25.04411109999999], [121.54163429999998, 25.044090599999993], [121.5416302, 25.043975799999995], [121.5416598, 25.0439267], [121.5415854, 25.0439274], [121.5415701, 25.043927499999995], [121.5407181, 25.0439352], [121.54071790000002, 25.0438156], [121.53980320000001, 25.043816399999997], [121.53973290000002, 25.043816499999995], [121.53973119999999, 25.043889099999998], [121.53979570000001, 25.043892500000002], [121.53983820000002, 25.043894899999994], [121.5399824, 25.0439028], [121.5400674, 25.044081499999997], [121.5406732, 25.044103199999995], [121.5406734, 25.0441545], [121.5406735, 25.0441687], [121.5406764, 25.044343599999998], [121.5406772, 25.044392399999992], [121.54067900000001, 25.044463100000005]]]}}, {"type": "Feature", "properties": {"id": 334, "area_m2": 2163.48, "basis": "OSM surface road enclosed block"}, "geometry": {"type": "Polygon", "coordinates": [[[121.5421703, 25.044554800000004], [121.54241820000001, 25.04458299999999], [121.54242870124155, 25.04458421132315], [121.5424291, 25.044583], [121.54244310000001, 25.0445079], [121.5425476, 25.044290400000005], [121.5426422, 25.043959699999995], [121.54257810000001, 25.043960099999993], [121.54232160000001, 25.044010099999998], [121.5422977, 25.044014699999998], [121.5422389, 25.044023399999997], [121.542235, 25.0440537], [121.5421889, 25.0444145], [121.5421808, 25.044478299999994], [121.5421703, 25.044554800000004]]]}}, {"type": "Feature", "properties": {"id": 335, "area_m2": 7521.23, "basis": "OSM surface road enclosed block"}, "geometry": {"type": "Polygon", "coordinates": [[[121.54242870124155, 25.04458421132315], [121.5431525, 25.044667700000005], [121.54359310000001, 25.044716800000003], [121.54367209999998, 25.044725299999996], [121.5437875, 25.044739499999995], [121.5437839, 25.04464520000001], [121.5437763, 25.0443148], [121.54369669999998, 25.044299300000002], [121.5436587, 25.044295799999997], [121.5435209, 25.044252199999995], [121.54314609999999, 25.0441118], [121.5430781, 25.044089], [121.5429596, 25.04405969999999], [121.54274490000002, 25.043983599999994], [121.5426422, 25.043959699999995], [121.5425476, 25.044290400000005], [121.54244310000001, 25.0445079], [121.5424291, 25.044583], [121.54242870124155, 25.04458421132315]]]}}, {"type": "Feature", "properties": {"id": 336, "area_m2": 4247.8, "basis": "OSM surface road enclosed block"}, "geometry": {"type": "Polygon", "coordinates": [[[121.53082679999999, 25.046026799999996], [121.5308345, 25.0461013], [121.5309151, 25.046083799999995], [121.53188200000001, 25.045816500000004], [121.53266080000002, 25.0456049], [121.53277660000002, 25.045575799999998], [121.53277579999998, 25.045485000000003], [121.5327771, 25.045361599999996], [121.532664, 25.045397899999998], [121.53263799999999, 25.045404399999992], [121.53214240000001, 25.0455456], [121.5319151, 25.0456137], [121.5317796, 25.045654300000006], [121.53164050000001, 25.045691999999995], [121.5314725, 25.045737599999995], [121.53088700000002, 25.04590719999999], [121.53082920000001, 25.0459219], [121.53082679999999, 25.046026799999996]]]}}, {"type": "Feature", "properties": {"id": 337, "area_m2": 5286.85, "basis": "OSM surface road enclosed block"}, "geometry": {"type": "Polygon", "coordinates": [[[121.53389450000002, 25.046875], [121.5343075, 25.046913899999996], [121.53468330000001, 25.046944399999994], [121.53472590000001, 25.0469479], [121.53487610000002, 25.046947900000006], [121.53489750000001, 25.0469333], [121.5349243, 25.046875000000004], [121.53495650000002, 25.046729200000005], [121.53498870000001, 25.0465834], [121.53449520000001, 25.0464764], [121.53393740000001, 25.04637919999999], [121.533916, 25.046422899999992], [121.53388379999998, 25.046811799999997], [121.53389450000002, 25.046875]]]}}, {"type": "Feature", "properties": {"id": 338, "area_m2": 216.05, "basis": "OSM surface road enclosed block"}, "geometry": {"type": "Polygon", "coordinates": [[[121.5331152, 25.045775199999998], [121.53321890000001, 25.045755199999995], [121.53336080000001, 25.045732799999993], [121.5335965, 25.045704], [121.5332086, 25.045716299999995], [121.5331147, 25.045728999999994], [121.53299990000001, 25.045755999999997], [121.5329813, 25.045846000000004], [121.5331152, 25.045775199999998]]]}}, {"type": "Feature", "properties": {"id": 339, "area_m2": 164.8, "basis": "OSM surface road enclosed block"}, "geometry": {"type": "Polygon", "coordinates": [[[121.53535689999998, 25.042803199999998], [121.53540159999999, 25.042760000000005], [121.5353976, 25.042629799999993], [121.53535600000001, 25.042590299999997], [121.5353123, 25.0426333], [121.5353147, 25.042762000000007], [121.53535689999998, 25.042803199999998]]]}}, {"type": "Feature", "properties": {"id": 340, "area_m2": 55.71, "basis": "OSM surface road enclosed block"}, "geometry": {"type": "Polygon", "coordinates": [[[121.53361520000001, 25.043610399999995], [121.5336171, 25.043622599999996], [121.5336231, 25.0436335], [121.53363259999999, 25.043642199999997], [121.5336447, 25.0436478], [121.533658, 25.043649499999997], [121.5336711, 25.0436475], [121.53368279999998, 25.043641799999996], [121.53369200000002, 25.0436331], [121.5336978, 25.0436223], [121.5336996, 25.0436104], [121.5336973, 25.043598899999996], [121.5336913, 25.0435885], [121.5336821, 25.043580299999995], [121.53367070000002, 25.043575], [121.53365789999998, 25.043573100000003], [121.533645, 25.043574800000002], [121.53363320000001, 25.043579999999995], [121.5336237, 25.043588299999996], [121.53361750000002, 25.043598700000004], [121.53361520000001, 25.043610399999995]]]}}, {"type": "Feature", "properties": {"id": 341, "area_m2": 6132.41, "basis": "OSM surface road enclosed block"}, "geometry": {"type": "Polygon", "coordinates": [[[121.5508061, 25.0439661], [121.55197160000002, 25.0439267], [121.551939, 25.043460699999997], [121.55080180000002, 25.043479800000004], [121.55080440000002, 25.043725400000003], [121.5508061, 25.0439661]]]}}, {"type": "Feature", "properties": {"id": 342, "area_m2": 6580.19, "basis": "OSM surface road enclosed block"}, "geometry": {"type": "Polygon", "coordinates": [[[121.55197160000002, 25.0439267], [121.5508061, 25.0439661], [121.5508095, 25.0444578], [121.55081010000002, 25.0445426], [121.5509044, 25.044533900000005], [121.55179460000001, 25.044378899999998], [121.55198849999998, 25.044348199999998], [121.551987, 25.044309599999995], [121.55197160000002, 25.0439267]]]}}, {"type": "Feature", "properties": {"id": 343, "area_m2": 7072.66, "basis": "OSM surface road enclosed block"}, "geometry": {"type": "Polygon", "coordinates": [[[121.54968300000002, 25.044660799999992], [121.5496823, 25.044595199999996], [121.5496754, 25.0439947], [121.54967250000001, 25.043739599999995], [121.54966920000001, 25.0435039], [121.54926630000001, 25.043530000000004], [121.5492608, 25.0435301], [121.5492151, 25.043530200000003], [121.5491302, 25.0435316], [121.549133, 25.043854300000003], [121.5491343, 25.044023099999997], [121.5491381, 25.0445483], [121.54913750000001, 25.044595299999997], [121.5491389, 25.044643199999992], [121.5491395, 25.0447156], [121.54922370000001, 25.044707099999993], [121.54968300000002, 25.044660799999992]]]}}, {"type": "Feature", "properties": {"id": 344, "area_m2": 7856.78, "basis": "OSM surface road enclosed block"}, "geometry": {"type": "Polygon", "coordinates": [[[121.5496754, 25.0439947], [121.5496823, 25.044595199999996], [121.54968300000002, 25.044660799999992], [121.54983960000001, 25.044645399999997], [121.5500516, 25.044624099999997], [121.55081010000002, 25.0445426], [121.5508095, 25.0444578], [121.5508061, 25.0439661], [121.5496754, 25.0439947]]]}}, {"type": "Feature", "properties": {"id": 345, "area_m2": 6181.37, "basis": "OSM surface road enclosed block"}, "geometry": {"type": "Polygon", "coordinates": [[[121.54966920000001, 25.0435039], [121.54967250000001, 25.043739599999995], [121.5496754, 25.0439947], [121.5508061, 25.0439661], [121.55080440000002, 25.043725400000003], [121.55080180000002, 25.043479800000004], [121.54966920000001, 25.0435039]]]}}, {"type": "Feature", "properties": {"id": 346, "area_m2": 5757.43, "basis": "OSM surface road enclosed block"}, "geometry": {"type": "Polygon", "coordinates": [[[121.5519277, 25.043006499999997], [121.55152159999999, 25.0430132], [121.5507995, 25.043024499999998], [121.5508001, 25.04327839999999], [121.55080180000002, 25.043479800000004], [121.551939, 25.043460699999997], [121.55192960000001, 25.0431099], [121.5519277, 25.043006499999997]]]}}, {"type": "Feature", "properties": {"id": 347, "area_m2": 2117.28, "basis": "OSM surface road enclosed block"}, "geometry": {"type": "Polygon", "coordinates": [[[121.55152159999999, 25.0430132], [121.5519277, 25.043006499999997], [121.5519201, 25.042543], [121.55150650000002, 25.042554800000005], [121.5515141, 25.0428386], [121.55152159999999, 25.0430132]]]}}, {"type": "Feature", "properties": {"id": 348, "area_m2": 1377.67, "basis": "OSM surface road enclosed block"}, "geometry": {"type": "Polygon", "coordinates": [[[121.5507995, 25.043024499999998], [121.55152159999999, 25.0430132], [121.5515141, 25.0428386], [121.5507983, 25.042856400000005], [121.5507995, 25.043024499999998]]]}}, {"type": "Feature", "properties": {"id": 349, "area_m2": 5698.33, "basis": "OSM surface road enclosed block"}, "geometry": {"type": "Polygon", "coordinates": [[[121.5507995, 25.043024499999998], [121.5498421, 25.043054], [121.54966299999998, 25.043060000000004], [121.5496675, 25.043278500000003], [121.54966899999998, 25.04328780000001], [121.54966920000001, 25.0435039], [121.55080180000002, 25.043479800000004], [121.5508001, 25.04327839999999], [121.5507995, 25.043024499999998]]]}}, {"type": "Feature", "properties": {"id": 350, "area_m2": 5846.71, "basis": "OSM surface road enclosed block"}, "geometry": {"type": "Polygon", "coordinates": [[[121.54966299999998, 25.043060000000004], [121.5498421, 25.043054], [121.5507995, 25.043024499999998], [121.5507983, 25.042856400000005], [121.55079600000002, 25.0425677], [121.5496579, 25.0425968], [121.54966299999998, 25.043060000000004]]]}}, {"type": "Feature", "properties": {"id": 351, "area_m2": 5516.44, "basis": "OSM surface road enclosed block"}, "geometry": {"type": "Polygon", "coordinates": [[[121.5491302, 25.0435316], [121.5492151, 25.043530200000003], [121.5492608, 25.0435301], [121.54926630000001, 25.043530000000004], [121.54966920000001, 25.0435039], [121.54966899999998, 25.04328780000001], [121.5496675, 25.043278500000003], [121.54966299999998, 25.043060000000004], [121.5496579, 25.0425968], [121.54930770000001, 25.042601300000005], [121.5492527, 25.042602], [121.5492134, 25.042602499999997], [121.5491257, 25.042604300000008], [121.5491258, 25.0427091], [121.54912889999999, 25.043382600000008], [121.5491296, 25.043457199999988], [121.5491302, 25.0435316]]]}}, {"type": "Feature", "properties": {"id": 352, "area_m2": 1884.38, "basis": "OSM surface road enclosed block"}, "geometry": {"type": "Polygon", "coordinates": [[[121.551939, 25.043460699999997], [121.5524283, 25.0434481], [121.552419, 25.0431101], [121.55192960000001, 25.0431099], [121.551939, 25.043460699999997]]]}}, {"type": "Feature", "properties": {"id": 353, "area_m2": 9852.39, "basis": "OSM surface road enclosed block"}, "geometry": {"type": "Polygon", "coordinates": [[[121.5524283, 25.0434481], [121.551939, 25.043460699999997], [121.55197160000002, 25.0439267], [121.551987, 25.044309599999995], [121.55198849999998, 25.044348199999998], [121.55227739999998, 25.0443109], [121.55234610000001, 25.044302399999992], [121.5524543, 25.044286699999997], [121.55274950000002, 25.044252499999995], [121.55299590000001, 25.044233], [121.5530134, 25.044191699999995], [121.5530156, 25.0441199], [121.5530192, 25.043480599999995], [121.55302049999999, 25.0434341], [121.5529466, 25.043432400000004], [121.5524283, 25.0434481]]]}}, {"type": "Feature", "properties": {"id": 354, "area_m2": 2977.76, "basis": "OSM surface road enclosed block"}, "geometry": {"type": "Polygon", "coordinates": [[[121.5524283, 25.0434481], [121.5529466, 25.043432400000004], [121.55302049999999, 25.0434341], [121.55301969999998, 25.043393399999992], [121.5530129, 25.0430275], [121.55301720000001, 25.042986399999997], [121.55291430000001, 25.0429906], [121.55241560000002, 25.042993399999997], [121.552419, 25.0431101], [121.5524283, 25.0434481]]]}}, {"type": "Feature", "properties": {"id": 355, "area_m2": 5822.36, "basis": "OSM surface road enclosed block"}, "geometry": {"type": "Polygon", "coordinates": [[[121.55078680000001, 25.042114599999998], [121.55079600000002, 25.0425677], [121.55150650000002, 25.042554800000005], [121.5519201, 25.042543], [121.5519237, 25.0420774], [121.55078680000001, 25.042114599999998]]]}}, {"type": "Feature", "properties": {"id": 356, "area_m2": 5738.37, "basis": "OSM surface road enclosed block"}, "geometry": {"type": "Polygon", "coordinates": [[[121.55079600000002, 25.0425677], [121.55078680000001, 25.042114599999998], [121.5496567, 25.042144799999996], [121.5496579, 25.0425968], [121.55079600000002, 25.0425677]]]}}, {"type": "Feature", "properties": {"id": 357, "area_m2": 2282.58, "basis": "OSM surface road enclosed block"}, "geometry": {"type": "Polygon", "coordinates": [[[121.55079600000002, 25.0425677], [121.5507983, 25.042856400000005], [121.5515141, 25.0428386], [121.55150650000002, 25.042554800000005], [121.55079600000002, 25.0425677]]]}}, {"type": "Feature", "properties": {"id": 358, "area_m2": 3906.01, "basis": "OSM surface road enclosed block"}, "geometry": {"type": "Polygon", "coordinates": [[[121.548105, 25.043970899999998], [121.54728439999998, 25.043986899999997], [121.54729120000002, 25.044199], [121.5472923, 25.044235200000003], [121.54729809999999, 25.0444162], [121.54810850000001, 25.0443983], [121.5481071, 25.044228099999998], [121.548105, 25.043970899999998]]]}}, {"type": "Feature", "properties": {"id": 359, "area_m2": 4008.16, "basis": "OSM surface road enclosed block"}, "geometry": {"type": "Polygon", "coordinates": [[[121.54728439999998, 25.043986899999997], [121.548105, 25.043970899999998], [121.54810130000001, 25.0435363], [121.5472706, 25.043553199999998], [121.54728439999998, 25.043986899999997]]]}}, {"type": "Feature", "properties": {"id": 360, "area_m2": 5283.99, "basis": "OSM surface road enclosed block"}, "geometry": {"type": "Polygon", "coordinates": [[[121.54728439999998, 25.043986899999997], [121.54626040000001, 25.0440073], [121.54619760000001, 25.0440097], [121.54620840000001, 25.0442576], [121.54621440000001, 25.044378499999997], [121.5462164, 25.0444496], [121.54629540000002, 25.0444444], [121.5470856, 25.044426400000003], [121.54729809999999, 25.0444162], [121.5472923, 25.044235200000003], [121.54729120000002, 25.044199], [121.54728439999998, 25.043986899999997]]]}}, {"type": "Feature", "properties": {"id": 361, "area_m2": 5198.88, "basis": "OSM surface road enclosed block"}, "geometry": {"type": "Polygon", "coordinates": [[[121.54619760000001, 25.0440097], [121.54626040000001, 25.0440073], [121.54728439999998, 25.043986899999997], [121.5472706, 25.043553199999998], [121.54624119999998, 25.043582499999996], [121.5461909, 25.043586899999998], [121.54619760000001, 25.0440097]]]}}, {"type": "Feature", "properties": {"id": 362, "area_m2": 6546.26, "basis": "OSM surface road enclosed block"}, "geometry": {"type": "Polygon", "coordinates": [[[121.54729809999999, 25.0444162], [121.5470856, 25.044426400000003], [121.54629540000002, 25.0444444], [121.5462164, 25.0444496], [121.5462215, 25.044920399999995], [121.5462252, 25.045], [121.54630780000001, 25.0450034], [121.5464396, 25.0450046], [121.546571, 25.04499559999999], [121.5467138, 25.0449901], [121.54684150000001, 25.044981500000002], [121.54697379999999, 25.044971], [121.5471075, 25.044957199999995], [121.5472821, 25.044938700000003], [121.5472809, 25.044849500000005], [121.54729809999999, 25.0444162]]]}}, {"type": "Feature", "properties": {"id": 363, "area_m2": 997.23, "basis": "OSM surface road enclosed block"}, "geometry": {"type": "Polygon", "coordinates": [[[121.54620840000001, 25.0442576], [121.5457151, 25.044259999999998], [121.54584339999998, 25.044544499999997], [121.5459578, 25.0444849], [121.5460785, 25.0444156], [121.54621440000001, 25.044378499999997], [121.54620840000001, 25.0442576]]]}}, {"type": "Feature", "properties": {"id": 364, "area_m2": 12407.06, "basis": "OSM surface road enclosed block"}, "geometry": {"type": "Polygon", "coordinates": [[[121.5457151, 25.044259999999998], [121.54620840000001, 25.0442576], [121.54619760000001, 25.0440097], [121.5461909, 25.043586899999998], [121.5453088, 25.0435961], [121.54450670000001, 25.043625799999997], [121.5445237, 25.0442621], [121.5457151, 25.044259999999998]]]}}, {"type": "Feature", "properties": {"id": 365, "area_m2": 5175.49, "basis": "OSM surface road enclosed block"}, "geometry": {"type": "Polygon", "coordinates": [[[121.5457151, 25.044259999999998], [121.5445237, 25.0442621], [121.5445309, 25.04451819999999], [121.54464080000001, 25.0445681], [121.54527839999999, 25.0446961], [121.545387, 25.044698500000003], [121.5457264, 25.044587299999993], [121.54584339999998, 25.044544499999997], [121.5457151, 25.044259999999998]]]}}, {"type": "Feature", "properties": {"id": 366, "area_m2": 1808.71, "basis": "OSM surface road enclosed block"}, "geometry": {"type": "Polygon", "coordinates": [[[121.54621440000001, 25.044378499999997], [121.5460785, 25.0444156], [121.5459578, 25.0444849], [121.54584339999998, 25.044544499999997], [121.5458887, 25.044572999999996], [121.54592219999999, 25.044671399999995], [121.54597119999998, 25.044916500000003], [121.545971, 25.0449828], [121.5462252, 25.045], [121.5462215, 25.044920399999995], [121.5462164, 25.0444496], [121.54621440000001, 25.044378499999997]]]}}, {"type": "Feature", "properties": {"id": 367, "area_m2": 4458.09, "basis": "OSM surface road enclosed block"}, "geometry": {"type": "Polygon", "coordinates": [[[121.54584339999998, 25.044544499999997], [121.5457264, 25.044587299999993], [121.545387, 25.044698500000003], [121.54527839999999, 25.0446961], [121.54464080000001, 25.0445681], [121.5445309, 25.04451819999999], [121.54453670000001, 25.0447452], [121.5445389, 25.0448277], [121.54511999999998, 25.0448944], [121.54529670000001, 25.044915100000004], [121.54565640000001, 25.044954799999992], [121.5459112, 25.0449767], [121.545971, 25.0449828], [121.54597119999998, 25.044916500000003], [121.54592219999999, 25.044671399999995], [121.5458887, 25.044572999999996], [121.54584339999998, 25.044544499999997]]]}}, {"type": "Feature", "properties": {"id": 368, "area_m2": 2416.46, "basis": "OSM surface road enclosed block"}, "geometry": {"type": "Polygon", "coordinates": [[[121.5480973, 25.0430541], [121.5472554, 25.043074000000004], [121.5472634, 25.043326599999997], [121.54810280000001, 25.0433156], [121.5480973, 25.0430541]]]}}, {"type": "Feature", "properties": {"id": 369, "area_m2": 4195.48, "basis": "OSM surface road enclosed block"}, "geometry": {"type": "Polygon", "coordinates": [[[121.5472554, 25.043074000000004], [121.5480973, 25.0430541], [121.5480937, 25.0426189], [121.5472411, 25.0426234], [121.5472554, 25.043074000000004]]]}}, {"type": "Feature", "properties": {"id": 370, "area_m2": 5793.06, "basis": "OSM surface road enclosed block"}, "geometry": {"type": "Polygon", "coordinates": [[[121.5472554, 25.043074000000004], [121.54623309999998, 25.0431006], [121.5461802, 25.0431009], [121.5461909, 25.043586899999998], [121.54624119999998, 25.043582499999996], [121.5472706, 25.043553199999998], [121.5472634, 25.043326599999997], [121.5472554, 25.043074000000004]]]}}, {"type": "Feature", "properties": {"id": 371, "area_m2": 5348.87, "basis": "OSM surface road enclosed block"}, "geometry": {"type": "Polygon", "coordinates": [[[121.5461802, 25.0431009], [121.54623309999998, 25.0431006], [121.5472554, 25.043074000000004], [121.5472411, 25.0426234], [121.5462463, 25.04265910000001], [121.54616889999998, 25.0426623], [121.5461697, 25.0426931], [121.5461802, 25.0431009]]]}}, {"type": "Feature", "properties": {"id": 372, "area_m2": 6558.64, "basis": "OSM surface road enclosed block"}, "geometry": {"type": "Polygon", "coordinates": [[[121.54450670000001, 25.043625799999997], [121.54449349999999, 25.0431536], [121.54451449999999, 25.0426624], [121.5439804, 25.0426889], [121.54387189999998, 25.0426913], [121.5438773, 25.042853099999995], [121.5438857, 25.04313649999999], [121.54390070000001, 25.043638], [121.54400800000002, 25.043634300000008], [121.54450670000001, 25.043625799999997]]]}}, {"type": "Feature", "properties": {"id": 373, "area_m2": 4293.05, "basis": "OSM surface road enclosed block"}, "geometry": {"type": "Polygon", "coordinates": [[[121.54449349999999, 25.0431536], [121.54450670000001, 25.043625799999997], [121.5453088, 25.0435961], [121.5452986, 25.043113399999996], [121.54449349999999, 25.0431536]]]}}, {"type": "Feature", "properties": {"id": 374, "area_m2": 4589.39, "basis": "OSM surface road enclosed block"}, "geometry": {"type": "Polygon", "coordinates": [[[121.54451449999999, 25.0426624], [121.54449349999999, 25.0431536], [121.5452986, 25.043113399999996], [121.5453077, 25.042574600000002], [121.54451449999999, 25.0426624]]]}}, {"type": "Feature", "properties": {"id": 375, "area_m2": 1263.5, "basis": "OSM surface road enclosed block"}, "geometry": {"type": "Polygon", "coordinates": [[[121.54451449999999, 25.0426624], [121.5445098, 25.0424818], [121.5444699, 25.04248249999999], [121.5439958, 25.042517399999994], [121.5439764, 25.042517699999998], [121.54386610000002, 25.0425198], [121.54387189999998, 25.0426913], [121.5439804, 25.0426889], [121.54451449999999, 25.0426624]]]}}, {"type": "Feature", "properties": {"id": 376, "area_m2": 4500.33, "basis": "OSM surface road enclosed block"}, "geometry": {"type": "Polygon", "coordinates": [[[121.5453077, 25.042574600000002], [121.5452986, 25.043113399999996], [121.5461802, 25.0431009], [121.5461697, 25.0426931], [121.54616889999998, 25.0426623], [121.5461093, 25.042637499999998], [121.5453757, 25.042657899999995], [121.5453077, 25.042574600000002]]]}}, {"type": "Feature", "properties": {"id": 377, "area_m2": 4775.35, "basis": "OSM surface road enclosed block"}, "geometry": {"type": "Polygon", "coordinates": [[[121.5452986, 25.043113399999996], [121.5453088, 25.0435961], [121.5461909, 25.043586899999998], [121.5461802, 25.0431009], [121.5452986, 25.043113399999996]]]}}, {"type": "Feature", "properties": {"id": 378, "area_m2": 7843.46, "basis": "OSM surface road enclosed block"}, "geometry": {"type": "Polygon", "coordinates": [[[121.54450670000001, 25.043625799999997], [121.54400800000002, 25.043634300000008], [121.54390070000001, 25.043638], [121.5439236, 25.0444063], [121.54393030000001, 25.044652100000004], [121.5439352, 25.044755699999996], [121.54403659999998, 25.0447678], [121.5445389, 25.0448277], [121.54453670000001, 25.0447452], [121.5445309, 25.04451819999999], [121.5445237, 25.0442621], [121.54450670000001, 25.043625799999997]]]}}, {"type": "Feature", "properties": {"id": 379, "area_m2": 4438.8, "basis": "OSM surface road enclosed block"}, "geometry": {"type": "Polygon", "coordinates": [[[121.54729809999999, 25.0444162], [121.5472809, 25.044849500000005], [121.5472821, 25.044938700000003], [121.54758430000001, 25.044904399999997], [121.5481122, 25.044841299999998], [121.54811170000002, 25.044780299999996], [121.54810850000001, 25.0443983], [121.54729809999999, 25.0444162]]]}}, {"type": "Feature", "properties": {"id": 380, "area_m2": 5892.2, "basis": "OSM surface road enclosed block"}, "geometry": {"type": "Polygon", "coordinates": [[[121.54810480000002, 25.041609399999995], [121.54810699999999, 25.0416872], [121.5481006, 25.042156499999997], [121.5480937, 25.0426189], [121.5484603, 25.0426144], [121.5485104, 25.0426138], [121.54855880000001, 25.042613199999995], [121.5486299, 25.042611899999997], [121.5486285, 25.042510400000005], [121.5486187, 25.041801], [121.54861819999999, 25.041763799999995], [121.5486181, 25.0417441], [121.548618, 25.041725799999995], [121.5486169, 25.0416027], [121.54849, 25.0416041], [121.54810480000002, 25.041609399999995]]]}}, {"type": "Feature", "properties": {"id": 381, "area_m2": 5496.58, "basis": "OSM surface road enclosed block"}, "geometry": {"type": "Polygon", "coordinates": [[[121.5480937, 25.0426189], [121.5480973, 25.0430541], [121.54810280000001, 25.0433156], [121.54810130000001, 25.0435363], [121.5485031, 25.0435386], [121.54857149999998, 25.043539], [121.5486333, 25.0435393], [121.54863050000002, 25.0427822], [121.5486303, 25.042734199999998], [121.54863019999999, 25.0427041], [121.5486299, 25.042611899999997], [121.54855880000001, 25.042613199999995], [121.5485104, 25.0426138], [121.5484603, 25.0426144], [121.5480937, 25.0426189]]]}}, {"type": "Feature", "properties": {"id": 382, "area_m2": 2087.9, "basis": "OSM surface road enclosed block"}, "geometry": {"type": "Polygon", "coordinates": [[[121.54810130000001, 25.0435363], [121.54810280000001, 25.0433156], [121.5472634, 25.043326599999997], [121.5472706, 25.043553199999998], [121.54810130000001, 25.0435363]]]}}, {"type": "Feature", "properties": {"id": 383, "area_m2": 7563.3, "basis": "OSM surface road enclosed block"}, "geometry": {"type": "Polygon", "coordinates": [[[121.54810130000001, 25.0435363], [121.548105, 25.043970899999998], [121.5481071, 25.044228099999998], [121.54810850000001, 25.0443983], [121.54811170000002, 25.044780299999996], [121.5481122, 25.044841299999998], [121.5484347, 25.044801900000003], [121.5484981, 25.044794099999997], [121.54858790000002, 25.0447831], [121.54864429999999, 25.0447762], [121.54864370000001, 25.0446937], [121.54864340000002, 25.044642799999995], [121.5486345, 25.043675099999998], [121.54863419999998, 25.043636900000003], [121.5486333, 25.0435393], [121.54857149999998, 25.043539], [121.5485031, 25.0435386], [121.54810130000001, 25.0435363]]]}}, {"type": "Feature", "properties": {"id": 384, "area_m2": 7553.8, "basis": "OSM surface road enclosed block"}, "geometry": {"type": "Polygon", "coordinates": [[[121.5520332, 25.046622399999997], [121.5507045, 25.0466292], [121.5507029, 25.0466999], [121.5507125, 25.047135199999992], [121.55204479999999, 25.047131199999995], [121.5520332, 25.046622399999997]]]}}, {"type": "Feature", "properties": {"id": 385, "area_m2": 6772.43, "basis": "OSM surface road enclosed block"}, "geometry": {"type": "Polygon", "coordinates": [[[121.5507045, 25.0466292], [121.5520332, 25.046622399999997], [121.55201800000002, 25.046163499999995], [121.55077449999999, 25.046163999999997], [121.5507207, 25.046165499999994], [121.5507219, 25.0462151], [121.5507045, 25.0466292]]]}}, {"type": "Feature", "properties": {"id": 386, "area_m2": 5847.73, "basis": "OSM surface road enclosed block"}, "geometry": {"type": "Polygon", "coordinates": [[[121.5497003, 25.047146500000004], [121.5507125, 25.047135199999992], [121.5507029, 25.0466999], [121.5507045, 25.0466292], [121.54969629999998, 25.046615299999992], [121.5497003, 25.047146500000004]]]}}, {"type": "Feature", "properties": {"id": 387, "area_m2": 2727.48, "basis": "OSM surface road enclosed block"}, "geometry": {"type": "Polygon", "coordinates": [[[121.54968069999998, 25.045551200000002], [121.5507195, 25.045548099999998], [121.55071200000002, 25.045316100000004], [121.5496841, 25.045310899999997], [121.54968189999998, 25.045465999999998], [121.54968069999998, 25.045551200000002]]]}}, {"type": "Feature", "properties": {"id": 388, "area_m2": 2551.97, "basis": "OSM surface road enclosed block"}, "geometry": {"type": "Polygon", "coordinates": [[[121.5507195, 25.045548099999998], [121.54968069999998, 25.045551200000002], [121.5496847, 25.045767899999998], [121.55072250000002, 25.045771199999997], [121.5507195, 25.045548099999998]]]}}, {"type": "Feature", "properties": {"id": 389, "area_m2": 5765.38, "basis": "OSM surface road enclosed block"}, "geometry": {"type": "Polygon", "coordinates": [[[121.55201240000001, 25.0457589], [121.55072250000002, 25.045771199999997], [121.5507207, 25.046165499999994], [121.55077449999999, 25.046163999999997], [121.55201800000002, 25.046163499999995], [121.55201240000001, 25.0457589]]]}}, {"type": "Feature", "properties": {"id": 390, "area_m2": 6501.14, "basis": "OSM surface road enclosed block"}, "geometry": {"type": "Polygon", "coordinates": [[[121.55072250000002, 25.045771199999997], [121.55201240000001, 25.0457589], [121.5520071, 25.045313299999997], [121.55071200000002, 25.045316100000004], [121.5507195, 25.045548099999998], [121.55072250000002, 25.045771199999997]]]}}, {"type": "Feature", "properties": {"id": 391, "area_m2": 3368.36, "basis": "OSM surface road enclosed block"}, "geometry": {"type": "Polygon", "coordinates": [[[121.5407181, 25.0439352], [121.5415701, 25.043927499999995], [121.5415854, 25.0439274], [121.5416598, 25.0439267], [121.54166030000002, 25.043887999999992], [121.5416584, 25.04376419999999], [121.54165710000001, 25.043606199999996], [121.54071440000001, 25.043615800000005], [121.5407174, 25.043788599999996], [121.54071790000002, 25.0438156], [121.5407181, 25.0439352]]]}}, {"type": "Feature", "properties": {"id": 392, "area_m2": 13739.03, "basis": "OSM surface road enclosed block"}, "geometry": {"type": "Polygon", "coordinates": [[[121.54245060000001, 25.043138200000005], [121.54249170000001, 25.04311459999999], [121.54305750000002, 25.0430961], [121.5433437, 25.0430955], [121.54345450000001, 25.0430953], [121.54359030000002, 25.042947699999996], [121.54363420000001, 25.042899899999995], [121.5436643, 25.0428602], [121.54373470000002, 25.0427933], [121.543721, 25.042299299999996], [121.54371250000001, 25.041844799999996], [121.5437139, 25.0416931], [121.5435485, 25.0416959], [121.5430163, 25.0417071], [121.5430175, 25.041799300000005], [121.54302100000001, 25.041949299999988], [121.54298619999999, 25.042038099999996], [121.54291210000001, 25.042188999999997], [121.54282899999998, 25.0423385], [121.542662, 25.0426457], [121.5425161, 25.042969600000003], [121.54248840000001, 25.0430411], [121.54245060000001, 25.043138200000005]], [[121.54326480000002, 25.042403000000004], [121.5432662, 25.04259129999999], [121.54325650000001, 25.042600699999998], [121.54324200000002, 25.042605899999995], [121.5431093, 25.0425955], [121.5430952, 25.0425901], [121.54308579999999, 25.042583099999998], [121.5430938, 25.042348299999997], [121.54310730000002, 25.042334299999997], [121.54312870000001, 25.042334299999997], [121.54324270000001, 25.0423817], [121.5432605, 25.042390499999996], [121.54326480000002, 25.042403000000004]]]}}, {"type": "Feature", "properties": {"id": 393, "area_m2": 6137.18, "basis": "OSM surface road enclosed block"}, "geometry": {"type": "Polygon", "coordinates": [[[121.54305750000002, 25.0430961], [121.54249170000001, 25.04311459999999], [121.54245060000001, 25.043138200000005], [121.54238499999998, 25.0432898], [121.5423179, 25.043450700000005], [121.5422732, 25.043606999999998], [121.5422138, 25.043792899999996], [121.54220739999998, 25.043813], [121.5422125, 25.043848199999996], [121.54227689999999, 25.0438384], [121.54235660000002, 25.043822899999995], [121.5425974, 25.04378629999999], [121.54273770000002, 25.043744299999997], [121.5428343, 25.043699400000005], [121.5429269, 25.0436471], [121.54302999999999, 25.043566999999996], [121.543361, 25.0431992], [121.543413, 25.043141499999997], [121.54345450000001, 25.0430953], [121.5433437, 25.0430955], [121.54305750000002, 25.0430961]]]}}, {"type": "Feature", "properties": {"id": 394, "area_m2": 5297.78, "basis": "OSM surface road enclosed block"}, "geometry": {"type": "Polygon", "coordinates": [[[121.53973290000002, 25.043816499999995], [121.53980320000001, 25.043816399999997], [121.54071790000002, 25.0438156], [121.5407174, 25.043788599999996], [121.54071440000001, 25.043615800000005], [121.540714, 25.043582400000002], [121.5407106, 25.043326599999997], [121.53973030000002, 25.043341000000005], [121.53973090000001, 25.0435913], [121.539731, 25.0436196], [121.53973290000002, 25.043816499999995]]]}}, {"type": "Feature", "properties": {"id": 395, "area_m2": 3367.03, "basis": "OSM surface road enclosed block"}, "geometry": {"type": "Polygon", "coordinates": [[[121.542662, 25.0426457], [121.5423425, 25.042651899999996], [121.5416489, 25.042658499999998], [121.54164770000001, 25.042814000000003], [121.5416517, 25.042979600000002], [121.5424108, 25.042970799999992], [121.5425161, 25.042969600000003], [121.542662, 25.0426457]]]}}, {"type": "Feature", "properties": {"id": 396, "area_m2": 3809.93, "basis": "OSM surface road enclosed block"}, "geometry": {"type": "Polygon", "coordinates": [[[121.5416489, 25.042658499999998], [121.5423425, 25.042651899999996], [121.542662, 25.0426457], [121.54282899999998, 25.0423385], [121.54258989999998, 25.042337400000005], [121.54164630000001, 25.042347700000004], [121.5416497, 25.0424998], [121.5416489, 25.042658499999998]]]}}, {"type": "Feature", "properties": {"id": 397, "area_m2": 3422.4, "basis": "OSM surface road enclosed block"}, "geometry": {"type": "Polygon", "coordinates": [[[121.5407068, 25.0429926], [121.5416517, 25.042979600000002], [121.54164770000001, 25.042814000000003], [121.5416489, 25.042658499999998], [121.5407029, 25.0426652], [121.54070479999999, 25.04282829999999], [121.5407068, 25.0429926]]]}}, {"type": "Feature", "properties": {"id": 398, "area_m2": 3339.59, "basis": "OSM surface road enclosed block"}, "geometry": {"type": "Polygon", "coordinates": [[[121.5416517, 25.042979600000002], [121.5407068, 25.0429926], [121.5407079, 25.0430775], [121.5407106, 25.043326599999997], [121.5407905, 25.043305099999998], [121.54165439999998, 25.043297299999995], [121.54165310000002, 25.043146599999993], [121.5416517, 25.042979600000002]]]}}, {"type": "Feature", "properties": {"id": 399, "area_m2": 3253.84, "basis": "OSM surface road enclosed block"}, "geometry": {"type": "Polygon", "coordinates": [[[121.54071440000001, 25.043615800000005], [121.54165710000001, 25.043606199999996], [121.54165580000002, 25.043457100000005], [121.54165439999998, 25.043297299999995], [121.5407905, 25.043305099999998], [121.5407106, 25.043326599999997], [121.540714, 25.043582400000002], [121.54071440000001, 25.043615800000005]]]}}, {"type": "Feature", "properties": {"id": 400, "area_m2": 5529.21, "basis": "OSM surface road enclosed block"}, "geometry": {"type": "Polygon", "coordinates": [[[121.54070479999999, 25.04282829999999], [121.5397193, 25.0428335], [121.53972370000001, 25.043083099999997], [121.53973030000002, 25.043341000000005], [121.5407106, 25.043326599999997], [121.5407079, 25.0430775], [121.5407068, 25.0429926], [121.54070479999999, 25.04282829999999]]]}}, {"type": "Feature", "properties": {"id": 401, "area_m2": 5608.75, "basis": "OSM surface road enclosed block"}, "geometry": {"type": "Polygon", "coordinates": [[[121.5397193, 25.0428335], [121.54070479999999, 25.04282829999999], [121.5407029, 25.0426652], [121.54070180000001, 25.0425789], [121.5406986, 25.04235619999999], [121.5406986, 25.0423138], [121.5397178, 25.0423273], [121.53971829999999, 25.042588299999995], [121.5397193, 25.0428335]]]}}, {"type": "Feature", "properties": {"id": 402, "area_m2": 3258.42, "basis": "OSM surface road enclosed block"}, "geometry": {"type": "Polygon", "coordinates": [[[121.5406986, 25.04235619999999], [121.54164630000001, 25.042347700000004], [121.54164500000002, 25.042200700000002], [121.54164170000001, 25.0420416], [121.5408442, 25.0420459], [121.54069430000001, 25.042049599999995], [121.5406986, 25.0423138], [121.5406986, 25.04235619999999]]]}}, {"type": "Feature", "properties": {"id": 403, "area_m2": 3283.57, "basis": "OSM surface road enclosed block"}, "geometry": {"type": "Polygon", "coordinates": [[[121.54164630000001, 25.042347700000004], [121.5406986, 25.04235619999999], [121.54070180000001, 25.0425789], [121.5407029, 25.0426652], [121.5416489, 25.042658499999998], [121.5416497, 25.0424998], [121.54164630000001, 25.042347700000004]]]}}, {"type": "Feature", "properties": {"id": 404, "area_m2": 5151.77, "basis": "OSM surface road enclosed block"}, "geometry": {"type": "Polygon", "coordinates": [[[121.5439383, 25.044978899999997], [121.54393960000002, 25.045030399999995], [121.54395139999998, 25.045515799999997], [121.54405069999999, 25.045513899999996], [121.5448412, 25.0454987], [121.5449916, 25.0450936], [121.5440408, 25.044990099999996], [121.5439383, 25.044978899999997]]]}}, {"type": "Feature", "properties": {"id": 405, "area_m2": 32624.0, "basis": "OSM surface road enclosed block"}, "geometry": {"type": "Polygon", "coordinates": [[[121.54395139999998, 25.045515799999997], [121.54397470000002, 25.046471500000003], [121.54397860000002, 25.0466303], [121.54399780000001, 25.047317100000004], [121.54399910000001, 25.0473642], [121.5440016, 25.0474518], [121.5440063, 25.047599199999997], [121.54414540000002, 25.047633499999996], [121.5442162, 25.0476503], [121.5442633, 25.0476615], [121.5449455, 25.047823499999996], [121.54494740000001, 25.04772339999999], [121.5449451, 25.0476179], [121.54494260000001, 25.04750509999999], [121.54493450000001, 25.047142], [121.54491869999998, 25.0467649], [121.5449125, 25.046420599999998], [121.5449119, 25.046387700000004], [121.54553279999999, 25.046380299999992], [121.54557929999999, 25.046379799999993], [121.5455761, 25.045187599999995], [121.54557600000001, 25.0451549], [121.545278, 25.0451269], [121.54512359999998, 25.0451091], [121.545078, 25.0451037], [121.5449916, 25.0450936], [121.5448412, 25.0454987], [121.54405069999999, 25.045513899999996], [121.54395139999998, 25.045515799999997]]]}}, {"type": "Feature", "properties": {"id": 406, "area_m2": 6959.28, "basis": "OSM surface road enclosed block"}, "geometry": {"type": "Polygon", "coordinates": [[[121.54812029999998, 25.0450496], [121.54812130000002, 25.045101299999995], [121.5481255, 25.045316399999997], [121.5481282, 25.045720999999997], [121.5481303, 25.0459784], [121.5481314, 25.046116199999993], [121.54813210000002, 25.046207400000004], [121.54851320000002, 25.046213499999993], [121.54858340000001, 25.046214699999997], [121.54865420000002, 25.046215499999995], [121.5486472, 25.0451993], [121.5486468, 25.0451383], [121.54864740000001, 25.045043000000003], [121.5486457, 25.0449924], [121.54859140000002, 25.044998299999996], [121.54812029999998, 25.0450496]]]}}, {"type": "Feature", "properties": {"id": 407, "area_m2": 2535.67, "basis": "OSM surface road enclosed block"}, "geometry": {"type": "Polygon", "coordinates": [[[121.5481255, 25.045316399999997], [121.54812130000002, 25.045101299999995], [121.54812029999998, 25.0450496], [121.54725610000001, 25.045148699999995], [121.54729399999998, 25.045412099999993], [121.5481255, 25.045316399999997]]]}}, {"type": "Feature", "properties": {"id": 408, "area_m2": 6846.67, "basis": "OSM surface road enclosed block"}, "geometry": {"type": "Polygon", "coordinates": [[[121.5481282, 25.045720999999997], [121.5481255, 25.045316399999997], [121.54729399999998, 25.045412099999993], [121.54725610000001, 25.045148699999995], [121.54702620000002, 25.0451759], [121.5469418, 25.0451826], [121.5468599, 25.0451901], [121.54674420000002, 25.0451987], [121.54674420000002, 25.0452251], [121.5467435, 25.045755699999997], [121.5476996, 25.045725399999995], [121.5481282, 25.045720999999997]]]}}, {"type": "Feature", "properties": {"id": 409, "area_m2": 7434.73, "basis": "OSM surface road enclosed block"}, "geometry": {"type": "Polygon", "coordinates": [[[121.54813210000002, 25.046207400000004], [121.5481314, 25.046116199999993], [121.5481303, 25.0459784], [121.5481282, 25.045720999999997], [121.5476996, 25.045725399999995], [121.5467435, 25.045755699999997], [121.54674420000002, 25.045991299999997], [121.54674450000002, 25.046103399999996], [121.54674180000002, 25.0462225], [121.54813210000002, 25.046207400000004]]]}}, {"type": "Feature", "properties": {"id": 410, "area_m2": 29586.32, "basis": "OSM surface road enclosed block"}, "geometry": {"type": "Polygon", "coordinates": [[[121.54813940000001, 25.0466734], [121.5467284, 25.0466817], [121.54673709999999, 25.047152299999997], [121.5467936, 25.047636600000004], [121.54684479999999, 25.048108699999997], [121.5468407, 25.048203999999995], [121.5468791, 25.0482047], [121.5469345, 25.048204699999996], [121.54699410000002, 25.0482047], [121.5472451, 25.048204700000003], [121.54730350000001, 25.048204699999996], [121.5473526, 25.048204699999996], [121.54742920000001, 25.048205099999997], [121.54750690000002, 25.0482048], [121.54750600000001, 25.0481101], [121.5475053, 25.0480334], [121.5475497, 25.047981899999986], [121.5476112, 25.047955799999997], [121.54767970000002, 25.047987599999995], [121.54771159999999, 25.048027], [121.54771430000001, 25.048109299999997], [121.5477135, 25.048204000000002], [121.5483804, 25.048206199999996], [121.54845, 25.0482064], [121.5485455, 25.048206700000005], [121.54866799999999, 25.048205899999992], [121.5486669, 25.048042199999998], [121.54865990000002, 25.047039100000003], [121.54859240000002, 25.047039700000003], [121.5485222, 25.0470404], [121.54814380000002, 25.0470438], [121.54813940000001, 25.0466734]]]}}, {"type": "Feature", "properties": {"id": 411, "area_m2": 7233.92, "basis": "OSM surface road enclosed block"}, "geometry": {"type": "Polygon", "coordinates": [[[121.5467284, 25.0466817], [121.54813940000001, 25.0466734], [121.54813210000002, 25.046207400000004], [121.54674180000002, 25.0462225], [121.54674060000002, 25.0463667], [121.5467284, 25.0466817]]]}}, {"type": "Feature", "properties": {"id": 412, "area_m2": 4248.75, "basis": "OSM surface road enclosed block"}, "geometry": {"type": "Polygon", "coordinates": [[[121.54493450000001, 25.047142], [121.54494260000001, 25.04750509999999], [121.54598, 25.0475012], [121.54598340000001, 25.0471355], [121.54493450000001, 25.047142]]]}}, {"type": "Feature", "properties": {"id": 413, "area_m2": 4500.51, "basis": "OSM surface road enclosed block"}, "geometry": {"type": "Polygon", "coordinates": [[[121.54491869999998, 25.0467649], [121.54493450000001, 25.047142], [121.54598340000001, 25.0471355], [121.54599270000001, 25.046753999999996], [121.54553519999999, 25.046758599999997], [121.54491869999998, 25.0467649]]]}}, {"type": "Feature", "properties": {"id": 414, "area_m2": 4584.1, "basis": "OSM surface road enclosed block"}, "geometry": {"type": "Polygon", "coordinates": [[[121.5449119, 25.046387700000004], [121.5449125, 25.046420599999998], [121.54491869999998, 25.0467649], [121.54553519999999, 25.046758599999997], [121.54599270000001, 25.046753999999996], [121.5460015, 25.046439600000003], [121.5460028, 25.046371499999996], [121.54557929999999, 25.046379799999993], [121.54553279999999, 25.046380299999992], [121.5449119, 25.046387700000004]]]}}, {"type": "Feature", "properties": {"id": 415, "area_m2": 3716.99, "basis": "OSM surface road enclosed block"}, "geometry": {"type": "Polygon", "coordinates": [[[121.54673709999999, 25.047152299999997], [121.5463811, 25.0471421], [121.54598340000001, 25.0471355], [121.54598, 25.0475012], [121.54635760000001, 25.047565699999996], [121.5467936, 25.047636600000004], [121.54673709999999, 25.047152299999997]]]}}, {"type": "Feature", "properties": {"id": 416, "area_m2": 6402.55, "basis": "OSM surface road enclosed block"}, "geometry": {"type": "Polygon", "coordinates": [[[121.54598340000001, 25.0471355], [121.5463811, 25.0471421], [121.54673709999999, 25.047152299999997], [121.5467284, 25.0466817], [121.54674060000002, 25.0463667], [121.5460028, 25.046371499999996], [121.5460015, 25.046439600000003], [121.54599270000001, 25.046753999999996], [121.54598340000001, 25.0471355]]]}}, {"type": "Feature", "properties": {"id": 417, "area_m2": 2162.2, "basis": "OSM surface road enclosed block"}, "geometry": {"type": "Polygon", "coordinates": [[[121.54674060000002, 25.0463667], [121.54674180000002, 25.0462225], [121.54674450000002, 25.046103399999996], [121.54601169999998, 25.046108199999995], [121.5460028, 25.046371499999996], [121.54674060000002, 25.0463667]]]}}, {"type": "Feature", "properties": {"id": 418, "area_m2": 2883.4, "basis": "OSM surface road enclosed block"}, "geometry": {"type": "Polygon", "coordinates": [[[121.54674450000002, 25.046103399999996], [121.54674420000002, 25.045991299999997], [121.5467435, 25.045755699999997], [121.54652289999999, 25.045755599999996], [121.5460181, 25.0457452], [121.54601169999998, 25.046108199999995], [121.54674450000002, 25.046103399999996]]]}}, {"type": "Feature", "properties": {"id": 419, "area_m2": 4425.77, "basis": "OSM surface road enclosed block"}, "geometry": {"type": "Polygon", "coordinates": [[[121.5467435, 25.045755699999997], [121.54674420000002, 25.0452251], [121.54674420000002, 25.0451987], [121.5464816, 25.0452056], [121.5460253, 25.0452039], [121.54602459999998, 25.045241199999996], [121.5460181, 25.0457452], [121.54652289999999, 25.045755599999996], [121.5467435, 25.045755699999997]]]}}, {"type": "Feature", "properties": {"id": 420, "area_m2": 4810.96, "basis": "OSM surface road enclosed block"}, "geometry": {"type": "Polygon", "coordinates": [[[121.54865420000002, 25.046215499999995], [121.54858340000001, 25.046214699999997], [121.54851320000002, 25.046213499999993], [121.54813210000002, 25.046207400000004], [121.54813940000001, 25.0466734], [121.54814380000002, 25.0470438], [121.5485222, 25.0470404], [121.54859240000002, 25.047039700000003], [121.54865990000002, 25.047039100000003], [121.54865510000002, 25.0463559], [121.5486549, 25.046315799999995], [121.5486547, 25.0462806], [121.54865420000002, 25.046215499999995]]]}}, {"type": "Feature", "properties": {"id": 421, "area_m2": 1868.34, "basis": "OSM surface road enclosed block"}, "geometry": {"type": "Polygon", "coordinates": [[[121.5462252, 25.045], [121.54608729999998, 25.045070599999995], [121.5460253, 25.0452039], [121.5464816, 25.0452056], [121.54674420000002, 25.0451987], [121.5468599, 25.0451901], [121.5469274, 25.04516], [121.54689810000002, 25.045014400000003], [121.54684150000001, 25.044981500000002], [121.5467138, 25.0449901], [121.546571, 25.04499559999999], [121.5464396, 25.0450046], [121.54630780000001, 25.0450034], [121.5462252, 25.045]]]}}, {"type": "Feature", "properties": {"id": 422, "area_m2": 2049.38, "basis": "OSM surface road enclosed block"}, "geometry": {"type": "Polygon", "coordinates": [[[121.5460253, 25.0452039], [121.54608729999998, 25.045070599999995], [121.5462252, 25.045], [121.545971, 25.0449828], [121.5459112, 25.0449767], [121.54565640000001, 25.044954799999992], [121.54529670000001, 25.044915100000004], [121.545219, 25.0449838], [121.5452036, 25.0450825], [121.545278, 25.0451269], [121.54557600000001, 25.0451549], [121.5459206, 25.0451954], [121.5460253, 25.0452039]]]}}, {"type": "Feature", "properties": {"id": 423, "area_m2": 5858.79, "basis": "OSM surface road enclosed block"}, "geometry": {"type": "Polygon", "coordinates": [[[121.5460181, 25.0457452], [121.54602459999998, 25.045241199999996], [121.5460253, 25.0452039], [121.5459206, 25.0451954], [121.54557600000001, 25.0451549], [121.5455761, 25.045187599999995], [121.54557929999999, 25.046379799999993], [121.5460028, 25.046371499999996], [121.54601169999998, 25.046108199999995], [121.5460181, 25.0457452]]]}}, {"type": "Feature", "properties": {"id": 424, "area_m2": 5397.33, "basis": "OSM surface road enclosed block"}, "geometry": {"type": "Polygon", "coordinates": [[[121.54141889999998, 25.047200699999998], [121.5414583, 25.0470775], [121.5414661, 25.047053099999996], [121.54149689999998, 25.046969999999998], [121.54145180000002, 25.046957999999997], [121.5414147, 25.046948599999993], [121.5413551, 25.0469336], [121.5410817, 25.0468646], [121.5407415, 25.046782700000005], [121.5406875, 25.046769100000006], [121.5406626, 25.046762299999997], [121.5406097, 25.046749200000004], [121.5405466, 25.046733500000002], [121.5405186, 25.046819299999996], [121.5405108, 25.0468466], [121.54038800000001, 25.0472781], [121.5408798, 25.0473166], [121.5413704, 25.0473931], [121.5413781, 25.047374799999996], [121.54141889999998, 25.047200699999998]]]}}, {"type": "Feature", "properties": {"id": 425, "area_m2": 4030.83, "basis": "OSM surface road enclosed block"}, "geometry": {"type": "Polygon", "coordinates": [[[121.5397712, 25.0465728], [121.53979179999999, 25.0464793], [121.54006309999998, 25.0453306], [121.53943360000001, 25.045366399999995], [121.5393845, 25.045369199999993], [121.53937900000001, 25.045393500000003], [121.5393264, 25.0456251], [121.5392908, 25.045781800000004], [121.5392372, 25.046014599999996], [121.53917050000001, 25.046310799999997], [121.5391571, 25.0463767], [121.5391356, 25.046466199999998], [121.53921810000001, 25.046479800000004], [121.5392486, 25.0464825], [121.53927970000001, 25.046487700000004], [121.5392917, 25.0463956], [121.5393085, 25.0463487], [121.5392729, 25.046342100000004], [121.53937060000001, 25.045868099999993], [121.53937900000001, 25.045822899999994], [121.5397797, 25.045886], [121.5398201, 25.045943099999995], [121.53973839999999, 25.046469599999995], [121.53972109999998, 25.0465645], [121.5397712, 25.0465728]], [[121.53986379999999, 25.045500600000004], [121.53987219999999, 25.045506099999997], [121.5398759, 25.0455213], [121.5398502, 25.045642299999997], [121.5398249, 25.0457619], [121.53981850000001, 25.04576979999999], [121.5398115, 25.0457728], [121.5394836, 25.0457169], [121.5394695, 25.0457102], [121.53946410000002, 25.045696900000003], [121.53947020000001, 25.0456507], [121.53948430000001, 25.045565799999995], [121.539497, 25.045489699999994], [121.53951310000001, 25.045453299999995], [121.53953589999999, 25.045441099999994], [121.5395641, 25.045441699999998], [121.5398517, 25.045497900000004], [121.53986379999999, 25.045500600000004]]]}}, {"type": "Feature", "properties": {"id": 426, "area_m2": 31915.11, "basis": "OSM surface road enclosed block"}, "geometry": {"type": "Polygon", "coordinates": [[[121.54006309999998, 25.0453306], [121.53979179999999, 25.0464793], [121.5397712, 25.0465728], [121.53988080000002, 25.0465931], [121.54015100000001, 25.046646999999993], [121.54031320000001, 25.046682199999992], [121.5403716, 25.0466948], [121.54043230000002, 25.046707999999988], [121.54051069999998, 25.0467255], [121.5405466, 25.046733500000002], [121.5406097, 25.046749200000004], [121.54064080000002, 25.0466507], [121.54065170000001, 25.0466191], [121.54070929999999, 25.0466026], [121.5410915, 25.0466956], [121.5411244, 25.046730799999988], [121.54111040000001, 25.046774699999997], [121.5410817, 25.0468646], [121.5413551, 25.0469336], [121.5414147, 25.046948599999993], [121.54145180000002, 25.046957999999997], [121.54149689999998, 25.046969999999998], [121.5415689, 25.046988399999996], [121.54159409999998, 25.046905699999996], [121.5420395, 25.045831099999997], [121.5421639, 25.045447399999997], [121.5414537, 25.045261100000005], [121.5411238, 25.0452735], [121.54085599999999, 25.0452925], [121.54050980000001, 25.045314199999993], [121.5403468, 25.045320199999992], [121.54032010000002, 25.045321199999997], [121.54006309999998, 25.0453306]], [[121.5401065, 25.045648899999993], [121.5400992, 25.0456313], [121.54014880000001, 25.0454132], [121.54016290000001, 25.045399199999995], [121.5401857, 25.045394899999998], [121.5402259, 25.0454004], [121.5403184, 25.045422000000002], [121.54025870000001, 25.045645199999996], [121.54025410000001, 25.0456628], [121.540238, 25.045670100000002], [121.54012730000001, 25.045656799999996], [121.5401065, 25.045648899999993]]]}}, {"type": "Feature", "properties": {"id": 427, "area_m2": 5946.17, "basis": "OSM surface road enclosed block"}, "geometry": {"type": "Polygon", "coordinates": [[[121.5438351, 25.0464469], [121.54375240000002, 25.046447600000004], [121.54371589999998, 25.0464479], [121.543322, 25.046455499999997], [121.5433515, 25.047307899999996], [121.54335250000001, 25.0473359], [121.54335240000002, 25.047428], [121.5434591, 25.047455499999998], [121.54355590000002, 25.047480399999998], [121.5436041, 25.0474928], [121.54372170000002, 25.047522899999997], [121.5437531, 25.0475296], [121.5438654, 25.047563299999997], [121.5438611, 25.047437999999996], [121.5438537, 25.047079399999998], [121.54384690000002, 25.0468991], [121.5438351, 25.0464469]]]}}, {"type": "Feature", "properties": {"id": 428, "area_m2": 6889.35, "basis": "OSM surface road enclosed block"}, "geometry": {"type": "Polygon", "coordinates": [[[121.543322, 25.046455499999997], [121.54371589999998, 25.0464479], [121.54375240000002, 25.046447600000004], [121.5438351, 25.0464469], [121.5438099, 25.0455628], [121.5437365, 25.045563000000005], [121.5436891, 25.045564500000005], [121.54363549999998, 25.045565399999994], [121.5433037, 25.045571100000004], [121.5432487, 25.045709400000003], [121.54294710000002, 25.046461699999995], [121.5430331, 25.046460299999996], [121.543322, 25.046455499999997]]]}}, {"type": "Feature", "properties": {"id": 429, "area_m2": 5118.53, "basis": "OSM surface road enclosed block"}, "geometry": {"type": "Polygon", "coordinates": [[[121.543322, 25.046455499999997], [121.5430331, 25.046460299999996], [121.54294710000002, 25.046461699999995], [121.5427598, 25.0471169], [121.54274160000001, 25.047180700000002], [121.5427172, 25.047266199999992], [121.54335240000002, 25.047428], [121.54335250000001, 25.0473359], [121.5433515, 25.047307899999996], [121.543322, 25.046455499999997]]]}}, {"type": "Feature", "properties": {"id": 430, "area_m2": 4791.54, "basis": "OSM surface road enclosed block"}, "geometry": {"type": "Polygon", "coordinates": [[[121.54386610000002, 25.0425198], [121.54384360000002, 25.0418438], [121.5438394, 25.041683899999995], [121.5437139, 25.0416931], [121.54371250000001, 25.041844799999996], [121.543721, 25.042299299999996], [121.54373470000002, 25.0427933], [121.54374289999998, 25.0430968], [121.54374420000002, 25.043138700000004], [121.5437634, 25.043756699999996], [121.5437763, 25.0443148], [121.5437839, 25.04464520000001], [121.5437875, 25.044739499999995], [121.5439352, 25.044755699999996], [121.54393030000001, 25.044652100000004], [121.5439236, 25.0444063], [121.54390070000001, 25.043638], [121.5438857, 25.04313649999999], [121.5438773, 25.042853099999995], [121.54387189999998, 25.0426913], [121.54386610000002, 25.0425198]]]}}, {"type": "Feature", "properties": {"id": 431, "area_m2": 2981.26, "basis": "OSM surface road enclosed block"}, "geometry": {"type": "Polygon", "coordinates": [[[121.5439352, 25.044755699999996], [121.5439383, 25.044978899999997], [121.5440408, 25.044990099999996], [121.5449916, 25.0450936], [121.545078, 25.0451037], [121.54512359999998, 25.0451091], [121.5451726, 25.0450788], [121.5451849, 25.044978899999993], [121.54511999999998, 25.0448944], [121.5445389, 25.0448277], [121.54403659999998, 25.0447678], [121.5439352, 25.044755699999996]]]}}, {"type": "Feature", "properties": {"id": 432, "area_m2": 10166.22, "basis": "OSM surface road enclosed block"}, "geometry": {"type": "Polygon", "coordinates": [[[121.54374289999998, 25.0430968], [121.54366510000001, 25.043096400000003], [121.54363069999998, 25.0430962], [121.54345450000001, 25.0430953], [121.543413, 25.043141499999997], [121.543361, 25.0431992], [121.54302999999999, 25.043566999999996], [121.5429269, 25.0436471], [121.5428343, 25.043699400000005], [121.54273770000002, 25.043744299999997], [121.5425974, 25.04378629999999], [121.54235660000002, 25.043822899999995], [121.54227689999999, 25.0438384], [121.5422125, 25.043848199999996], [121.5422302, 25.043965899999996], [121.5422389, 25.044023399999997], [121.5422977, 25.044014699999998], [121.54232160000001, 25.044010099999998], [121.54257810000001, 25.043960099999993], [121.5426422, 25.043959699999995], [121.54274490000002, 25.043983599999994], [121.5429596, 25.04405969999999], [121.5430781, 25.044089], [121.54314609999999, 25.0441118], [121.5435209, 25.044252199999995], [121.5436587, 25.044295799999997], [121.54369669999998, 25.044299300000002], [121.5437763, 25.0443148], [121.5437634, 25.043756699999996], [121.54374420000002, 25.043138700000004], [121.54374289999998, 25.0430968]]]}}, {"type": "Feature", "properties": {"id": 433, "area_m2": 496.08, "basis": "OSM surface road enclosed block"}, "geometry": {"type": "Polygon", "coordinates": [[[121.54345450000001, 25.0430953], [121.54363069999998, 25.0430962], [121.54366510000001, 25.043096400000003], [121.54374289999998, 25.0430968], [121.54373470000002, 25.0427933], [121.5436643, 25.0428602], [121.54363420000001, 25.042899899999995], [121.54359030000002, 25.042947699999996], [121.54345450000001, 25.0430953]]]}}, {"type": "Feature", "properties": {"id": 434, "area_m2": 9115.14, "basis": "OSM surface road enclosed block"}, "geometry": {"type": "Polygon", "coordinates": [[[121.5489337, 25.048204199999997], [121.54893119999998, 25.048039200000005], [121.5489301, 25.0479619], [121.5489037, 25.046184599999997], [121.54890260000002, 25.04611299999999], [121.54890080000001, 25.045992299999998], [121.54888760000001, 25.045104400000003], [121.5488863, 25.0450151], [121.5488856, 25.044968099999995], [121.5486457, 25.0449924], [121.54864740000001, 25.045043000000003], [121.5486468, 25.0451383], [121.5486472, 25.0451993], [121.54865420000002, 25.046215499999995], [121.5486547, 25.0462806], [121.5486549, 25.046315799999995], [121.54865510000002, 25.0463559], [121.54865990000002, 25.047039100000003], [121.5486669, 25.048042199999998], [121.54866799999999, 25.048205899999992], [121.5489337, 25.048204199999997]]]}}, {"type": "Feature", "properties": {"id": 435, "area_m2": 8923.16, "basis": "OSM surface road enclosed block"}, "geometry": {"type": "Polygon", "coordinates": [[[121.5488856, 25.044968099999995], [121.5488863, 25.0450151], [121.54888760000001, 25.045104400000003], [121.54890080000001, 25.045992299999998], [121.54890260000002, 25.04611299999999], [121.5489037, 25.046184599999997], [121.5489301, 25.0479619], [121.54893119999998, 25.048039200000005], [121.5489337, 25.048204199999997], [121.5491664, 25.0482029], [121.54916240000001, 25.048036800000002], [121.549162, 25.047973], [121.5491617, 25.047911399999997], [121.5491572, 25.04715909999999], [121.54915410000001, 25.046171900000004], [121.5491515, 25.046105799999992], [121.5491512, 25.046016599999998], [121.549151, 25.0459481], [121.5491483, 25.0449907], [121.54914110000001, 25.044936999999994], [121.54893110000002, 25.044961999999998], [121.5488856, 25.044968099999995]]]}}, {"type": "Feature", "properties": {"id": 436, "area_m2": 165.12, "basis": "OSM surface road enclosed block"}, "geometry": {"type": "Polygon", "coordinates": [[[121.54529670000001, 25.044915100000004], [121.54511999999998, 25.0448944], [121.5451849, 25.044978899999993], [121.5451726, 25.0450788], [121.54512359999998, 25.0451091], [121.545278, 25.0451269], [121.5452036, 25.0450825], [121.545219, 25.0449838], [121.54529670000001, 25.044915100000004]]]}}, {"type": "Feature", "properties": {"id": 437, "area_m2": 106.79, "basis": "OSM surface road enclosed block"}, "geometry": {"type": "Polygon", "coordinates": [[[121.54697379999999, 25.044971], [121.54684150000001, 25.044981500000002], [121.54689810000002, 25.045014400000003], [121.5469274, 25.04516], [121.5468599, 25.0451901], [121.5469418, 25.0451826], [121.54702620000002, 25.0451759], [121.54695630000002, 25.045158999999995], [121.5469271, 25.045011599999995], [121.54697379999999, 25.044971]]]}}, {"type": "Feature", "properties": {"id": 438, "area_m2": 3970.82, "basis": "OSM surface road enclosed block"}, "geometry": {"type": "Polygon", "coordinates": [[[121.5472821, 25.044938700000003], [121.5471075, 25.044957199999995], [121.54697379999999, 25.044971], [121.5469271, 25.045011599999995], [121.54695630000002, 25.045158999999995], [121.54702620000002, 25.0451759], [121.54725610000001, 25.045148699999995], [121.54812029999998, 25.0450496], [121.54859140000002, 25.044998299999996], [121.5486457, 25.0449924], [121.54864429999999, 25.0447762], [121.54858790000002, 25.0447831], [121.5484981, 25.044794099999997], [121.5484347, 25.044801900000003], [121.5481122, 25.044841299999998], [121.54758430000001, 25.044904399999997], [121.5472821, 25.044938700000003]]]}}, {"type": "Feature", "properties": {"id": 439, "area_m2": 1169.34, "basis": "OSM surface road enclosed block"}, "geometry": {"type": "Polygon", "coordinates": [[[121.5416362, 25.04411109999999], [121.54169840000002, 25.044096800000002], [121.5422389, 25.044023399999997], [121.5422302, 25.043965899999996], [121.5422125, 25.043848199999996], [121.5416598, 25.0439267], [121.5416302, 25.043975799999995], [121.54163429999998, 25.044090599999993], [121.5416362, 25.04411109999999]]]}}, {"type": "Feature", "properties": {"id": 440, "area_m2": 1802.37, "basis": "OSM surface road enclosed block"}, "geometry": {"type": "Polygon", "coordinates": [[[121.5416584, 25.04376419999999], [121.54166030000002, 25.043887999999992], [121.5416598, 25.0439267], [121.5422125, 25.043848199999996], [121.54220739999998, 25.043813], [121.5422138, 25.043792899999996], [121.5422732, 25.043606999999998], [121.54165710000001, 25.043606199999996], [121.5416584, 25.04376419999999]]]}}, {"type": "Feature", "properties": {"id": 441, "area_m2": 1090.11, "basis": "OSM surface road enclosed block"}, "geometry": {"type": "Polygon", "coordinates": [[[121.54165580000002, 25.043457100000005], [121.54165710000001, 25.043606199999996], [121.5422732, 25.043606999999998], [121.5423179, 25.043450700000005], [121.54165580000002, 25.043457100000005]]]}}, {"type": "Feature", "properties": {"id": 442, "area_m2": 1245.5, "basis": "OSM surface road enclosed block"}, "geometry": {"type": "Polygon", "coordinates": [[[121.54165439999998, 25.043297299999995], [121.54165580000002, 25.043457100000005], [121.5423179, 25.043450700000005], [121.54238499999998, 25.0432898], [121.54165439999998, 25.043297299999995]]]}}, {"type": "Feature", "properties": {"id": 443, "area_m2": 1287.96, "basis": "OSM surface road enclosed block"}, "geometry": {"type": "Polygon", "coordinates": [[[121.54165310000002, 25.043146599999993], [121.54165439999998, 25.043297299999995], [121.54238499999998, 25.0432898], [121.54245060000001, 25.043138200000005], [121.54165310000002, 25.043146599999993]]]}}, {"type": "Feature", "properties": {"id": 444, "area_m2": 1555.35, "basis": "OSM surface road enclosed block"}, "geometry": {"type": "Polygon", "coordinates": [[[121.5416517, 25.042979600000002], [121.54165310000002, 25.043146599999993], [121.54245060000001, 25.043138200000005], [121.54248840000001, 25.0430411], [121.5425161, 25.042969600000003], [121.5424108, 25.042970799999992], [121.5416517, 25.042979600000002]]]}}, {"type": "Feature", "properties": {"id": 445, "area_m2": 3106.47, "basis": "OSM surface road enclosed block"}, "geometry": {"type": "Polygon", "coordinates": [[[121.5530095, 25.0425243], [121.5524034, 25.0425359], [121.55241560000002, 25.042993399999997], [121.55291430000001, 25.0429906], [121.55301720000001, 25.042986399999997], [121.5530134, 25.0429454], [121.5530095, 25.0425243]]]}}, {"type": "Feature", "properties": {"id": 446, "area_m2": 5730.75, "basis": "OSM surface road enclosed block"}, "geometry": {"type": "Polygon", "coordinates": [[[121.5524034, 25.0425359], [121.5530095, 25.0425243], [121.55299470000001, 25.042042099999996], [121.5519237, 25.0420774], [121.5519201, 25.042543], [121.5524034, 25.0425359]]]}}, {"type": "Feature", "properties": {"id": 447, "area_m2": 3101.84, "basis": "OSM surface road enclosed block"}, "geometry": {"type": "Polygon", "coordinates": [[[121.5524034, 25.0425359], [121.5519201, 25.042543], [121.5519277, 25.043006499999997], [121.55192960000001, 25.0431099], [121.552419, 25.0431101], [121.55241560000002, 25.042993399999997], [121.5524034, 25.0425359]]]}}, {"type": "Feature", "properties": {"id": 448, "area_m2": 236.01, "basis": "OSM surface road enclosed block"}, "geometry": {"type": "Polygon", "coordinates": [[[121.55006790000002, 25.0448362], [121.5500034, 25.044804], [121.5499844, 25.0447005], [121.5500516, 25.044624099999997], [121.54983960000001, 25.044645399999997], [121.54992419999999, 25.044703499999997], [121.5499393, 25.04480759999999], [121.54987260000001, 25.044858099999992], [121.55006790000002, 25.0448362]]]}}, {"type": "Feature", "properties": {"id": 449, "area_m2": 7362.18, "basis": "OSM surface road enclosed block"}, "geometry": {"type": "Polygon", "coordinates": [[[121.5500516, 25.044624099999997], [121.5499844, 25.0447005], [121.5500034, 25.044804], [121.55006790000002, 25.0448362], [121.5505799, 25.0447751], [121.5507087, 25.044757099999998], [121.5509178, 25.044735899999992], [121.5510059, 25.044724999999996], [121.55198270000001, 25.044600600000003], [121.5524412, 25.044555299999995], [121.5529144, 25.044518599999996], [121.5531256, 25.044511499999995], [121.5531691, 25.044482499999997], [121.55316980000002, 25.044364900000005], [121.55262330000001, 25.044400399999997], [121.55234610000001, 25.044302399999992], [121.55227739999998, 25.0443109], [121.55198849999998, 25.044348199999998], [121.55179460000001, 25.044378899999998], [121.5509044, 25.044533900000005], [121.55081010000002, 25.0445426], [121.5500516, 25.044624099999997]]]}}, {"type": "Feature", "properties": {"id": 450, "area_m2": 1860.32, "basis": "OSM surface road enclosed block"}, "geometry": {"type": "Polygon", "coordinates": [[[121.54987260000001, 25.044858099999992], [121.5499393, 25.04480759999999], [121.54992419999999, 25.044703499999997], [121.54983960000001, 25.044645399999997], [121.54968300000002, 25.044660799999992], [121.54922370000001, 25.044707099999993], [121.5491395, 25.0447156], [121.54914110000001, 25.044936999999994], [121.54922630000002, 25.044924099999996], [121.5492802, 25.0449183], [121.5493403, 25.044911799999994], [121.5496721, 25.044875899999997], [121.54987260000001, 25.044858099999992]]]}}, {"type": "Feature", "properties": {"id": 451, "area_m2": 2827.99, "basis": "OSM surface road enclosed block"}, "geometry": {"type": "Polygon", "coordinates": [[[121.5488758, 25.0415958], [121.5486169, 25.0416027], [121.548618, 25.041725799999995], [121.5486181, 25.0417441], [121.54861819999999, 25.041763799999995], [121.5486187, 25.041801], [121.5486285, 25.042510400000005], [121.5486299, 25.042611899999997], [121.5488706, 25.042609], [121.54887110000001, 25.042509999999996], [121.5488714, 25.042446], [121.5488751, 25.041740899999997], [121.5488752, 25.041723099999995], [121.5488758, 25.0415958]]]}}, {"type": "Feature", "properties": {"id": 452, "area_m2": 5264.54, "basis": "OSM surface road enclosed block"}, "geometry": {"type": "Polygon", "coordinates": [[[121.5507207, 25.046165499999994], [121.55064700000001, 25.046164099999995], [121.54969, 25.046157199999993], [121.54969629999998, 25.046615299999992], [121.5507045, 25.0466292], [121.5507219, 25.0462151], [121.5507207, 25.046165499999994]]]}}, {"type": "Feature", "properties": {"id": 453, "area_m2": 4524.4, "basis": "OSM surface road enclosed block"}, "geometry": {"type": "Polygon", "coordinates": [[[121.54969, 25.046157199999993], [121.55064700000001, 25.046164099999995], [121.5507207, 25.046165499999994], [121.55072250000002, 25.045771199999997], [121.5496847, 25.045767899999998], [121.54969, 25.046157199999993]]]}}, {"type": "Feature", "properties": {"id": 454, "area_m2": 5970.75, "basis": "OSM surface road enclosed block"}, "geometry": {"type": "Polygon", "coordinates": [[[121.54969, 25.046157199999993], [121.5492938, 25.046168599999998], [121.5492385, 25.046170199999995], [121.54915410000001, 25.046171900000004], [121.5491572, 25.04715909999999], [121.549253, 25.047158199999995], [121.54930670000002, 25.047156800000003], [121.54963409999999, 25.0471482], [121.5497003, 25.047146500000004], [121.54969629999998, 25.046615299999992], [121.54969, 25.046157199999993]]]}}, {"type": "Feature", "properties": {"id": 455, "area_m2": 7514.1, "basis": "OSM surface road enclosed block"}, "geometry": {"type": "Polygon", "coordinates": [[[121.54915410000001, 25.046171900000004], [121.5492385, 25.046170199999995], [121.5492938, 25.046168599999998], [121.54969, 25.046157199999993], [121.5496847, 25.045767899999998], [121.54968069999998, 25.045551200000002], [121.54968189999998, 25.045465999999998], [121.5496841, 25.045310899999997], [121.5496753, 25.044916300000004], [121.5496721, 25.044875899999997], [121.5493403, 25.044911799999994], [121.5492802, 25.0449183], [121.54922630000002, 25.044924099999996], [121.54914110000001, 25.044936999999994], [121.5491483, 25.0449907], [121.549151, 25.0459481], [121.5491512, 25.046016599999998], [121.5491515, 25.046105799999992], [121.54915410000001, 25.046171900000004]]]}}, {"type": "Feature", "properties": {"id": 456, "area_m2": 3029.69, "basis": "OSM surface road enclosed block"}, "geometry": {"type": "Polygon", "coordinates": [[[121.5496579, 25.0425968], [121.5496567, 25.042144799999996], [121.54965659999999, 25.042087299999995], [121.54920360000001, 25.0420932], [121.5491293, 25.042093600000005], [121.54912280000002, 25.0423843], [121.5491236, 25.042438199999996], [121.5491245, 25.0425092], [121.5491257, 25.042604300000008], [121.5492134, 25.042602499999997], [121.5492527, 25.042602], [121.54930770000001, 25.042601300000005], [121.5496579, 25.0425968]]]}}, {"type": "Feature", "properties": {"id": 457, "area_m2": 4518.68, "basis": "OSM surface road enclosed block"}, "geometry": {"type": "Polygon", "coordinates": [[[121.55247830000002, 25.045301099999996], [121.5520071, 25.045313299999997], [121.55201240000001, 25.0457589], [121.55201800000002, 25.046163499999995], [121.55250480000001, 25.04615250000001], [121.55248319999998, 25.0457336], [121.55247830000002, 25.045301099999996]]]}}, {"type": "Feature", "properties": {"id": 458, "area_m2": 3791.07, "basis": "OSM surface road enclosed block"}, "geometry": {"type": "Polygon", "coordinates": [[[121.5520071, 25.045313299999997], [121.55247830000002, 25.045301099999996], [121.55246570000001, 25.0449567], [121.5524447, 25.04458209999999], [121.5524412, 25.044555299999995], [121.55198270000001, 25.044600600000003], [121.55199, 25.0446283], [121.55200019999998, 25.044978799999992], [121.5520071, 25.045313299999997]]]}}, {"type": "Feature", "properties": {"id": 459, "area_m2": 9122.61, "basis": "OSM surface road enclosed block"}, "geometry": {"type": "Polygon", "coordinates": [[[121.55071200000002, 25.045316100000004], [121.5520071, 25.045313299999997], [121.55200019999998, 25.044978799999992], [121.55199, 25.0446283], [121.55198270000001, 25.044600600000003], [121.5510059, 25.044724999999996], [121.5509178, 25.044735899999992], [121.5507087, 25.044757099999998], [121.5507093, 25.044789299999998], [121.5507158, 25.0450707], [121.55071200000002, 25.045316100000004]]]}}, {"type": "Feature", "properties": {"id": 460, "area_m2": 5704.72, "basis": "OSM surface road enclosed block"}, "geometry": {"type": "Polygon", "coordinates": [[[121.5496841, 25.045310899999997], [121.55071200000002, 25.045316100000004], [121.5507158, 25.0450707], [121.5507093, 25.044789299999998], [121.5507087, 25.044757099999998], [121.5505799, 25.0447751], [121.55006790000002, 25.0448362], [121.54987260000001, 25.044858099999992], [121.5496721, 25.044875899999997], [121.5496753, 25.044916300000004], [121.5496841, 25.045310899999997]]]}}, {"type": "Feature", "properties": {"id": 461, "area_m2": 5777.93, "basis": "OSM surface road enclosed block"}, "geometry": {"type": "Polygon", "coordinates": [[[121.5488706, 25.042609], [121.5486299, 25.042611899999997], [121.54863019999999, 25.0427041], [121.5486303, 25.042734199999998], [121.54863050000002, 25.0427822], [121.5486333, 25.0435393], [121.54863419999998, 25.043636900000003], [121.5486345, 25.043675099999998], [121.54864340000002, 25.044642799999995], [121.54864370000001, 25.0446937], [121.54864429999999, 25.0447762], [121.54888139999998, 25.044747099999995], [121.548881, 25.0446669], [121.5488808, 25.044618300000003], [121.54887590000001, 25.043664400000004], [121.54887560000002, 25.043606499999996], [121.54887539999999, 25.043567699999997], [121.54887120000001, 25.042741300000007], [121.548871, 25.042706200000005], [121.5488706, 25.042609]]]}}, {"type": "Feature", "properties": {"id": 462, "area_m2": 2822.97, "basis": "OSM surface road enclosed block"}, "geometry": {"type": "Polygon", "coordinates": [[[121.5488758, 25.0415958], [121.5488752, 25.041723099999995], [121.5488751, 25.041740899999997], [121.5488714, 25.042446], [121.54887110000001, 25.042509999999996], [121.5488706, 25.042609], [121.5489105, 25.042607799999995], [121.5491257, 25.042604300000008], [121.5491245, 25.0425092], [121.5491236, 25.042438199999996], [121.54912280000002, 25.0423843], [121.5491293, 25.042093600000005], [121.54911470000002, 25.041766299999995], [121.5491143, 25.041719100000005], [121.549113, 25.04158839999999], [121.548901, 25.041595500000003], [121.5488758, 25.0415958]]]}}, {"type": "Feature", "properties": {"id": 463, "area_m2": 8078.02, "basis": "OSM surface road enclosed block"}, "geometry": {"type": "Polygon", "coordinates": [[[121.55250480000001, 25.04615250000001], [121.55201800000002, 25.046163499999995], [121.5520332, 25.046622399999997], [121.55204479999999, 25.047131199999995], [121.55204990000001, 25.0472925], [121.55206100000001, 25.047622900000004], [121.55255549999998, 25.0476154], [121.5525504, 25.047227000000003], [121.5525232, 25.0466221], [121.55250480000001, 25.04615250000001]]]}}, {"type": "Feature", "properties": {"id": 464, "area_m2": 635.61, "basis": "OSM surface road enclosed block"}, "geometry": {"type": "Polygon", "coordinates": [[[121.54893110000002, 25.044961999999998], [121.54914110000001, 25.044936999999994], [121.5491395, 25.0447156], [121.54892780000002, 25.044741099999996], [121.54888139999998, 25.044747099999995], [121.5488856, 25.044968099999995], [121.54893110000002, 25.044961999999998]]]}}, {"type": "Feature", "properties": {"id": 465, "area_m2": 583.57, "basis": "OSM surface road enclosed block"}, "geometry": {"type": "Polygon", "coordinates": [[[121.54888139999998, 25.044747099999995], [121.54864429999999, 25.0447762], [121.5486457, 25.0449924], [121.5488856, 25.044968099999995], [121.54888139999998, 25.044747099999995]]]}}, {"type": "Feature", "properties": {"id": 466, "area_m2": 6074.99, "basis": "OSM surface road enclosed block"}, "geometry": {"type": "Polygon", "coordinates": [[[121.5488706, 25.042609], [121.548871, 25.042706200000005], [121.54887120000001, 25.042741300000007], [121.54887539999999, 25.043567699999997], [121.54887560000002, 25.043606499999996], [121.54887590000001, 25.043664400000004], [121.5488808, 25.044618300000003], [121.548881, 25.0446669], [121.54888139999998, 25.044747099999995], [121.54892780000002, 25.044741099999996], [121.5491395, 25.0447156], [121.5491389, 25.044643199999992], [121.54913750000001, 25.044595299999997], [121.5491381, 25.0445483], [121.5491343, 25.044023099999997], [121.549133, 25.043854300000003], [121.5491302, 25.0435316], [121.5491296, 25.043457199999988], [121.54912889999999, 25.043382600000008], [121.5491258, 25.0427091], [121.5491257, 25.042604300000008], [121.5489105, 25.042607799999995], [121.5488706, 25.042609]]]}}, {"type": "Feature", "properties": {"id": 467, "area_m2": 1046.2, "basis": "OSM surface road enclosed block"}, "geometry": {"type": "Polygon", "coordinates": [[[121.55299590000001, 25.044233], [121.55274950000002, 25.044252499999995], [121.5524543, 25.044286699999997], [121.55234610000001, 25.044302399999992], [121.55262330000001, 25.044400399999997], [121.55316980000002, 25.044364900000005], [121.5531649, 25.044258599999992], [121.5531208, 25.0442352], [121.55299590000001, 25.044233]]]}}, {"type": "Feature", "properties": {"id": 468, "area_m2": 1367.56, "basis": "OSM surface road enclosed block"}, "geometry": {"type": "Polygon", "coordinates": [[[121.55299590000001, 25.044233], [121.5531208, 25.0442352], [121.55325759999998, 25.0442373], [121.5535649, 25.044233099999996], [121.55375940000002, 25.044247499999997], [121.553773, 25.04419499999999], [121.55384020000001, 25.043936199999997], [121.5537653, 25.043948799999992], [121.5531064, 25.0441922], [121.55299590000001, 25.044233]]]}}, {"type": "Feature", "properties": {"id": 469, "area_m2": 176.17, "basis": "OSM surface road enclosed block"}, "geometry": {"type": "Polygon", "coordinates": [[[121.55325759999998, 25.0442373], [121.5531208, 25.0442352], [121.5531649, 25.044258599999992], [121.55316980000002, 25.044364900000005], [121.5531691, 25.044482499999997], [121.5531256, 25.044511499999995], [121.5532982, 25.0445008], [121.55321430000001, 25.044476099999997], [121.5532159, 25.044271199999997], [121.55325759999998, 25.0442373]]]}}, {"type": "Feature", "properties": {"id": 470, "area_m2": 1642.81, "basis": "OSM surface road enclosed block"}, "geometry": {"type": "Polygon", "coordinates": [[[121.55375940000002, 25.044247499999997], [121.5535649, 25.044233099999996], [121.55325759999998, 25.0442373], [121.5532159, 25.044271199999997], [121.55321430000001, 25.044476099999997], [121.5532982, 25.0445008], [121.55377950000002, 25.0445125], [121.55375940000002, 25.044247499999997]]]}}, {"type": "Feature", "properties": {"id": 471, "area_m2": 4769.29, "basis": "OSM surface road enclosed block"}, "geometry": {"type": "Polygon", "coordinates": [[[121.55375940000002, 25.044247499999997], [121.55426, 25.044302800000004], [121.5544407, 25.0443247], [121.55469720000002, 25.0443785], [121.5546955, 25.0443263], [121.5546848, 25.0440056], [121.5546762, 25.0437487], [121.5546602, 25.0437064], [121.5545993, 25.043713199999992], [121.55393109999999, 25.043920800000002], [121.55384020000001, 25.043936199999997], [121.553773, 25.04419499999999], [121.55375940000002, 25.044247499999997]]]}}, {"type": "Feature", "properties": {"id": 472, "area_m2": 1750.21, "basis": "OSM surface road enclosed block"}, "geometry": {"type": "Polygon", "coordinates": [[[121.55426, 25.044302800000004], [121.55375940000002, 25.044247499999997], [121.55377950000002, 25.0445125], [121.554273, 25.044582999999996], [121.5543309, 25.04455739999999], [121.55439460000001, 25.044488099999995], [121.55436370000001, 25.044396700000004], [121.55426, 25.044302800000004]]]}}, {"type": "Feature", "properties": {"id": 473, "area_m2": 9033.16, "basis": "OSM surface road enclosed block"}, "geometry": {"type": "Polygon", "coordinates": [[[121.55469720000002, 25.0443785], [121.5544407, 25.0443247], [121.55426, 25.044302800000004], [121.55436370000001, 25.044396700000004], [121.55439460000001, 25.044488099999995], [121.55437990000001, 25.0445959], [121.5547506, 25.044647600000005], [121.5551475, 25.044710700000003], [121.5561505, 25.044913500000003], [121.55667299999999, 25.045013799999992], [121.55706719999999, 25.0450908], [121.5575668, 25.0451815], [121.5576153, 25.045192499999995], [121.5576921, 25.0452085], [121.5576886, 25.0451059], [121.55768439999999, 25.0449905], [121.55760369999999, 25.044967400000004], [121.55747860000001, 25.044927799999996], [121.5571249, 25.04485949999999], [121.55670149999999, 25.0447779], [121.55563600000002, 25.044573999999997], [121.55542780000002, 25.044534199999998], [121.55513930000001, 25.044471299999998], [121.5550431, 25.044451099999996], [121.55469720000002, 25.0443785]]]}}, {"type": "Feature", "properties": {"id": 474, "area_m2": 5010.63, "basis": "OSM surface road enclosed block"}, "geometry": {"type": "Polygon", "coordinates": [[[121.55469720000002, 25.0443785], [121.5550431, 25.044451099999996], [121.55513930000001, 25.044471299999998], [121.55542780000002, 25.044534199999998], [121.55563600000002, 25.044573999999997], [121.5556341, 25.044517099999993], [121.5556284, 25.044342699999994], [121.55561660000001, 25.0439878], [121.5547293, 25.0440047], [121.5546848, 25.0440056], [121.5546955, 25.0443263], [121.55469720000002, 25.0443785]]]}}, {"type": "Feature", "properties": {"id": 475, "area_m2": 4170.39, "basis": "OSM surface road enclosed block"}, "geometry": {"type": "Polygon", "coordinates": [[[121.55563600000002, 25.044573999999997], [121.55670149999999, 25.0447779], [121.55671710000001, 25.044723900000005], [121.55670869999999, 25.04434609999999], [121.5566965, 25.044319700000003], [121.5556284, 25.044342699999994], [121.5556341, 25.044517099999993], [121.55563600000002, 25.044573999999997]]]}}, {"type": "Feature", "properties": {"id": 476, "area_m2": 2298.07, "basis": "OSM surface road enclosed block"}, "geometry": {"type": "Polygon", "coordinates": [[[121.55670149999999, 25.0447779], [121.5571249, 25.04485949999999], [121.5571235, 25.044799900000005], [121.5571127, 25.044308500000003], [121.5566965, 25.044319700000003], [121.55670869999999, 25.04434609999999], [121.55671710000001, 25.044723900000005], [121.55670149999999, 25.0447779]]]}}, {"type": "Feature", "properties": {"id": 477, "area_m2": 6048.41, "basis": "OSM surface road enclosed block"}, "geometry": {"type": "Polygon", "coordinates": [[[121.5571249, 25.04485949999999], [121.55747860000001, 25.044927799999996], [121.55760369999999, 25.044967400000004], [121.55768439999999, 25.0449905], [121.55768319999999, 25.044889199999993], [121.55767410000001, 25.044279199999995], [121.55766930000001, 25.0439487], [121.5575822, 25.043949900000005], [121.5571034, 25.0439595], [121.5571127, 25.044308500000003], [121.5571235, 25.044799900000005], [121.5571249, 25.04485949999999]]]}}, {"type": "Feature", "properties": {"id": 478, "area_m2": 891.78, "basis": "OSM surface road enclosed block"}, "geometry": {"type": "Polygon", "coordinates": [[[121.5411244, 25.046730799999988], [121.5410915, 25.0466956], [121.54070929999999, 25.0466026], [121.54065170000001, 25.0466191], [121.54064080000002, 25.0466507], [121.5406097, 25.046749200000004], [121.5406626, 25.046762299999997], [121.5406875, 25.046769100000006], [121.5407415, 25.046782700000005], [121.5410817, 25.0468646], [121.54111040000001, 25.046774699999997], [121.5411244, 25.046730799999988]]]}}, {"type": "Feature", "properties": {"id": 479, "area_m2": 4588.76, "basis": "OSM surface road enclosed block"}, "geometry": {"type": "Polygon", "coordinates": [[[121.5576153, 25.045192499999995], [121.5575668, 25.0451815], [121.5575562, 25.0452394], [121.55752440000002, 25.045260599999995], [121.5573928, 25.045242099999996], [121.55736699999999, 25.045342800000004], [121.5566373, 25.0452498], [121.556587, 25.0455783], [121.5576306, 25.0457183], [121.557701, 25.045727699999993], [121.55769160000001, 25.0452785], [121.5576921, 25.0452085], [121.5576153, 25.045192499999995]]]}}, {"type": "Feature", "properties": {"id": 480, "area_m2": 1941.15, "basis": "OSM surface road enclosed block"}, "geometry": {"type": "Polygon", "coordinates": [[[121.5575668, 25.0451815], [121.55706719999999, 25.0450908], [121.55667299999999, 25.045013799999992], [121.55666600000002, 25.0450601], [121.5566373, 25.0452498], [121.55736699999999, 25.045342800000004], [121.5573928, 25.045242099999996], [121.55752440000002, 25.045260599999995], [121.5575562, 25.0452394], [121.5575668, 25.0451815]]]}}, {"type": "Feature", "properties": {"id": 481, "area_m2": 8067.44, "basis": "OSM surface road enclosed block"}, "geometry": {"type": "Polygon", "coordinates": [[[121.55667299999999, 25.045013799999992], [121.5561505, 25.044913500000003], [121.5551475, 25.044710700000003], [121.5547506, 25.044647600000005], [121.55437990000001, 25.0445959], [121.5543743, 25.044616899999998], [121.5543254, 25.044948499999997], [121.5554687, 25.045097499999997], [121.5566373, 25.0452498], [121.55666600000002, 25.0450601], [121.55667299999999, 25.045013799999992]]]}}, {"type": "Feature", "properties": {"id": 482, "area_m2": 11124.5, "basis": "OSM surface road enclosed block"}, "geometry": {"type": "Polygon", "coordinates": [[[121.55437990000001, 25.0445959], [121.554273, 25.044582999999996], [121.55377950000002, 25.0445125], [121.5537782, 25.044544100000003], [121.5537635, 25.0446746], [121.5537203, 25.0450049], [121.55366980000001, 25.04539099999999], [121.5536444, 25.045585299999995], [121.5536183, 25.045785200000005], [121.5535775, 25.046096599999995], [121.5535664, 25.046181699999998], [121.5536159, 25.046188099999995], [121.5540905, 25.046249500000002], [121.554196, 25.0462632], [121.5542075, 25.04571179999999], [121.55426680000001, 25.045313699999994], [121.5543254, 25.044948499999997], [121.5543743, 25.044616899999998], [121.55437990000001, 25.0445959]]]}}, {"type": "Feature", "properties": {"id": 483, "area_m2": 52.15, "basis": "OSM surface road enclosed block"}, "geometry": {"type": "Polygon", "coordinates": [[[121.554273, 25.044582999999996], [121.55437990000001, 25.0445959], [121.55439460000001, 25.044488099999995], [121.5543309, 25.04455739999999], [121.554273, 25.044582999999996]]]}}, {"type": "Feature", "properties": {"id": 484, "area_m2": 11785.11, "basis": "OSM surface road enclosed block"}, "geometry": {"type": "Polygon", "coordinates": [[[121.55377950000002, 25.0445125], [121.5532982, 25.0445008], [121.5531256, 25.044511499999995], [121.5529144, 25.044518599999996], [121.5524412, 25.044555299999995], [121.5524447, 25.04458209999999], [121.55246570000001, 25.0449567], [121.55247830000002, 25.045301099999996], [121.55301990000001, 25.045351800000002], [121.55366980000001, 25.04539099999999], [121.5537203, 25.0450049], [121.5537635, 25.0446746], [121.5537782, 25.044544100000003], [121.55377950000002, 25.0445125]]]}}, {"type": "Feature", "properties": {"id": 485, "area_m2": 578.44, "basis": "OSM surface road enclosed block"}, "geometry": {"type": "Polygon", "coordinates": [[[121.53948430000001, 25.045565799999995], [121.5398502, 25.045642299999997], [121.5398759, 25.0455213], [121.53987219999999, 25.045506099999997], [121.53986379999999, 25.045500600000004], [121.5398517, 25.045497900000004], [121.5395641, 25.045441699999998], [121.53953589999999, 25.045441099999994], [121.53951310000001, 25.045453299999995], [121.539497, 25.045489699999994], [121.53948430000001, 25.045565799999995]]]}}, {"type": "Feature", "properties": {"id": 486, "area_m2": 586.26, "basis": "OSM surface road enclosed block"}, "geometry": {"type": "Polygon", "coordinates": [[[121.5398502, 25.045642299999997], [121.53948430000001, 25.045565799999995], [121.53947020000001, 25.0456507], [121.53946410000002, 25.045696900000003], [121.5394695, 25.0457102], [121.5394836, 25.0457169], [121.5398115, 25.0457728], [121.53981850000001, 25.04576979999999], [121.5398249, 25.0457619], [121.5398502, 25.045642299999997]]]}}, {"type": "Feature", "properties": {"id": 487, "area_m2": 475.97, "basis": "OSM surface road enclosed block"}, "geometry": {"type": "Polygon", "coordinates": [[[121.5403184, 25.045422000000002], [121.5402259, 25.0454004], [121.5401857, 25.045394899999998], [121.54016290000001, 25.045399199999995], [121.54014880000001, 25.0454132], [121.5400992, 25.0456313], [121.5401065, 25.045648899999993], [121.54012730000001, 25.045656799999996], [121.540238, 25.045670100000002], [121.54025410000001, 25.0456628], [121.54025870000001, 25.045645199999996], [121.5403184, 25.045422000000002]]]}}, {"type": "Feature", "properties": {"id": 488, "area_m2": 702.75, "basis": "OSM surface road enclosed block"}, "geometry": {"type": "Polygon", "coordinates": [[[121.5393085, 25.0463487], [121.5392917, 25.0463956], [121.53927970000001, 25.046487700000004], [121.5393128, 25.046492399999998], [121.53972109999998, 25.0465645], [121.53973839999999, 25.046469599999995], [121.53968890000002, 25.046412], [121.5393085, 25.0463487]]]}}, {"type": "Feature", "properties": {"id": 489, "area_m2": 198.41, "basis": "OSM surface road enclosed block"}, "geometry": {"type": "Polygon", "coordinates": [[[121.5393085, 25.0463487], [121.53968890000002, 25.046412], [121.53973839999999, 25.046469599999995], [121.5397004, 25.0463673], [121.5393677, 25.046313499999997], [121.5393085, 25.0463487]]]}}, {"type": "Feature", "properties": {"id": 490, "area_m2": 475.49, "basis": "OSM surface road enclosed block"}, "geometry": {"type": "Polygon", "coordinates": [[[121.54308579999999, 25.042583099999998], [121.5430952, 25.0425901], [121.5431093, 25.0425955], [121.54324200000002, 25.042605899999995], [121.54325650000001, 25.042600699999998], [121.5432662, 25.04259129999999], [121.54326480000002, 25.042403000000004], [121.5432605, 25.042390499999996], [121.54324270000001, 25.0423817], [121.54312870000001, 25.042334299999997], [121.54310730000002, 25.042334299999997], [121.5430938, 25.042348299999997], [121.54308579999999, 25.042583099999998]]]}}, {"type": "Feature", "properties": {"id": 491, "area_m2": 260.78, "basis": "OSM surface road enclosed block"}, "geometry": {"type": "Polygon", "coordinates": [[[121.5393085, 25.0463487], [121.53938370000002, 25.046249200000002], [121.53971280000002, 25.046310799999997], [121.53973839999999, 25.046469599999995], [121.5397355, 25.046254900000008], [121.5393913, 25.0461964], [121.5393085, 25.0463487]]]}}, {"type": "Feature", "properties": {"id": 492, "area_m2": 269.76, "basis": "OSM surface road enclosed block"}, "geometry": {"type": "Polygon", "coordinates": [[[121.53973839999999, 25.046469599999995], [121.53971280000002, 25.046310799999997], [121.53938370000002, 25.046249200000002], [121.5393085, 25.0463487], [121.5393677, 25.046313499999997], [121.5397004, 25.0463673], [121.53973839999999, 25.046469599999995]]]}}, {"type": "Feature", "properties": {"id": 493, "area_m2": 321.22, "basis": "OSM surface road enclosed block"}, "geometry": {"type": "Polygon", "coordinates": [[[121.5393085, 25.0463487], [121.5393913, 25.0461964], [121.5397355, 25.046254900000008], [121.53973839999999, 25.046469599999995], [121.5397499, 25.046184799999995], [121.5393997, 25.046127099999993], [121.5393085, 25.0463487]]]}}, {"type": "Feature", "properties": {"id": 494, "area_m2": 1496.23, "basis": "OSM surface road enclosed block"}, "geometry": {"type": "Polygon", "coordinates": [[[121.5393085, 25.0463487], [121.5393997, 25.046127099999993], [121.5397499, 25.046184799999995], [121.53973839999999, 25.046469599999995], [121.5398201, 25.045943099999995], [121.53937060000001, 25.045868099999993], [121.5392729, 25.046342100000004], [121.5393085, 25.0463487]]]}}, {"type": "Feature", "properties": {"id": 495, "area_m2": 230.68, "basis": "OSM surface road enclosed block"}, "geometry": {"type": "Polygon", "coordinates": [[[121.53937060000001, 25.045868099999993], [121.5398201, 25.045943099999995], [121.5397797, 25.045886], [121.53937900000001, 25.045822899999994], [121.53937060000001, 25.045868099999993]]]}}, {"type": "Feature", "properties": {"id": 496, "area_m2": 29156.66, "basis": "OSM surface road enclosed block"}, "geometry": {"type": "Polygon", "coordinates": [[[121.56256510000001, 25.050337400000004], [121.562557, 25.049806999999998], [121.56260980000002, 25.0492428], [121.5619498, 25.049164899999997], [121.5619899, 25.048730000000003], [121.56199210000001, 25.048705800000004], [121.56200029999998, 25.048606599999996], [121.56121740000002, 25.0485243], [121.5611614, 25.048520399999994], [121.56110070000001, 25.048513300000003], [121.56098220000001, 25.048502000000003], [121.56086829999998, 25.0484899], [121.5608585, 25.048592700000004], [121.56085400000002, 25.048645899999997], [121.5608144, 25.049112800000003], [121.56078540000001, 25.0495275], [121.5607757, 25.050151899999996], [121.5614084, 25.050214099999994], [121.56256510000001, 25.050337400000004]]]}}, {"type": "Feature", "properties": {"id": 497, "area_m2": 4301.0, "basis": "OSM surface road enclosed block"}, "geometry": {"type": "Polygon", "coordinates": [[[121.56260980000002, 25.0492428], [121.562557, 25.049806999999998], [121.56297920000002, 25.049845599999994], [121.5631375, 25.0498555], [121.5631927, 25.049204900000003], [121.5626274, 25.0491379], [121.56260980000002, 25.0492428]]]}}, {"type": "Feature", "properties": {"id": 498, "area_m2": 4380.03, "basis": "OSM surface road enclosed block"}, "geometry": {"type": "Polygon", "coordinates": [[[121.56260980000002, 25.0492428], [121.5626274, 25.0491379], [121.5626803, 25.0488154], [121.56268690000002, 25.0487748], [121.56275989999999, 25.0486818], [121.5626208, 25.0486664], [121.56256850000001, 25.0486614], [121.56250720000001, 25.0486555], [121.56200029999998, 25.048606599999996], [121.56199210000001, 25.048705800000004], [121.5619899, 25.048730000000003], [121.5619498, 25.049164899999997], [121.56260980000002, 25.0492428]]]}}, {"type": "Feature", "properties": {"id": 499, "area_m2": 2915.53, "basis": "OSM surface road enclosed block"}, "geometry": {"type": "Polygon", "coordinates": [[[121.56275989999999, 25.0486818], [121.56268690000002, 25.0487748], [121.5626803, 25.0488154], [121.5626274, 25.0491379], [121.5631927, 25.049204900000003], [121.5632329, 25.0488781], [121.5632382, 25.048835300000004], [121.56325040000002, 25.048732299999998], [121.56302290000002, 25.0487097], [121.56295940000001, 25.0487038], [121.562904, 25.048698799999997], [121.56275989999999, 25.0486818]]]}}, {"type": "Feature", "properties": {"id": 500, "area_m2": 5836.74, "basis": "OSM surface road enclosed block"}, "geometry": {"type": "Polygon", "coordinates": [[[121.55299590000001, 25.044233], [121.5531064, 25.0441922], [121.5537653, 25.043948799999992], [121.55384020000001, 25.043936199999997], [121.55387, 25.043815199999997], [121.5539308, 25.043569499999997], [121.55386119999999, 25.043547799999992], [121.5534307, 25.043436100000008], [121.5531196, 25.043432399999997], [121.55302049999999, 25.0434341], [121.5530192, 25.043480599999995], [121.5530156, 25.0441199], [121.5530134, 25.044191699999995], [121.55299590000001, 25.044233]]]}}, {"type": "Feature", "properties": {"id": 501, "area_m2": 1193.37, "basis": "OSM surface road enclosed block"}, "geometry": {"type": "Polygon", "coordinates": [[[121.5536536, 25.0425139], [121.55353920000002, 25.042974700000002], [121.5535088, 25.0431037], [121.5536701, 25.043134300000002], [121.55383680000001, 25.0425405], [121.5536536, 25.0425139]]]}}, {"type": "Feature", "properties": {"id": 502, "area_m2": 3008.71, "basis": "OSM surface road enclosed block"}, "geometry": {"type": "Polygon", "coordinates": [[[121.55353920000002, 25.042974700000002], [121.5536536, 25.0425139], [121.5530095, 25.0425243], [121.5530134, 25.0429454], [121.55301720000001, 25.042986399999997], [121.55353920000002, 25.042974700000002]]]}}, {"type": "Feature", "properties": {"id": 503, "area_m2": 2371.67, "basis": "OSM surface road enclosed block"}, "geometry": {"type": "Polygon", "coordinates": [[[121.5535088, 25.0431037], [121.55353920000002, 25.042974700000002], [121.55301720000001, 25.042986399999997], [121.5530129, 25.0430275], [121.55301969999998, 25.043393399999992], [121.55302049999999, 25.0434341], [121.5531196, 25.043432399999997], [121.5534307, 25.043436100000008], [121.5535088, 25.0431037]]]}}, {"type": "Feature", "properties": {"id": 504, "area_m2": 4482.29, "basis": "OSM surface road enclosed block"}, "geometry": {"type": "Polygon", "coordinates": [[[121.5535088, 25.0431037], [121.5534307, 25.043436100000008], [121.55386119999999, 25.043547799999992], [121.5539308, 25.043569499999997], [121.5539846, 25.043357], [121.5541723, 25.042614599999993], [121.554122, 25.0426063], [121.55383680000001, 25.0425405], [121.5536701, 25.043134300000002], [121.5535088, 25.0431037]]]}}, {"type": "Feature", "properties": {"id": 505, "area_m2": 6221.25, "basis": "OSM surface road enclosed block"}, "geometry": {"type": "Polygon", "coordinates": [[[121.55383680000001, 25.0425405], [121.554122, 25.0426063], [121.5541723, 25.042614599999993], [121.5541924, 25.0425351], [121.5543214, 25.0420249], [121.5544389, 25.041560000000004], [121.5544785, 25.041479999999996], [121.55441169999999, 25.0414817], [121.55401660000001, 25.041492], [121.5539877, 25.041558800000004], [121.5537743, 25.042034199999996], [121.5536536, 25.0425139], [121.55383680000001, 25.0425405]]]}}, {"type": "Feature", "properties": {"id": 506, "area_m2": 6504.39, "basis": "OSM surface road enclosed block"}, "geometry": {"type": "Polygon", "coordinates": [[[121.55346209999999, 25.047243699999996], [121.5534755, 25.0471583], [121.5534808, 25.047101499999993], [121.553501, 25.046881600000003], [121.5535232, 25.046636299999996], [121.55299319999999, 25.046627000000004], [121.5525232, 25.0466221], [121.5525504, 25.047227000000003], [121.5530722, 25.0472363], [121.55346209999999, 25.047243699999996]]]}}, {"type": "Feature", "properties": {"id": 507, "area_m2": 7385.62, "basis": "OSM surface road enclosed block"}, "geometry": {"type": "Polygon", "coordinates": [[[121.5535232, 25.046636299999996], [121.553501, 25.046881600000003], [121.5534808, 25.047101499999993], [121.5534755, 25.0471583], [121.55399019999999, 25.047197], [121.5543167, 25.046735700000003], [121.5542135, 25.046331800000004], [121.554196, 25.0462632], [121.5540905, 25.046249500000002], [121.5536159, 25.046188099999995], [121.5535664, 25.046181699999998], [121.5535616, 25.046232099999994], [121.5535232, 25.046636299999996]]]}}, {"type": "Feature", "properties": {"id": 508, "area_m2": 5321.18, "basis": "OSM surface road enclosed block"}, "geometry": {"type": "Polygon", "coordinates": [[[121.5535232, 25.046636299999996], [121.5535616, 25.046232099999994], [121.5535664, 25.046181699999998], [121.55349450000001, 25.0461796], [121.5529546, 25.046164199999993], [121.55250480000001, 25.04615250000001], [121.5525232, 25.0466221], [121.55299319999999, 25.046627000000004], [121.5535232, 25.046636299999996]]]}}, {"type": "Feature", "properties": {"id": 509, "area_m2": 10335.08, "basis": "OSM surface road enclosed block"}, "geometry": {"type": "Polygon", "coordinates": [[[121.5535664, 25.046181699999998], [121.5535775, 25.046096599999995], [121.5536183, 25.045785200000005], [121.5536444, 25.045585299999995], [121.55366980000001, 25.04539099999999], [121.55301990000001, 25.045351800000002], [121.55247830000002, 25.045301099999996], [121.55248319999998, 25.0457336], [121.55250480000001, 25.04615250000001], [121.5529546, 25.046164199999993], [121.55349450000001, 25.0461796], [121.5535664, 25.046181699999998]]]}}, {"type": "Feature", "properties": {"id": 510, "area_m2": 1085.77, "basis": "OSM surface road enclosed block"}, "geometry": {"type": "Polygon", "coordinates": [[[121.55387, 25.043815199999997], [121.55384020000001, 25.043936199999997], [121.55393109999999, 25.043920800000002], [121.5545993, 25.043713199999992], [121.5546602, 25.0437064], [121.5546138, 25.043584], [121.5539621, 25.043786600000008], [121.55387, 25.043815199999997]]]}}, {"type": "Feature", "properties": {"id": 511, "area_m2": 10151.73, "basis": "OSM surface road enclosed block"}, "geometry": {"type": "Polygon", "coordinates": [[[121.5539308, 25.043569499999997], [121.55387, 25.043815199999997], [121.5539621, 25.043786600000008], [121.5546138, 25.043584], [121.5546456, 25.0435742], [121.5548961, 25.0434963], [121.554882, 25.04345899999999], [121.55486170000002, 25.043405300000007], [121.55494120000002, 25.042979999999996], [121.55499110000001, 25.042713099999993], [121.55449120000002, 25.042598500000004], [121.55425810000001, 25.042565599999996], [121.5541924, 25.0425351], [121.5541723, 25.042614599999993], [121.5539846, 25.043357], [121.5539308, 25.043569499999997]]]}}, {"type": "Feature", "properties": {"id": 512, "area_m2": 1772.59, "basis": "OSM surface road enclosed block"}, "geometry": {"type": "Polygon", "coordinates": [[[121.5543214, 25.0420249], [121.5541924, 25.0425351], [121.55425810000001, 25.042565599999996], [121.55449120000002, 25.042598500000004], [121.5545357, 25.0423199], [121.55458489999998, 25.04202], [121.5543941, 25.0420236], [121.5543214, 25.0420249]]]}}, {"type": "Feature", "properties": {"id": 513, "area_m2": 5588.37, "basis": "OSM surface road enclosed block"}, "geometry": {"type": "Polygon", "coordinates": [[[121.557701, 25.045727699999993], [121.5576306, 25.0457183], [121.556587, 25.0455783], [121.5565226, 25.046007899999992], [121.5576359, 25.046150099999984], [121.5577109, 25.046159699999993], [121.557701, 25.045727699999993]]]}}, {"type": "Feature", "properties": {"id": 514, "area_m2": 5531.52, "basis": "OSM surface road enclosed block"}, "geometry": {"type": "Polygon", "coordinates": [[[121.556587, 25.0455783], [121.55542300000002, 25.045450400000004], [121.55536729999999, 25.045860100000002], [121.55579209999999, 25.0459144], [121.5565226, 25.046007899999992], [121.556587, 25.0455783]]]}}, {"type": "Feature", "properties": {"id": 515, "area_m2": 4516.49, "basis": "OSM surface road enclosed block"}, "geometry": {"type": "Polygon", "coordinates": [[[121.55542300000002, 25.045450400000004], [121.556587, 25.0455783], [121.5566373, 25.0452498], [121.5554687, 25.045097499999997], [121.55542300000002, 25.045450400000004]]]}}, {"type": "Feature", "properties": {"id": 516, "area_m2": 5319.29, "basis": "OSM surface road enclosed block"}, "geometry": {"type": "Polygon", "coordinates": [[[121.55542300000002, 25.045450400000004], [121.55426680000001, 25.045313699999994], [121.5542075, 25.04571179999999], [121.55536729999999, 25.045860100000002], [121.55542300000002, 25.045450400000004]]]}}, {"type": "Feature", "properties": {"id": 517, "area_m2": 4697.39, "basis": "OSM surface road enclosed block"}, "geometry": {"type": "Polygon", "coordinates": [[[121.55426680000001, 25.045313699999994], [121.55542300000002, 25.045450400000004], [121.5554687, 25.045097499999997], [121.5543254, 25.044948499999997], [121.55426680000001, 25.045313699999994]]]}}, {"type": "Feature", "properties": {"id": 518, "area_m2": 6681.56, "basis": "OSM surface road enclosed block"}, "geometry": {"type": "Polygon", "coordinates": [[[121.55536729999999, 25.045860100000002], [121.5542075, 25.04571179999999], [121.554196, 25.0462632], [121.55473759999998, 25.0463044], [121.5553003, 25.0463644], [121.55536729999999, 25.045860100000002]]]}}, {"type": "Feature", "properties": {"id": 519, "area_m2": 2343.17, "basis": "OSM surface road enclosed block"}, "geometry": {"type": "Polygon", "coordinates": [[[121.55579209999999, 25.0459144], [121.55536729999999, 25.045860100000002], [121.5553003, 25.0463644], [121.55570089999999, 25.046407400000003], [121.55579209999999, 25.0459144]]]}}, {"type": "Feature", "properties": {"id": 520, "area_m2": 4102.15, "basis": "OSM surface road enclosed block"}, "geometry": {"type": "Polygon", "coordinates": [[[121.5565226, 25.046007899999992], [121.55579209999999, 25.0459144], [121.55570089999999, 25.046407400000003], [121.5564503, 25.046487699999997], [121.5565226, 25.046007899999992]]]}}, {"type": "Feature", "properties": {"id": 521, "area_m2": 6748.13, "basis": "OSM surface road enclosed block"}, "geometry": {"type": "Polygon", "coordinates": [[[121.5577109, 25.046159699999993], [121.5576359, 25.046150099999984], [121.5565226, 25.046007899999992], [121.5564503, 25.046487699999997], [121.5568703, 25.0465425], [121.5576496, 25.046644200000003], [121.55772210000002, 25.046653699999997], [121.5577109, 25.046159699999993]]]}}, {"type": "Feature", "properties": {"id": 522, "area_m2": 2394.92, "basis": "OSM surface road enclosed block"}, "geometry": {"type": "Polygon", "coordinates": [[[121.5543167, 25.046735700000003], [121.5543743, 25.046742299999995], [121.55459190000002, 25.046767399999993], [121.55468690000001, 25.046778299999996], [121.55473759999998, 25.0463044], [121.554196, 25.0462632], [121.5542135, 25.046331800000004], [121.5543167, 25.046735700000003]]]}}, {"type": "Feature", "properties": {"id": 523, "area_m2": 5741.58, "basis": "OSM surface road enclosed block"}, "geometry": {"type": "Polygon", "coordinates": [[[121.55468690000001, 25.046778299999996], [121.55459190000002, 25.046767399999993], [121.5543743, 25.046742299999995], [121.5543167, 25.046735700000003], [121.55399019999999, 25.047197], [121.554152, 25.0472196], [121.5549113, 25.047282099999997], [121.5551736, 25.047318299999997], [121.55523709999999, 25.0468408], [121.55468690000001, 25.046778299999996]]]}}, {"type": "Feature", "properties": {"id": 524, "area_m2": 2994.16, "basis": "OSM surface road enclosed block"}, "geometry": {"type": "Polygon", "coordinates": [[[121.55468690000001, 25.046778299999996], [121.55523709999999, 25.0468408], [121.5553003, 25.0463644], [121.55473759999998, 25.0463044], [121.55468690000001, 25.046778299999996]]]}}, {"type": "Feature", "properties": {"id": 525, "area_m2": 6437.09, "basis": "OSM surface road enclosed block"}, "geometry": {"type": "Polygon", "coordinates": [[[121.55523709999999, 25.0468408], [121.55636909999998, 25.0470028], [121.5564503, 25.046487699999997], [121.55570089999999, 25.046407400000003], [121.5553003, 25.0463644], [121.55523709999999, 25.0468408]]]}}, {"type": "Feature", "properties": {"id": 526, "area_m2": 6144.14, "basis": "OSM surface road enclosed block"}, "geometry": {"type": "Polygon", "coordinates": [[[121.55636909999998, 25.0470028], [121.55523709999999, 25.0468408], [121.5551736, 25.047318299999997], [121.55632970000002, 25.047472100000004], [121.55635160000001, 25.0472111], [121.55636909999998, 25.0470028]]]}}, {"type": "Feature", "properties": {"id": 527, "area_m2": 7518.78, "basis": "OSM surface road enclosed block"}, "geometry": {"type": "Polygon", "coordinates": [[[121.55632970000002, 25.047472100000004], [121.5576673, 25.047632199999995], [121.55774469999999, 25.0476415], [121.5577334, 25.047145800000006], [121.55765520000001, 25.0471376], [121.5567892, 25.0470468], [121.55636909999998, 25.0470028], [121.55635160000001, 25.0472111], [121.55632970000002, 25.047472100000004]]]}}, {"type": "Feature", "properties": {"id": 528, "area_m2": 7479.33, "basis": "OSM surface road enclosed block"}, "geometry": {"type": "Polygon", "coordinates": [[[121.55772210000002, 25.046653699999997], [121.5576496, 25.046644200000003], [121.5568703, 25.0465425], [121.5564503, 25.046487699999997], [121.55636909999998, 25.0470028], [121.5567892, 25.0470468], [121.55765520000001, 25.0471376], [121.5577334, 25.047145800000006], [121.55772450000002, 25.0467588], [121.55772210000002, 25.046653699999997]]]}}, {"type": "Feature", "properties": {"id": 529, "area_m2": 4441.03, "basis": "OSM surface road enclosed block"}, "geometry": {"type": "Polygon", "coordinates": [[[121.557065, 25.0423508], [121.5570815, 25.04304339999999], [121.55756760000001, 25.0430334], [121.55765530000001, 25.043032799999995], [121.5576423, 25.0425264], [121.557638, 25.0423402], [121.5575585, 25.0423402], [121.557065, 25.0423508]]]}}, {"type": "Feature", "properties": {"id": 530, "area_m2": 4606.3, "basis": "OSM surface road enclosed block"}, "geometry": {"type": "Polygon", "coordinates": [[[121.5570815, 25.04304339999999], [121.557065, 25.0423508], [121.5567036, 25.042357499999994], [121.55667350000002, 25.042358099999998], [121.55664839999999, 25.042416099999997], [121.5565411, 25.042642300000004], [121.5564003, 25.0428483], [121.5562375, 25.043022899999993], [121.5562641, 25.043038199999998], [121.5562984, 25.043057900000004], [121.5570815, 25.04304339999999]]]}}, {"type": "Feature", "properties": {"id": 531, "area_m2": 5842.29, "basis": "OSM surface road enclosed block"}, "geometry": {"type": "Polygon", "coordinates": [[[121.5570815, 25.04304339999999], [121.5571034, 25.0439595], [121.5575822, 25.043949900000005], [121.55766930000001, 25.0439487], [121.5576671, 25.043796899999997], [121.5576632, 25.043523899999997], [121.55765730000002, 25.043111499999995], [121.55765530000001, 25.043032799999995], [121.55756760000001, 25.0430334], [121.5570815, 25.04304339999999]]]}}, {"type": "Feature", "properties": {"id": 532, "area_m2": 13867.19, "basis": "OSM surface road enclosed block"}, "geometry": {"type": "Polygon", "coordinates": [[[121.5571034, 25.0439595], [121.5570815, 25.04304339999999], [121.5562984, 25.043057900000004], [121.5562641, 25.043038199999998], [121.5562375, 25.043022899999993], [121.55618460000001, 25.043067299999993], [121.5560724, 25.043161699999995], [121.55587190000001, 25.0433112], [121.55563850000001, 25.043430900000004], [121.55559860000001, 25.0434452], [121.5556, 25.043487300000002], [121.55560879999999, 25.043752900000005], [121.55561060000001, 25.0438086], [121.55561300000001, 25.043880399999995], [121.55561660000001, 25.0439878], [121.55668019999999, 25.0439675], [121.5571034, 25.0439595]]]}}, {"type": "Feature", "properties": {"id": 533, "area_m2": 1661.84, "basis": "OSM surface road enclosed block"}, "geometry": {"type": "Polygon", "coordinates": [[[121.5571127, 25.044308500000003], [121.5571034, 25.0439595], [121.55668019999999, 25.0439675], [121.55668760000002, 25.0443005], [121.5566965, 25.044319700000003], [121.5571127, 25.044308500000003]]]}}, {"type": "Feature", "properties": {"id": 534, "area_m2": 4202.5, "basis": "OSM surface road enclosed block"}, "geometry": {"type": "Polygon", "coordinates": [[[121.55561660000001, 25.0439878], [121.55561300000001, 25.043880399999995], [121.55561060000001, 25.0438086], [121.55560879999999, 25.043752900000005], [121.5556, 25.043487300000002], [121.55559860000001, 25.0434452], [121.5553797, 25.043523499999996], [121.55486330000001, 25.043684], [121.5546955, 25.0437025], [121.5546602, 25.0437064], [121.5546762, 25.0437487], [121.5546848, 25.0440056], [121.5547293, 25.0440047], [121.55561660000001, 25.0439878]]]}}, {"type": "Feature", "properties": {"id": 535, "area_m2": 4199.56, "basis": "OSM surface road enclosed block"}, "geometry": {"type": "Polygon", "coordinates": [[[121.55561660000001, 25.0439878], [121.5556284, 25.044342699999994], [121.5566965, 25.044319700000003], [121.55668760000002, 25.0443005], [121.55668019999999, 25.0439675], [121.55561660000001, 25.0439878]]]}}, {"type": "Feature", "properties": {"id": 536, "area_m2": 6437.2, "basis": "OSM surface road enclosed block"}, "geometry": {"type": "Polygon", "coordinates": [[[121.5564562, 25.0423621], [121.5564085, 25.0423629], [121.5550508, 25.042387999999995], [121.55499110000001, 25.042713099999993], [121.55601869999998, 25.0428975], [121.5560277, 25.0429026], [121.5560617, 25.04292209999999], [121.55619839999999, 25.0427863], [121.5563704, 25.042537200000005], [121.55642459999999, 25.042426700000007], [121.5564562, 25.0423621]]]}}, {"type": "Feature", "properties": {"id": 537, "area_m2": 6193.16, "basis": "OSM surface road enclosed block"}, "geometry": {"type": "Polygon", "coordinates": [[[121.5550508, 25.042387999999995], [121.5564085, 25.0423629], [121.5564562, 25.0423621], [121.5564787, 25.0423161], [121.5565582, 25.042051500000003], [121.5565649, 25.04198269999999], [121.5565389, 25.041983499999997], [121.5564697, 25.041984399999997], [121.5555718, 25.042001399999997], [121.5550506, 25.0420112], [121.5550508, 25.042387999999995]]]}}, {"type": "Feature", "properties": {"id": 538, "area_m2": 1981.17, "basis": "OSM surface road enclosed block"}, "geometry": {"type": "Polygon", "coordinates": [[[121.5550508, 25.042387999999995], [121.5550506, 25.0420112], [121.55458489999998, 25.04202], [121.5545357, 25.0423199], [121.55477770000002, 25.0423709], [121.55499110000001, 25.042426], [121.5550508, 25.042387999999995]]]}}, {"type": "Feature", "properties": {"id": 539, "area_m2": 1647.03, "basis": "OSM surface road enclosed block"}, "geometry": {"type": "Polygon", "coordinates": [[[121.55499110000001, 25.042713099999993], [121.5550508, 25.042387999999995], [121.55499110000001, 25.042426], [121.55477770000002, 25.0423709], [121.5545357, 25.0423199], [121.55449120000002, 25.042598500000004], [121.55499110000001, 25.042713099999993]]]}}, {"type": "Feature", "properties": {"id": 540, "area_m2": 3087.36, "basis": "OSM surface road enclosed block"}, "geometry": {"type": "Polygon", "coordinates": [[[121.55494120000002, 25.042979999999996], [121.55572160000001, 25.043133699999995], [121.55578280000002, 25.0431458], [121.5559778, 25.043005299999997], [121.556024, 25.042959499999995], [121.5560617, 25.04292209999999], [121.5560277, 25.0429026], [121.55601869999998, 25.0428975], [121.55499110000001, 25.042713099999993], [121.55494120000002, 25.042979999999996]]]}}, {"type": "Feature", "properties": {"id": 541, "area_m2": 2820.84, "basis": "OSM surface road enclosed block"}, "geometry": {"type": "Polygon", "coordinates": [[[121.55578280000002, 25.0431458], [121.55572160000001, 25.043133699999995], [121.55494120000002, 25.042979999999996], [121.55486170000002, 25.043405300000007], [121.554882, 25.04345899999999], [121.5548961, 25.0434963], [121.5553257, 25.043362800000004], [121.5555882, 25.043257099999998], [121.55578280000002, 25.0431458]]]}}, {"type": "Feature", "properties": {"id": 542, "area_m2": 1646.36, "basis": "OSM surface road enclosed block"}, "geometry": {"type": "Polygon", "coordinates": [[[121.5562375, 25.043022899999993], [121.5564003, 25.0428483], [121.5565411, 25.042642300000004], [121.55664839999999, 25.042416099999997], [121.55667350000002, 25.042358099999998], [121.5564562, 25.0423621], [121.55642459999999, 25.042426700000007], [121.5563704, 25.042537200000005], [121.55619839999999, 25.0427863], [121.5560617, 25.04292209999999], [121.5562375, 25.043022899999993]]]}}, {"type": "Feature", "properties": {"id": 543, "area_m2": 3254.92, "basis": "OSM surface road enclosed block"}, "geometry": {"type": "Polygon", "coordinates": [[[121.55559860000001, 25.0434452], [121.55563850000001, 25.043430900000004], [121.55587190000001, 25.0433112], [121.5560724, 25.043161699999995], [121.55618460000001, 25.043067299999993], [121.5562375, 25.043022899999993], [121.5560617, 25.04292209999999], [121.556024, 25.042959499999995], [121.5559778, 25.043005299999997], [121.55578280000002, 25.0431458], [121.5555882, 25.043257099999998], [121.5553257, 25.043362800000004], [121.5548961, 25.0434963], [121.5546456, 25.0435742], [121.5546138, 25.043584], [121.5546602, 25.0437064], [121.5546955, 25.0437025], [121.55486330000001, 25.043684], [121.5553797, 25.043523499999996], [121.55559860000001, 25.0434452]]]}}, {"type": "Feature", "properties": {"id": 544, "area_m2": 3002.85, "basis": "OSM surface road enclosed block"}, "geometry": {"type": "Polygon", "coordinates": [[[121.559346, 25.046653899999992], [121.55957090000001, 25.0466734], [121.5596211, 25.0466388], [121.56030920000002, 25.046728399999996], [121.5603175, 25.0466639], [121.5603448, 25.0464529], [121.5593815, 25.046350800000003], [121.559346, 25.046653899999992]]]}}, {"type": "Feature", "properties": {"id": 545, "area_m2": 2410.17, "basis": "OSM surface road enclosed block"}, "geometry": {"type": "Polygon", "coordinates": [[[121.56030920000002, 25.046728399999996], [121.5596211, 25.0466388], [121.55957090000001, 25.0466734], [121.559346, 25.046653899999992], [121.5593239, 25.0468423], [121.5602797, 25.046956999999995], [121.56030920000002, 25.046728399999996]]]}}, {"type": "Feature", "properties": {"id": 546, "area_m2": 3984.85, "basis": "OSM surface road enclosed block"}, "geometry": {"type": "Polygon", "coordinates": [[[121.5601622, 25.0478672], [121.5610404, 25.047947799999996], [121.56108600000002, 25.0475605], [121.5602161, 25.047449600000004], [121.5601622, 25.0478672]]]}}, {"type": "Feature", "properties": {"id": 547, "area_m2": 5487.88, "basis": "OSM surface road enclosed block"}, "geometry": {"type": "Polygon", "coordinates": [[[121.5610404, 25.047947799999996], [121.5601622, 25.0478672], [121.5601064, 25.048298500000005], [121.560103, 25.048324699999995], [121.56010190000002, 25.048414999999995], [121.560157, 25.048420399999994], [121.56019110000001, 25.048423299999996], [121.56070860000001, 25.048473299999998], [121.56076589999999, 25.0484788], [121.5607898, 25.0484815], [121.56086829999998, 25.0484899], [121.56098220000001, 25.048502000000003], [121.5609908, 25.0484079], [121.5610136, 25.0482109], [121.5610404, 25.047947799999996]]]}}, {"type": "Feature", "properties": {"id": 548, "area_m2": 5723.61, "basis": "OSM surface road enclosed block"}, "geometry": {"type": "Polygon", "coordinates": [[[121.5602797, 25.046956999999995], [121.56055260000001, 25.046987900000005], [121.5611399, 25.047071099999997], [121.5611767, 25.046837299999993], [121.5612143, 25.046615899999995], [121.56062969999999, 25.046363299999996], [121.56036620000002, 25.046249500000002], [121.5603448, 25.0464529], [121.5603175, 25.0466639], [121.56030920000002, 25.046728399999996], [121.5602797, 25.046956999999995]]]}}, {"type": "Feature", "properties": {"id": 549, "area_m2": 2667.49, "basis": "OSM surface road enclosed block"}, "geometry": {"type": "Polygon", "coordinates": [[[121.5611399, 25.047071099999997], [121.56055260000001, 25.046987900000005], [121.5602797, 25.046956999999995], [121.56024419999999, 25.0472318], [121.5611175, 25.047334499999998], [121.5611399, 25.047071099999997]]]}}, {"type": "Feature", "properties": {"id": 550, "area_m2": 2197.29, "basis": "OSM surface road enclosed block"}, "geometry": {"type": "Polygon", "coordinates": [[[121.5602161, 25.047449600000004], [121.56108600000002, 25.0475605], [121.5611175, 25.047334499999998], [121.56024419999999, 25.0472318], [121.5602161, 25.047449600000004]]]}}, {"type": "Feature", "properties": {"id": 551, "area_m2": 3812.13, "basis": "OSM surface road enclosed block"}, "geometry": {"type": "Polygon", "coordinates": [[[121.5603448, 25.0464529], [121.56036620000002, 25.046249500000002], [121.5594754, 25.045864699999992], [121.55942849999998, 25.045949199999995], [121.5593815, 25.046350800000003], [121.5603448, 25.0464529]]]}}, {"type": "Feature", "properties": {"id": 552, "area_m2": 5304.3, "basis": "OSM surface road enclosed block"}, "geometry": {"type": "Polygon", "coordinates": [[[121.56024419999999, 25.0472318], [121.5602797, 25.046956999999995], [121.5593239, 25.0468423], [121.55929220000002, 25.0471131], [121.55926670000001, 25.0473313], [121.5602161, 25.047449600000004], [121.56024419999999, 25.0472318]]]}}, {"type": "Feature", "properties": {"id": 553, "area_m2": 4652.03, "basis": "OSM surface road enclosed block"}, "geometry": {"type": "Polygon", "coordinates": [[[121.5601622, 25.0478672], [121.5602161, 25.047449600000004], [121.55926670000001, 25.0473313], [121.55921420000001, 25.0477796], [121.5601622, 25.0478672]]]}}, {"type": "Feature", "properties": {"id": 554, "area_m2": 5884.1, "basis": "OSM surface road enclosed block"}, "geometry": {"type": "Polygon", "coordinates": [[[121.56010190000002, 25.048414999999995], [121.560103, 25.048324699999995], [121.5601064, 25.048298500000005], [121.5601622, 25.0478672], [121.55921420000001, 25.0477796], [121.55916079999999, 25.048236499999998], [121.55914900000002, 25.0483327], [121.5594411, 25.0483594], [121.55997419999998, 25.0484037], [121.5600442, 25.048409499999998], [121.56010190000002, 25.048414999999995]]]}}, {"type": "Feature", "properties": {"id": 555, "area_m2": 7961.67, "basis": "OSM surface road enclosed block"}, "geometry": {"type": "Polygon", "coordinates": [[[121.55942849999998, 25.045949199999995], [121.5593272, 25.0458993], [121.5591768, 25.045879799999994], [121.5578759, 25.0457111], [121.55782680000002, 25.045704699999995], [121.55783679999999, 25.046170099999994], [121.5578862, 25.0461744], [121.5583137, 25.046224800000005], [121.55896759999999, 25.046302], [121.5593815, 25.046350800000003], [121.55942849999998, 25.045949199999995]]]}}, {"type": "Feature", "properties": {"id": 556, "area_m2": 305.37, "basis": "OSM surface road enclosed block"}, "geometry": {"type": "Polygon", "coordinates": [[[121.5591768, 25.045879799999994], [121.5593272, 25.0458993], [121.55942849999998, 25.045949199999995], [121.5594754, 25.045864699999992], [121.55937539999998, 25.045821499999995], [121.5592281, 25.045757800000004], [121.5591768, 25.045879799999994]]]}}, {"type": "Feature", "properties": {"id": 557, "area_m2": 4888.57, "basis": "OSM surface road enclosed block"}, "geometry": {"type": "Polygon", "coordinates": [[[121.55782680000002, 25.045704699999995], [121.5578759, 25.0457111], [121.5591768, 25.045879799999994], [121.5592281, 25.045757800000004], [121.55872630000002, 25.045541099999998], [121.55790600000002, 25.0452658], [121.55781700132873, 25.04523955936045], [121.5578168, 25.0452444], [121.55781579999999, 25.0452874], [121.55782680000002, 25.045704699999995]]]}}, {"type": "Feature", "properties": {"id": 558, "area_m2": 2744.13, "basis": "OSM surface road enclosed block"}, "geometry": {"type": "Polygon", "coordinates": [[[121.5593815, 25.046350800000003], [121.55896759999999, 25.046302], [121.55893330000002, 25.046535699999996], [121.55878570000002, 25.046531], [121.5587518, 25.0467707], [121.5593239, 25.0468423], [121.559346, 25.046653899999992], [121.5593815, 25.046350800000003]]]}}, {"type": "Feature", "properties": {"id": 559, "area_m2": 5581.85, "basis": "OSM surface road enclosed block"}, "geometry": {"type": "Polygon", "coordinates": [[[121.55896759999999, 25.046302], [121.5583137, 25.046224800000005], [121.5578862, 25.0461744], [121.55783679999999, 25.046170099999994], [121.5578473, 25.046657599999993], [121.55789739999999, 25.046663899999995], [121.55825469999999, 25.04670859999999], [121.5587518, 25.0467707], [121.55878570000002, 25.046531], [121.55893330000002, 25.046535699999996], [121.55896759999999, 25.046302]]]}}, {"type": "Feature", "properties": {"id": 560, "area_m2": 8129.66, "basis": "OSM surface road enclosed block"}, "geometry": {"type": "Polygon", "coordinates": [[[121.55914900000002, 25.0483327], [121.55916079999999, 25.048236499999998], [121.55921420000001, 25.0477796], [121.5579208, 25.0476429], [121.55786830000001, 25.047637399999996], [121.55787630000002, 25.0480101], [121.557877, 25.0480394], [121.557878, 25.048087400000004], [121.5578747, 25.048194099999996], [121.55799810000002, 25.048212999999997], [121.5580625, 25.0482208], [121.55812089999999, 25.0482243], [121.5583662, 25.0482438], [121.55843200000001, 25.048249099999996], [121.55847070000002, 25.0482521], [121.55852530000001, 25.0482582], [121.558616, 25.048268199999992], [121.5586428, 25.0482709], [121.558698, 25.048277599999995], [121.55874520000002, 25.048283000000005], [121.5588048, 25.048289800000003], [121.55914900000002, 25.0483327]]]}}, {"type": "Feature", "properties": {"id": 561, "area_m2": 7260.3, "basis": "OSM surface road enclosed block"}, "geometry": {"type": "Polygon", "coordinates": [[[121.55921420000001, 25.0477796], [121.55926670000001, 25.0473313], [121.5579089, 25.047154099999993], [121.55785780000001, 25.047147399999997], [121.55786830000001, 25.047637399999996], [121.5579208, 25.0476429], [121.55921420000001, 25.0477796]]]}}, {"type": "Feature", "properties": {"id": 562, "area_m2": 7940.03, "basis": "OSM surface road enclosed block"}, "geometry": {"type": "Polygon", "coordinates": [[[121.55926670000001, 25.0473313], [121.55929220000002, 25.0471131], [121.5593239, 25.0468423], [121.5587518, 25.0467707], [121.55825469999999, 25.04670859999999], [121.55789739999999, 25.046663899999995], [121.5578473, 25.046657599999993], [121.5578495, 25.046758699999998], [121.55785780000001, 25.047147399999997], [121.5579089, 25.047154099999993], [121.55926670000001, 25.0473313]]]}}, {"type": "Feature", "properties": {"id": 563, "area_m2": 33064.77, "basis": "OSM surface road enclosed block"}, "geometry": {"type": "Polygon", "coordinates": [[[121.5610404, 25.047947799999996], [121.5610136, 25.0482109], [121.5609908, 25.0484079], [121.56098220000001, 25.048502000000003], [121.56110070000001, 25.048513300000003], [121.5611614, 25.048520399999994], [121.56121740000002, 25.0485243], [121.56200029999998, 25.048606599999996], [121.56250720000001, 25.0486555], [121.56256850000001, 25.0486614], [121.5626208, 25.0486664], [121.56275989999999, 25.0486818], [121.5627909, 25.048593900000004], [121.5628011, 25.048526499999998], [121.562813, 25.0484478], [121.56287140000002, 25.048061699999995], [121.56294500000001, 25.047543800000007], [121.5629677, 25.047481300000005], [121.56299870000001, 25.047359499999995], [121.5628711, 25.0473316], [121.5626997, 25.0472576], [121.5619191, 25.046920399999998], [121.5612143, 25.046615899999995], [121.5611767, 25.046837299999993], [121.5611399, 25.047071099999997], [121.5611175, 25.047334499999998], [121.56108600000002, 25.0475605], [121.5610404, 25.047947799999996]]]}}, {"type": "Feature", "properties": {"id": 564, "area_m2": 5317.12, "basis": "OSM surface road enclosed block"}, "geometry": {"type": "Polygon", "coordinates": [[[121.5608144, 25.049112800000003], [121.56085400000002, 25.048645899999997], [121.5608585, 25.048592700000004], [121.56086829999998, 25.0484899], [121.5607898, 25.0484815], [121.56076589999999, 25.0484788], [121.56070860000001, 25.048473299999998], [121.56019110000001, 25.048423299999996], [121.560157, 25.048420399999994], [121.56010190000002, 25.048414999999995], [121.56010460000002, 25.048515699999996], [121.5601018, 25.0485346], [121.56003080000002, 25.049016799999997], [121.5608144, 25.049112800000003]]]}}, {"type": "Feature", "properties": {"id": 565, "area_m2": 372896.52, "basis": "OSM surface road enclosed block"}, "geometry": {"type": "Polygon", "coordinates": [[[121.56280990000002, 25.044573999999997], [121.562813, 25.044379700000004], [121.5628143, 25.0442763], [121.5628129, 25.0441858], [121.56280060000002, 25.0437408], [121.5627846, 25.043258499999997], [121.5627823, 25.043203800000004], [121.5627691, 25.0428531], [121.56276260000001, 25.042706300000003], [121.5627567, 25.042423300000003], [121.56275389999999, 25.04226050000001], [121.5627499, 25.041930599999997], [121.5627399, 25.0413852], [121.56273760000002, 25.0412558], [121.56266810000001, 25.041258399999997], [121.56172540000001, 25.041294499999996], [121.56158580000002, 25.041299], [121.5614381, 25.0413061], [121.56046889999999, 25.041342999999994], [121.5589821, 25.041393699999997], [121.5578262, 25.041411099999998], [121.55774370000002, 25.041412800000003], [121.5577478, 25.041531300000003], [121.5577633, 25.042040299999996], [121.55788080000002, 25.042146499999998], [121.55788299999999, 25.0426289], [121.55788840000001, 25.0435203], [121.5578921, 25.0436875], [121.5578957, 25.043854399999997], [121.55795260000001, 25.043970899999994], [121.5579621, 25.04449719999999], [121.55791330000001, 25.044590500000005], [121.55791570000001, 25.0448959], [121.55791509999999, 25.0449968], [121.55794180000001, 25.044997999999996], [121.5586674, 25.045044099999995], [121.5586928, 25.0450458], [121.5587627, 25.0450491], [121.5588267, 25.0450532], [121.55886370000002, 25.0450551], [121.55930429999998, 25.045084599999992], [121.5594721, 25.0450901], [121.5602709, 25.045059899999995], [121.56040440000001, 25.045054900000004], [121.5604553, 25.045054499999996], [121.56051988372934, 25.045050661111638], [121.5605411, 25.045049399999996], [121.5605779, 25.0450476], [121.56062663637816, 25.045045462010766], [121.56076709999999, 25.045039300000003], [121.56151390000001, 25.045007299999998], [121.56170880000002, 25.044986099999996], [121.5621947, 25.0449167], [121.56216940000002, 25.044957400000005], [121.56207700000002, 25.0449923], [121.56184900000001, 25.045024400000003], [121.56162099999999, 25.045052299999995], [121.5612005, 25.045083], [121.5606911, 25.045100099999992], [121.5605609, 25.045103199999993], [121.56055852969989, 25.045103210526186], [121.5605338, 25.0451245], [121.5604748, 25.045178999999997], [121.56014840000002, 25.04547760000001], [121.55996630000001, 25.0456441], [121.55994080000002, 25.045709799999997], [121.559931, 25.045761600000002], [121.5599344, 25.0458512], [121.5599466, 25.045931999999997], [121.56000140000002, 25.045955200000005], [121.5607348, 25.0462094], [121.5615508, 25.046573499999997], [121.561881, 25.046745500000004], [121.5628572, 25.047183100000005], [121.5629121, 25.0472078], [121.5630342, 25.0472442], [121.56319250000001, 25.0472915], [121.5643165, 25.047687699999997], [121.5656259, 25.0481449], [121.5656532, 25.0481544], [121.56569890000002, 25.048170399999997], [121.5657921, 25.048204899999998], [121.5658394, 25.0481024], [121.5662869, 25.047119799999997], [121.56687620000001, 25.045884600000004], [121.5668926, 25.0458503], [121.5669649, 25.045783499999995], [121.56706289999998, 25.0457318], [121.5670075, 25.0456335], [121.56687230000001, 25.045365299999997], [121.5668115, 25.045367000000002], [121.5667654, 25.045360600000002], [121.56665749999999, 25.045338899999997], [121.56541489999998, 25.0448544], [121.5639472, 25.044282300000003], [121.56368849999998, 25.0441814], [121.56363860000002, 25.0443792], [121.5635887, 25.0445771], [121.56280990000002, 25.044573999999997]]]}}, {"type": "Feature", "properties": {"id": 566, "area_m2": 4502.2, "basis": "OSM surface road enclosed block"}, "geometry": {"type": "Polygon", "coordinates": [[[121.5593757, 25.0489478], [121.5599727, 25.0490123], [121.56003080000002, 25.049016799999997], [121.5601018, 25.0485346], [121.56010460000002, 25.048515699999996], [121.56010190000002, 25.048414999999995], [121.5600442, 25.048409499999998], [121.55997419999998, 25.0484037], [121.5594411, 25.0483594], [121.55942540000001, 25.048468], [121.5594175, 25.048511199999997], [121.5593757, 25.0489478]]]}}, {"type": "Feature", "properties": {"id": 567, "area_m2": 3682.77, "basis": "OSM surface road enclosed block"}, "geometry": {"type": "Polygon", "coordinates": [[[121.56325040000002, 25.048732299999998], [121.5632382, 25.048835300000004], [121.5632329, 25.0488781], [121.5631927, 25.049204900000003], [121.5638726, 25.049286100000003], [121.5639104, 25.0489291], [121.5639136, 25.048892399999996], [121.5639245, 25.0487966], [121.56385400000002, 25.048789899999996], [121.5637993, 25.048784699999995], [121.56325040000002, 25.048732299999998]]]}}, {"type": "Feature", "properties": {"id": 568, "area_m2": 4900.95, "basis": "OSM surface road enclosed block"}, "geometry": {"type": "Polygon", "coordinates": [[[121.5631927, 25.049204900000003], [121.5631375, 25.0498555], [121.5638113, 25.049921], [121.5638606, 25.049383499999994], [121.5638726, 25.049286100000003], [121.5631927, 25.049204900000003]]]}}, {"type": "Feature", "properties": {"id": 569, "area_m2": 9410.28, "basis": "OSM surface road enclosed block"}, "geometry": {"type": "Polygon", "coordinates": [[[121.5641902, 25.048197299999998], [121.56299270000001, 25.048074199999995], [121.56287140000002, 25.048061699999995], [121.562813, 25.0484478], [121.5628011, 25.048526499999998], [121.5627909, 25.048593900000004], [121.56275989999999, 25.0486818], [121.562904, 25.048698799999997], [121.56295940000001, 25.0487038], [121.56302290000002, 25.0487097], [121.56325040000002, 25.048732299999998], [121.5637993, 25.048784699999995], [121.56385400000002, 25.048789899999996], [121.5639245, 25.0487966], [121.56405509999999, 25.048808599999997], [121.56413010000001, 25.0488154], [121.56413840000002, 25.0487324], [121.5641603, 25.048511], [121.5641902, 25.048197299999998]]]}}, {"type": "Feature", "properties": {"id": 570, "area_m2": 8455.66, "basis": "OSM surface road enclosed block"}, "geometry": {"type": "Polygon", "coordinates": [[[121.56287140000002, 25.048061699999995], [121.56299270000001, 25.048074199999995], [121.5641902, 25.048197299999998], [121.564204, 25.048052499999997], [121.56423930000001, 25.047929300000003], [121.56424850000002, 25.0478971], [121.5642749, 25.0478052], [121.5631732, 25.047401299999997], [121.56314780000001, 25.047392], [121.56299870000001, 25.047359499999995], [121.5629677, 25.047481300000005], [121.56294500000001, 25.047543800000007], [121.56287140000002, 25.048061699999995]]]}}, {"type": "Feature", "properties": {"id": 571, "area_m2": 4129.28, "basis": "OSM surface road enclosed block"}, "geometry": {"type": "Polygon", "coordinates": [[[121.5578168, 25.045239500000005], [121.5576921, 25.0452085], [121.55769160000001, 25.0452785], [121.557701, 25.045727699999993], [121.5577109, 25.046159699999993], [121.55772210000002, 25.046653699999997], [121.55772450000002, 25.0467588], [121.5577334, 25.047145800000006], [121.55774469999999, 25.0476415], [121.5577549, 25.0480857], [121.5577609, 25.048186099999995], [121.5578747, 25.048194099999996], [121.557878, 25.048087400000004], [121.557877, 25.0480394], [121.55787630000002, 25.0480101], [121.55786830000001, 25.047637399999996], [121.55785780000001, 25.047147399999997], [121.5578495, 25.046758699999998], [121.5578473, 25.046657599999993], [121.55783679999999, 25.046170099999994], [121.55782680000002, 25.045704699999995], [121.55781579999999, 25.0452874], [121.5578168, 25.0452444], [121.55781700132873, 25.04523955936045], [121.5578168, 25.045239500000005]]]}}, {"type": "Feature", "properties": {"id": 572, "area_m2": 150.18, "basis": "OSM surface road enclosed block"}, "geometry": {"type": "Polygon", "coordinates": [[[121.5576921, 25.0452085], [121.5578168, 25.045239500000005], [121.55781700132873, 25.04523955936045], [121.5578214, 25.045133799999995], [121.5576886, 25.0451059], [121.5576921, 25.0452085]]]}}, {"type": "Feature", "properties": {"id": 573, "area_m2": 0.19, "basis": "OSM surface road enclosed block"}, "geometry": {"type": "Polygon", "coordinates": [[[121.55781480000002, 25.0450381], [121.55782396163718, 25.0450436500761], [121.557824, 25.045042299999995], [121.5578240473796, 25.045040006828128], [121.55781480000002, 25.0450381]]]}}, {"type": "Feature", "properties": {"id": 574, "area_m2": 157.67, "basis": "OSM surface road enclosed block"}, "geometry": {"type": "Polygon", "coordinates": [[[121.55782396163718, 25.0450436500761], [121.55781480000002, 25.0450381], [121.55768439999999, 25.0449905], [121.5576886, 25.0451059], [121.5578214, 25.045133799999995], [121.55782396163718, 25.0450436500761]]]}}, {"type": "Feature", "properties": {"id": 575, "area_m2": 607.81, "basis": "OSM surface road enclosed block"}, "geometry": {"type": "Polygon", "coordinates": [[[121.55782396163718, 25.0450436500761], [121.5579287, 25.045107099999996], [121.55795260000001, 25.0451558], [121.5583716, 25.045295199999998], [121.55867330000001, 25.045404399999992], [121.55892190000002, 25.045493599999997], [121.55852650000001, 25.045285800000002], [121.5581655, 25.045163800000005], [121.55803950000002, 25.045120599999994], [121.55794380000002, 25.0450647], [121.5578240473796, 25.045040006828128], [121.557824, 25.045042299999995], [121.55782396163718, 25.0450436500761]]]}}, {"type": "Feature", "properties": {"id": 576, "area_m2": 7640.03, "basis": "OSM surface road enclosed block"}, "geometry": {"type": "Polygon", "coordinates": [[[121.55795260000001, 25.0451558], [121.5579287, 25.045107099999996], [121.55782396163718, 25.0450436500761], [121.5578214, 25.045133799999995], [121.55781700132873, 25.04523955936045], [121.55790600000002, 25.0452658], [121.55872630000002, 25.045541099999998], [121.5592281, 25.045757800000004], [121.55937539999998, 25.045821499999995], [121.5594754, 25.045864699999992], [121.56036620000002, 25.046249500000002], [121.56062969999999, 25.046363299999996], [121.5612143, 25.046615899999995], [121.5619191, 25.046920399999998], [121.5626997, 25.0472576], [121.5628711, 25.0473316], [121.56299870000001, 25.047359499999995], [121.5630342, 25.0472442], [121.5629121, 25.0472078], [121.5628572, 25.047183100000005], [121.561881, 25.046745500000004], [121.5613824, 25.046573899999995], [121.5610082, 25.0464202], [121.5604758, 25.046182099999996], [121.56000140000002, 25.045955200000005], [121.5599466, 25.045931999999997], [121.5597462, 25.0458488], [121.55968769999998, 25.045823899999995], [121.55943310000002, 25.045713399999997], [121.55892190000002, 25.045493599999997], [121.55867330000001, 25.045404399999992], [121.5583716, 25.045295199999998], [121.55795260000001, 25.0451558]]]}}, {"type": "Feature", "properties": {"id": 577, "area_m2": 4173.39, "basis": "OSM surface road enclosed block"}, "geometry": {"type": "Polygon", "coordinates": [[[121.5630342, 25.0472442], [121.56299870000001, 25.047359499999995], [121.56314780000001, 25.047392], [121.5631732, 25.047401299999997], [121.5642749, 25.0478052], [121.5649843, 25.04807170000001], [121.5650719, 25.0481023], [121.5656393, 25.048300399999995], [121.5657348, 25.048333799999998], [121.5657921, 25.048204899999998], [121.56569890000002, 25.048170399999997], [121.5656532, 25.0481544], [121.5656259, 25.0481449], [121.5643165, 25.047687699999997], [121.56319250000001, 25.0472915], [121.5630342, 25.0472442]]]}}, {"type": "Feature", "properties": {"id": 578, "area_m2": 3821.32, "basis": "OSM surface road enclosed block"}, "geometry": {"type": "Polygon", "coordinates": [[[121.55299470000001, 25.042042099999996], [121.5530095, 25.0425243], [121.5536536, 25.0425139], [121.5537743, 25.042034199999996], [121.55299470000001, 25.042042099999996]]]}}, {"type": "Feature", "properties": {"id": 579, "area_m2": 56.05, "basis": "OSM surface road enclosed block"}, "geometry": {"type": "Polygon", "coordinates": [[[121.56582279999999, 25.048356699999996], [121.5657348, 25.048333799999998], [121.5657176, 25.0484433], [121.56582279999999, 25.048356699999996]]]}}, {"type": "Feature", "properties": {"id": 580, "area_m2": 142.3, "basis": "OSM surface road enclosed block"}, "geometry": {"type": "Polygon", "coordinates": [[[121.5657348, 25.048333799999998], [121.56582279999999, 25.048356699999996], [121.5658839, 25.048241600000004], [121.5657921, 25.048204899999998], [121.5657348, 25.048333799999998]]]}}, {"type": "Feature", "properties": {"id": 581, "area_m2": 13721.01, "basis": "OSM surface road enclosed block"}, "geometry": {"type": "Polygon", "coordinates": [[[121.5657348, 25.048333799999998], [121.5656393, 25.048300399999995], [121.5650719, 25.0481023], [121.5649843, 25.04807170000001], [121.5642749, 25.0478052], [121.56424850000002, 25.0478971], [121.56423930000001, 25.047929300000003], [121.564204, 25.048052499999997], [121.5641902, 25.048197299999998], [121.5641603, 25.048511], [121.56413840000002, 25.0487324], [121.56413010000001, 25.0488154], [121.56421520000002, 25.0488238], [121.56425910000002, 25.048828199999996], [121.56478270000001, 25.048880000000004], [121.56491499999998, 25.048891399999995], [121.56497230000001, 25.048897199999995], [121.56501549999999, 25.0489016], [121.5652607, 25.0489264], [121.5653117, 25.048931999999997], [121.5653682, 25.0489386], [121.5655097, 25.0489631], [121.5655235, 25.048848200000002], [121.5655365, 25.048820599999996], [121.5655502, 25.048791600000005], [121.56568249999998, 25.048511500000004], [121.5656983, 25.048480899999998], [121.5657176, 25.0484433], [121.5657348, 25.048333799999998]]]}}, {"type": "Feature", "properties": {"id": 582, "area_m2": 1018.75, "basis": "OSM surface road enclosed block"}, "geometry": {"type": "Polygon", "coordinates": [[[121.56062663637816, 25.045045462010766], [121.5605834, 25.0450818], [121.56055852969989, 25.045103210526186], [121.5605609, 25.045103199999993], [121.5606911, 25.045100099999992], [121.5612005, 25.045083], [121.56162099999999, 25.045052299999995], [121.56184900000001, 25.045024400000003], [121.56207700000002, 25.0449923], [121.56216940000002, 25.044957400000005], [121.5621947, 25.0449167], [121.56170880000002, 25.044986099999996], [121.56151390000001, 25.045007299999998], [121.56076709999999, 25.045039300000003], [121.56062663637816, 25.045045462010766]]]}}, {"type": "Feature", "properties": {"id": 583, "area_m2": 60.99, "basis": "OSM surface road enclosed block"}, "geometry": {"type": "Polygon", "coordinates": [[[121.56055852969989, 25.045103210526186], [121.5605834, 25.0450818], [121.56062663637816, 25.045045462010766], [121.5605779, 25.0450476], [121.5605411, 25.045049399999996], [121.56051988372934, 25.045050661111638], [121.56046197133139, 25.04510363929702], [121.56055852969989, 25.045103210526186]]]}}, {"type": "Feature", "properties": {"id": 584, "area_m2": 1031.04, "basis": "OSM surface road enclosed block"}, "geometry": {"type": "Polygon", "coordinates": [[[121.5599466, 25.045931999999997], [121.5599344, 25.0458512], [121.559931, 25.045761600000002], [121.55994080000002, 25.045709799999997], [121.55996630000001, 25.0456441], [121.56014840000002, 25.04547760000001], [121.5604748, 25.045178999999997], [121.5605338, 25.0451245], [121.56055852969989, 25.045103210526186], [121.56046197133139, 25.04510363929702], [121.56024120000001, 25.045305599999995], [121.55974140000001, 25.045771000000002], [121.55968769999998, 25.045823899999995], [121.5597462, 25.0458488], [121.5599466, 25.045931999999997]]]}}, {"type": "Feature", "properties": {"id": 585, "area_m2": 10137.32, "basis": "OSM surface road enclosed block"}, "geometry": {"type": "Polygon", "coordinates": [[[121.55968769999998, 25.045823899999995], [121.55974140000001, 25.045771000000002], [121.56024120000001, 25.045305599999995], [121.56046197133139, 25.04510363929702], [121.56026810000002, 25.0451045], [121.56013440000001, 25.045109700000005], [121.55947010000001, 25.0451327], [121.5592954, 25.045128599999998], [121.5587389, 25.0451003], [121.5587035, 25.045093200000004], [121.5586797, 25.045076899999998], [121.5586707, 25.045061300000004], [121.5586674, 25.045044099999995], [121.55794180000001, 25.044997999999996], [121.55791509999999, 25.0449968], [121.557825, 25.044993899999998], [121.5578240473796, 25.045040006828128], [121.55794380000002, 25.0450647], [121.55803950000002, 25.045120599999994], [121.5581655, 25.045163800000005], [121.55852650000001, 25.045285800000002], [121.55892190000002, 25.045493599999997], [121.55943310000002, 25.045713399999997], [121.55968769999998, 25.045823899999995]]]}}, {"type": "Feature", "properties": {"id": 586, "area_m2": 931.23, "basis": "OSM surface road enclosed block"}, "geometry": {"type": "Polygon", "coordinates": [[[121.56046197133139, 25.04510363929702], [121.56051988372934, 25.045050661111638], [121.5604553, 25.045054499999996], [121.56040440000001, 25.045054900000004], [121.5602709, 25.045059899999995], [121.5594721, 25.0450901], [121.55930429999998, 25.045084599999992], [121.55886370000002, 25.0450551], [121.5588267, 25.0450532], [121.5587627, 25.0450491], [121.5586928, 25.0450458], [121.5586674, 25.045044099999995], [121.5586707, 25.045061300000004], [121.5586797, 25.045076899999998], [121.5587035, 25.045093200000004], [121.5587389, 25.0451003], [121.5592954, 25.045128599999998], [121.55947010000001, 25.0451327], [121.56013440000001, 25.045109700000005], [121.56026810000002, 25.0451045], [121.56046197133139, 25.04510363929702]]]}}, {"type": "Feature", "properties": {"id": 587, "area_m2": 37.32, "basis": "OSM surface road enclosed block"}, "geometry": {"type": "Polygon", "coordinates": [[[121.55781480000002, 25.0450381], [121.5578240473796, 25.045040006828128], [121.557825, 25.044993899999998], [121.55768439999999, 25.0449905], [121.55781480000002, 25.0450381]]]}}, {"type": "Feature", "properties": {"id": 588, "area_m2": 1232.53, "basis": "OSM surface road enclosed block"}, "geometry": {"type": "Polygon", "coordinates": [[[121.561881, 25.046745500000004], [121.5615508, 25.046573499999997], [121.5607348, 25.0462094], [121.56000140000002, 25.045955200000005], [121.5604758, 25.046182099999996], [121.5610082, 25.0464202], [121.5613824, 25.046573899999995], [121.561881, 25.046745500000004]]]}}, {"type": "Feature", "properties": {"id": 589, "area_m2": 5277.66, "basis": "OSM surface road enclosed block"}, "geometry": {"type": "Polygon", "coordinates": [[[121.5577633, 25.042040299999996], [121.5577478, 25.041531300000003], [121.55774370000002, 25.041412800000003], [121.55761809999998, 25.041415699999998], [121.5576221, 25.041533599999994], [121.55762409999998, 25.041744299999998], [121.557638, 25.0423402], [121.5576423, 25.0425264], [121.55765530000001, 25.043032799999995], [121.55765730000002, 25.043111499999995], [121.5576632, 25.043523899999997], [121.5576671, 25.043796899999997], [121.55766930000001, 25.0439487], [121.55767410000001, 25.044279199999995], [121.55768319999999, 25.044889199999993], [121.55768439999999, 25.0449905], [121.557825, 25.044993899999998], [121.5578288, 25.0448927], [121.5578165, 25.044405899999997], [121.55779419999999, 25.043759799999997], [121.5577906, 25.043519899999996], [121.5577633, 25.042040299999996]]]}}, {"type": "Feature", "properties": {"id": 590, "area_m2": 1926.76, "basis": "OSM surface road enclosed block"}, "geometry": {"type": "Polygon", "coordinates": [[[121.5578921, 25.0436875], [121.55788840000001, 25.0435203], [121.55788299999999, 25.0426289], [121.55788080000002, 25.042146499999998], [121.5577633, 25.042040299999996], [121.5577906, 25.043519899999996], [121.55779419999999, 25.043759799999997], [121.5578921, 25.0436875]]]}}, {"type": "Feature", "properties": {"id": 591, "area_m2": 1697.6, "basis": "OSM surface road enclosed block"}, "geometry": {"type": "Polygon", "coordinates": [[[121.5578921, 25.0436875], [121.55779419999999, 25.043759799999997], [121.5578165, 25.044405899999997], [121.5578288, 25.0448927], [121.557825, 25.044993899999998], [121.55791509999999, 25.0449968], [121.55791570000001, 25.0448959], [121.55791330000001, 25.044590500000005], [121.5579621, 25.04449719999999], [121.55795260000001, 25.043970899999994], [121.5578957, 25.043854399999997], [121.5578921, 25.0436875]]]}}, {"type": "Feature", "properties": {"id": 592, "area_m2": 6141.85, "basis": "OSM surface road enclosed block"}, "geometry": {"type": "Polygon", "coordinates": [[[121.56413010000001, 25.0488154], [121.56405509999999, 25.048808599999997], [121.5639245, 25.0487966], [121.5639136, 25.048892399999996], [121.5639104, 25.0489291], [121.5638726, 25.049286100000003], [121.5638606, 25.049383499999994], [121.5647096, 25.0494771], [121.5647543, 25.049338000000002], [121.5648685, 25.049012], [121.5648773, 25.048987199999992], [121.56491499999998, 25.048891399999995], [121.56478270000001, 25.048880000000004], [121.56425910000002, 25.048828199999996], [121.56421520000002, 25.0488238], [121.56413010000001, 25.0488154]]]}}, {"type": "Feature", "properties": {"id": 593, "area_m2": 3357.66, "basis": "OSM surface road enclosed block"}, "geometry": {"type": "Polygon", "coordinates": [[[121.5655097, 25.0489631], [121.5653682, 25.0489386], [121.5653117, 25.048931999999997], [121.5652607, 25.0489264], [121.56501549999999, 25.0489016], [121.56497230000001, 25.048897199999995], [121.56491499999998, 25.048891399999995], [121.5648773, 25.048987199999992], [121.5648685, 25.049012], [121.5647543, 25.049338000000002], [121.5648101, 25.049343299999997], [121.5653507, 25.0493948], [121.56538300000001, 25.049397399999993], [121.5654629, 25.049404400000004], [121.56548649999999, 25.049197300000003], [121.56549060000002, 25.049159799999998], [121.5654962, 25.049106999999996], [121.5655097, 25.0489631]]]}}, {"type": "Feature", "properties": {"id": 594, "area_m2": 5203.97, "basis": "OSM surface road enclosed block"}, "geometry": {"type": "Polygon", "coordinates": [[[121.5645124, 25.0499923], [121.5638113, 25.049921], [121.563784, 25.0503221], [121.56378899999999, 25.050761700000002], [121.56421299999998, 25.050756899999996], [121.56436329999998, 25.050384599999997], [121.5645124, 25.0499923]]]}}, {"type": "Feature", "properties": {"id": 595, "area_m2": 4673.11, "basis": "OSM surface road enclosed block"}, "geometry": {"type": "Polygon", "coordinates": [[[121.5638113, 25.049921], [121.5645124, 25.0499923], [121.5647096, 25.0494771], [121.5638606, 25.049383499999994], [121.5638113, 25.049921]]]}}, {"type": "Feature", "properties": {"id": 596, "area_m2": 4061.08, "basis": "OSM surface road enclosed block"}, "geometry": {"type": "Polygon", "coordinates": [[[121.5638113, 25.049921], [121.5631375, 25.0498555], [121.56297920000002, 25.049845599999994], [121.5629743, 25.0503238], [121.563784, 25.0503221], [121.5638113, 25.049921]]]}}, {"type": "Feature", "properties": {"id": 597, "area_m2": 1233.33, "basis": "OSM surface road enclosed block"}, "geometry": {"type": "Polygon", "coordinates": [[[121.5647543, 25.049338000000002], [121.5647096, 25.0494771], [121.5653141, 25.049549000000003], [121.56536520000002, 25.0495551], [121.5654482, 25.049563899999992], [121.56545130000002, 25.049530700000002], [121.5654629, 25.049404400000004], [121.56538300000001, 25.049397399999993], [121.5653507, 25.0493948], [121.5648101, 25.049343299999997], [121.5647543, 25.049338000000002]]]}}, {"type": "Feature", "properties": {"id": 598, "area_m2": 4712.91, "basis": "OSM surface road enclosed block"}, "geometry": {"type": "Polygon", "coordinates": [[[121.5647096, 25.0494771], [121.5645124, 25.0499923], [121.56521020000001, 25.0500508], [121.5653029, 25.0500586], [121.56539439999999, 25.050065999999998], [121.5654011, 25.050007600000004], [121.56540340000001, 25.0499852], [121.56540700000001, 25.049949299999998], [121.5654431, 25.049594100000004], [121.5654482, 25.049563899999992], [121.56536520000002, 25.0495551], [121.5653141, 25.049549000000003], [121.5647096, 25.0494771]]]}}, {"type": "Feature", "properties": {"id": 599, "area_m2": 8136.5, "basis": "OSM surface road enclosed block"}, "geometry": {"type": "Polygon", "coordinates": [[[121.5645124, 25.0499923], [121.56436329999998, 25.050384599999997], [121.56421299999998, 25.050756899999996], [121.56473730000002, 25.050740199999996], [121.5653019, 25.050726299999997], [121.56538750000001, 25.0507277], [121.56538140000002, 25.050212199999994], [121.56538420000001, 25.0501837], [121.56538750000001, 25.050151099999997], [121.56539439999999, 25.050065999999998], [121.5653029, 25.0500586], [121.56521020000001, 25.0500508], [121.5645124, 25.0499923]]]}}, {"type": "Feature", "properties": {"id": 600, "area_m2": 3755.09, "basis": "OSM surface road enclosed block"}, "geometry": {"type": "Polygon", "coordinates": [[[121.5759991, 25.047840299999997], [121.57487850000001, 25.0478626], [121.57489019999998, 25.048176399999996], [121.57601890000001, 25.048122900000003], [121.5759991, 25.047840299999997]]]}}, {"type": "Feature", "properties": {"id": 601, "area_m2": 3665.89, "basis": "OSM surface road enclosed block"}, "geometry": {"type": "Polygon", "coordinates": [[[121.57487850000001, 25.0478626], [121.5759991, 25.047840299999997], [121.57597710000002, 25.047542099999998], [121.57487000000002, 25.047572599999995], [121.57487850000001, 25.0478626]]]}}, {"type": "Feature", "properties": {"id": 602, "area_m2": 3597.31, "basis": "OSM surface road enclosed block"}, "geometry": {"type": "Polygon", "coordinates": [[[121.57601890000001, 25.048122900000003], [121.57489019999998, 25.048176399999996], [121.5748931, 25.048343899999995], [121.5749973, 25.048402500000005], [121.5752365, 25.048479900000004], [121.57542959999999, 25.048499399999997], [121.5756334, 25.048450799999998], [121.5758453, 25.048393199999996], [121.57601050000001, 25.048348199999996], [121.5760276, 25.048254400000005], [121.576028, 25.0482521], [121.57601890000001, 25.048122900000003]]]}}, {"type": "Feature", "properties": {"id": 603, "area_m2": 4350.28, "basis": "OSM surface road enclosed block"}, "geometry": {"type": "Polygon", "coordinates": [[[121.575986, 25.048485500000005], [121.575954, 25.048601299999998], [121.5759231, 25.048713200000005], [121.5759231, 25.048868699999996], [121.5759553, 25.0490242], [121.5759671, 25.0490957], [121.5759749, 25.049143299999997], [121.5760538, 25.049138500000005], [121.57658769999999, 25.0490778], [121.57657500000002, 25.0490337], [121.5764817, 25.048640899999995], [121.57641640000001, 25.0483612], [121.57620549999999, 25.048422099999996], [121.575986, 25.048485500000005]]]}}, {"type": "Feature", "properties": {"id": 604, "area_m2": 45081.94, "basis": "OSM surface road enclosed block"}, "geometry": {"type": "Polygon", "coordinates": [[[121.5759231, 25.048868699999996], [121.5759231, 25.048713200000005], [121.575954, 25.048601299999998], [121.575986, 25.048485500000005], [121.57585140000002, 25.0485244], [121.57583730000002, 25.048528499999996], [121.5755369, 25.0485966], [121.57534380000001, 25.048606299999996], [121.57512920000002, 25.048567399999996], [121.5748685, 25.048460800000008], [121.5743944, 25.048197999999996], [121.57436780000002, 25.0481832], [121.57423070000002, 25.048107200000004], [121.572716, 25.047267399999996], [121.5727347, 25.0482272], [121.57226790000001, 25.048235999999996], [121.57219410000002, 25.048237399999994], [121.57222540000001, 25.0491425], [121.57222710000002, 25.049220800000004], [121.572337, 25.049208], [121.57360060000002, 25.0491995], [121.5745261, 25.0491933], [121.57534410000001, 25.049200299999995], [121.57586250000001, 25.0491606], [121.5759749, 25.049143299999997], [121.5759671, 25.0490957], [121.5759553, 25.0490242], [121.5759231, 25.048868699999996]]]}}, {"type": "Feature", "properties": {"id": 605, "area_m2": 8804.25, "basis": "OSM surface road enclosed block"}, "geometry": {"type": "Polygon", "coordinates": [[[121.5759749, 25.049143299999997], [121.5759846, 25.049206400000003], [121.5760191, 25.049360000000004], [121.5760272, 25.0494078], [121.57613820000002, 25.049419099999998], [121.5765938, 25.0494589], [121.5772911, 25.0495129], [121.5775796, 25.049522000000003], [121.5777154, 25.0495196], [121.57771630000002, 25.0494431], [121.57770910000002, 25.0489905], [121.57771129999999, 25.0489213], [121.5775942, 25.048923599999995], [121.57730200000002, 25.0489329], [121.5771015, 25.0489392], [121.57658769999999, 25.0490778], [121.5760538, 25.049138500000005], [121.5759749, 25.049143299999997]]]}}, {"type": "Feature", "properties": {"id": 606, "area_m2": 10805.38, "basis": "OSM surface road enclosed block"}, "geometry": {"type": "Polygon", "coordinates": [[[121.5760272, 25.0494078], [121.5760191, 25.049360000000004], [121.5759846, 25.049206400000003], [121.5759749, 25.049143299999997], [121.57586250000001, 25.0491606], [121.57534410000001, 25.049200299999995], [121.5745261, 25.0491933], [121.57360060000002, 25.0491995], [121.572337, 25.049208], [121.57222710000002, 25.049220800000004], [121.57223100000002, 25.0492604], [121.5722315, 25.049274799999996], [121.5722364, 25.0494169], [121.57223679999998, 25.049425400000004], [121.5722405, 25.0494746], [121.57237770000002, 25.049474299999996], [121.5735822, 25.049463500000005], [121.5740799, 25.049461499999996], [121.5751253, 25.0494369], [121.57514542831605, 25.0494362312879], [121.5751855, 25.049434899999994], [121.5759459, 25.0494118], [121.5760272, 25.0494078]]]}}, {"type": "Feature", "properties": {"id": 607, "area_m2": 9462.5, "basis": "OSM surface road enclosed block"}, "geometry": {"type": "Polygon", "coordinates": [[[121.5748931, 25.048343899999995], [121.57489019999998, 25.048176399999996], [121.57487850000001, 25.0478626], [121.57487000000002, 25.047572599999995], [121.57486640000002, 25.0473111], [121.57453490000002, 25.047340199999997], [121.57426280000001, 25.0473622], [121.5732001, 25.047406799999997], [121.57429160000001, 25.048011], [121.57442040000001, 25.0480823], [121.57446380000002, 25.048106299999993], [121.5748931, 25.048343899999995]]]}}, {"type": "Feature", "properties": {"id": 608, "area_m2": 3316.69, "basis": "OSM surface road enclosed block"}, "geometry": {"type": "Polygon", "coordinates": [[[121.57486640000002, 25.0473111], [121.57487000000002, 25.047572599999995], [121.57597710000002, 25.047542099999998], [121.57595730000001, 25.0472644], [121.57486640000002, 25.0473111]]]}}, {"type": "Feature", "properties": {"id": 609, "area_m2": 2210.38, "basis": "OSM surface road enclosed block"}, "geometry": {"type": "Polygon", "coordinates": [[[121.575986, 25.048485500000005], [121.57601050000001, 25.048348199999996], [121.5758453, 25.048393199999996], [121.5756334, 25.048450799999998], [121.57542959999999, 25.048499399999997], [121.5752365, 25.048479900000004], [121.5749973, 25.048402500000005], [121.5748931, 25.048343899999995], [121.57446380000002, 25.048106299999993], [121.57442040000001, 25.0480823], [121.57436780000002, 25.0481832], [121.5743944, 25.048197999999996], [121.5748685, 25.048460800000008], [121.57512920000002, 25.048567399999996], [121.57534380000001, 25.048606299999996], [121.5755369, 25.0485966], [121.57583730000002, 25.048528499999996], [121.57585140000002, 25.0485244], [121.575986, 25.048485500000005]]]}}, {"type": "Feature", "properties": {"id": 610, "area_m2": 2390.63, "basis": "OSM surface road enclosed block"}, "geometry": {"type": "Polygon", "coordinates": [[[121.57601050000001, 25.048348199999996], [121.575986, 25.048485500000005], [121.57620549999999, 25.048422099999996], [121.57641640000001, 25.0483612], [121.57708180000002, 25.0481689], [121.57744, 25.0480865], [121.577632, 25.048074700000004], [121.5777409, 25.048068099999995], [121.57774360000002, 25.0479899], [121.57774490000001, 25.047957299999997], [121.57771460000001, 25.0479577], [121.5776295, 25.047963099999997], [121.57744660000002, 25.0479745], [121.5773226, 25.047999800000003], [121.57712470000001, 25.0480328], [121.57618419999999, 25.048299], [121.57601050000001, 25.048348199999996]]]}}, {"type": "Feature", "properties": {"id": 611, "area_m2": 7688.88, "basis": "OSM surface road enclosed block"}, "geometry": {"type": "Polygon", "coordinates": [[[121.576028, 25.0482521], [121.5760276, 25.048254400000005], [121.57601050000001, 25.048348199999996], [121.57618419999999, 25.048299], [121.57712470000001, 25.0480328], [121.5773226, 25.047999800000003], [121.5773277, 25.0476101], [121.5773312, 25.04733299999999], [121.57684640000001, 25.047321000000004], [121.57682830000002, 25.047408700000002], [121.5767903, 25.0474766], [121.57672189999998, 25.047540799999997], [121.5764194, 25.0478235], [121.57623969999999, 25.0479863], [121.576028, 25.0482521]]]}}, {"type": "Feature", "properties": {"id": 612, "area_m2": 2772.69, "basis": "OSM surface road enclosed block"}, "geometry": {"type": "Polygon", "coordinates": [[[121.57672189999998, 25.047540799999997], [121.57597710000002, 25.047542099999998], [121.5759991, 25.047840299999997], [121.57601890000001, 25.048122900000003], [121.576028, 25.0482521], [121.57623969999999, 25.0479863], [121.5764194, 25.0478235], [121.57672189999998, 25.047540799999997]]]}}, {"type": "Feature", "properties": {"id": 613, "area_m2": 2769.58, "basis": "OSM surface road enclosed block"}, "geometry": {"type": "Polygon", "coordinates": [[[121.57597710000002, 25.047542099999998], [121.57672189999998, 25.047540799999997], [121.5767903, 25.0474766], [121.57682830000002, 25.047408700000002], [121.57684640000001, 25.047321000000004], [121.57685830000001, 25.0472364], [121.57659910000001, 25.047243099999996], [121.57595730000001, 25.0472644], [121.57597710000002, 25.047542099999998]]]}}, {"type": "Feature", "properties": {"id": 614, "area_m2": 6896.15, "basis": "OSM surface road enclosed block"}, "geometry": {"type": "Polygon", "coordinates": [[[121.57219410000002, 25.048237399999994], [121.57226790000001, 25.048235999999996], [121.5727347, 25.0482272], [121.572716, 25.047267399999996], [121.572272, 25.047021999999995], [121.5721478, 25.046955999999998], [121.57215180000001, 25.047073], [121.57215870000002, 25.0472574], [121.5721742, 25.0476877], [121.57217730000002, 25.047771399999995], [121.57218099999999, 25.047874999999998], [121.57218270000001, 25.0479223], [121.57218480000002, 25.047981099999998], [121.57219410000002, 25.048237399999994]]]}}, {"type": "Feature", "properties": {"id": 615, "area_m2": 3646.74, "basis": "OSM surface road enclosed block"}, "geometry": {"type": "Polygon", "coordinates": [[[121.5769109, 25.0468863], [121.5764064, 25.046894299999995], [121.57596900000001, 25.0469059], [121.57595730000001, 25.0472644], [121.57659910000001, 25.047243099999996], [121.57685830000001, 25.0472364], [121.5769109, 25.0468863]]]}}, {"type": "Feature", "properties": {"id": 616, "area_m2": 7041.46, "basis": "OSM surface road enclosed block"}, "geometry": {"type": "Polygon", "coordinates": [[[121.57596900000001, 25.0469059], [121.5755507, 25.0469209], [121.5742861, 25.0469541], [121.57426280000001, 25.0473622], [121.57453490000002, 25.047340199999997], [121.57486640000002, 25.0473111], [121.57595730000001, 25.0472644], [121.57596900000001, 25.0469059]]]}}, {"type": "Feature", "properties": {"id": 617, "area_m2": 7460.84, "basis": "OSM surface road enclosed block"}, "geometry": {"type": "Polygon", "coordinates": [[[121.57426760000001, 25.0465573], [121.5734115, 25.046603899999994], [121.57272829999998, 25.0466089], [121.57274439999999, 25.047080799999996], [121.5727463, 25.047137800000005], [121.5729513, 25.047251299999996], [121.57297800000002, 25.047214799999995], [121.5731336, 25.047002499999994], [121.5742861, 25.0469541], [121.57426970000002, 25.0466751], [121.57426760000001, 25.0465573]]]}}, {"type": "Feature", "properties": {"id": 618, "area_m2": 4221.79, "basis": "OSM surface road enclosed block"}, "geometry": {"type": "Polygon", "coordinates": [[[121.5715628, 25.046948399999994], [121.57040300000001, 25.046970399999992], [121.57041220000002, 25.047296299999996], [121.5710522, 25.0472844], [121.5715244, 25.0472711], [121.57157550000001, 25.0472696], [121.5715736, 25.0472218], [121.5715628, 25.046948399999994]]]}}, {"type": "Feature", "properties": {"id": 619, "area_m2": 9875.81, "basis": "OSM surface road enclosed block"}, "geometry": {"type": "Polygon", "coordinates": [[[121.569636, 25.048859], [121.56962509999998, 25.048412100000004], [121.56962290000001, 25.0482963], [121.56961700000001, 25.047988799999995], [121.56908139999999, 25.0480023], [121.56902, 25.0480057], [121.56898960000001, 25.047991499999995], [121.5689532, 25.0480111], [121.56889330000001, 25.04804229999999], [121.56884109999999, 25.04808179999999], [121.56877630000001, 25.048113399999995], [121.5689532, 25.0484116], [121.56926380000002, 25.048922100000002], [121.56928390000002, 25.048955], [121.5693027, 25.048986299999996], [121.56933640000001, 25.049041299999992], [121.5694917, 25.049068699999996], [121.56990439999998, 25.049116599999998], [121.57043689999999, 25.049200699999997], [121.5704923, 25.0492082], [121.5704904, 25.049162000000003], [121.5704671, 25.0488179], [121.569636, 25.048859]]]}}, {"type": "Feature", "properties": {"id": 620, "area_m2": 4068.22, "basis": "OSM surface road enclosed block"}, "geometry": {"type": "Polygon", "coordinates": [[[121.56962509999998, 25.048412100000004], [121.569636, 25.048859], [121.5704671, 25.0488179], [121.5704545, 25.0483889], [121.56962509999998, 25.048412100000004]]]}}, {"type": "Feature", "properties": {"id": 621, "area_m2": 3932.56, "basis": "OSM surface road enclosed block"}, "geometry": {"type": "Polygon", "coordinates": [[[121.56961700000001, 25.047988799999995], [121.56962290000001, 25.0482963], [121.56962509999998, 25.048412100000004], [121.5704545, 25.0483889], [121.57044329999998, 25.048020400000006], [121.5704415, 25.0479619], [121.57034929999999, 25.047964899999997], [121.56961700000001, 25.047988799999995]]]}}, {"type": "Feature", "properties": {"id": 622, "area_m2": 5272.76, "basis": "OSM surface road enclosed block"}, "geometry": {"type": "Polygon", "coordinates": [[[121.56800220000001, 25.046818000000002], [121.56806949999998, 25.0467917], [121.5682642, 25.046710899999997], [121.56884370000002, 25.0467023], [121.5688995, 25.046701700000003], [121.5688967, 25.046648500000003], [121.56887649999999, 25.046264], [121.5688159, 25.0462683], [121.5680293, 25.046272600000005], [121.5678037, 25.046357499999992], [121.56773759999999, 25.046375799999996], [121.56800220000001, 25.046818000000002]]]}}, {"type": "Feature", "properties": {"id": 623, "area_m2": 8788.44, "basis": "OSM surface road enclosed block"}, "geometry": {"type": "Polygon", "coordinates": [[[121.5688995, 25.046701700000003], [121.56884370000002, 25.0467023], [121.5682642, 25.046710899999997], [121.56806949999998, 25.0467917], [121.56800220000001, 25.046818000000002], [121.5686961, 25.047979199999997], [121.5687371, 25.048047799999996], [121.5687543, 25.048076599999998], [121.56877630000001, 25.048113399999995], [121.56884109999999, 25.04808179999999], [121.56889330000001, 25.04804229999999], [121.5689532, 25.0480111], [121.56898960000001, 25.047991499999995], [121.5689577, 25.047914300000002], [121.56890410000001, 25.046749500000004], [121.5688995, 25.046701700000003]]]}}, {"type": "Feature", "properties": {"id": 624, "area_m2": 21605.85, "basis": "OSM surface road enclosed block"}, "geometry": {"type": "Polygon", "coordinates": [[[121.57038229999999, 25.046660999999997], [121.5703122, 25.046663400000003], [121.5689642, 25.046698299999996], [121.5688995, 25.046701700000003], [121.56890410000001, 25.046749500000004], [121.5689577, 25.047914300000002], [121.56898960000001, 25.047991499999995], [121.56902, 25.0480057], [121.56908139999999, 25.0480023], [121.56961700000001, 25.047988799999995], [121.57034929999999, 25.047964899999997], [121.5704415, 25.0479619], [121.57043870000001, 25.0479087], [121.5704226, 25.0476048], [121.57041220000002, 25.047296299999996], [121.57040300000001, 25.046970399999992], [121.570389, 25.0467279], [121.57038229999999, 25.046660999999997]]]}}, {"type": "Feature", "properties": {"id": 625, "area_m2": 8660.48, "basis": "OSM surface road enclosed block"}, "geometry": {"type": "Polygon", "coordinates": [[[121.57157550000001, 25.0472696], [121.5715244, 25.0472711], [121.5710522, 25.0472844], [121.57041220000002, 25.047296299999996], [121.5704226, 25.0476048], [121.57043870000001, 25.0479087], [121.5704415, 25.0479619], [121.57050340000002, 25.0479606], [121.5715447, 25.047938900000002], [121.5716005, 25.047937699999995], [121.57159860000002, 25.0478821], [121.5715855, 25.047504099999998], [121.57157739999998, 25.047314599999996], [121.57157550000001, 25.0472696]]]}}, {"type": "Feature", "properties": {"id": 626, "area_m2": 10905.25, "basis": "OSM surface road enclosed block"}, "geometry": {"type": "Polygon", "coordinates": [[[121.57165569999998, 25.049225900000003], [121.57165230000001, 25.0491512], [121.5716309, 25.048679000000003], [121.57161719999999, 25.048377799999997], [121.5704545, 25.0483889], [121.5704671, 25.0488179], [121.5704904, 25.049162000000003], [121.5704923, 25.0492082], [121.57052470000002, 25.049211200000002], [121.5712313, 25.049223899999998], [121.57165569999998, 25.049225900000003]]]}}, {"type": "Feature", "properties": {"id": 627, "area_m2": 8362.24, "basis": "OSM surface road enclosed block"}, "geometry": {"type": "Polygon", "coordinates": [[[121.57161719999999, 25.048377799999997], [121.5716309, 25.048679000000003], [121.57165230000001, 25.0491512], [121.57165569999998, 25.049225900000003], [121.57213060000001, 25.049221599999996], [121.57222710000002, 25.049220800000004], [121.57222540000001, 25.0491425], [121.57219410000002, 25.048237399999994], [121.57218480000002, 25.047981099999998], [121.57218270000001, 25.0479223], [121.57209210000002, 25.047925299999996], [121.57191750000001, 25.047930799999996], [121.57165680000001, 25.0479362], [121.5716005, 25.047937699999995], [121.57160220000002, 25.04798259999999], [121.5716134, 25.0482557], [121.57161719999999, 25.048377799999997]]]}}, {"type": "Feature", "properties": {"id": 628, "area_m2": 5629.75, "basis": "OSM surface road enclosed block"}, "geometry": {"type": "Polygon", "coordinates": [[[121.57161719999999, 25.048377799999997], [121.5716134, 25.0482557], [121.57160220000002, 25.04798259999999], [121.5716005, 25.047937699999995], [121.5715447, 25.047938900000002], [121.57050340000002, 25.0479606], [121.5704415, 25.0479619], [121.57044329999998, 25.048020400000006], [121.5704545, 25.0483889], [121.57161719999999, 25.048377799999997]]]}}, {"type": "Feature", "properties": {"id": 629, "area_m2": 4350.88, "basis": "OSM surface road enclosed block"}, "geometry": {"type": "Polygon", "coordinates": [[[121.57157550000001, 25.0472696], [121.57157739999998, 25.047314599999996], [121.5715855, 25.047504099999998], [121.57159860000002, 25.0478821], [121.5716005, 25.047937699999995], [121.57165680000001, 25.0479362], [121.57191750000001, 25.047930799999996], [121.57209210000002, 25.047925299999996], [121.57218270000001, 25.0479223], [121.57218099999999, 25.047874999999998], [121.57217730000002, 25.047771399999995], [121.5721742, 25.0476877], [121.57215870000002, 25.0472574], [121.5720743, 25.0472572], [121.57162700000002, 25.047268300000002], [121.57157550000001, 25.0472696]]]}}, {"type": "Feature", "properties": {"id": 630, "area_m2": 3022.14, "basis": "OSM surface road enclosed block"}, "geometry": {"type": "Polygon", "coordinates": [[[121.5715628, 25.046948399999994], [121.5715736, 25.0472218], [121.57157550000001, 25.0472696], [121.57162700000002, 25.047268300000002], [121.5720743, 25.0472572], [121.57215870000002, 25.0472574], [121.57215180000001, 25.047073], [121.5721478, 25.046955999999998], [121.57205559999998, 25.046907600000004], [121.57159235552396, 25.04665539963963], [121.57156100000002, 25.046712899999992], [121.5715628, 25.046948399999994]]]}}, {"type": "Feature", "properties": {"id": 631, "area_m2": 2924.03, "basis": "OSM surface road enclosed block"}, "geometry": {"type": "Polygon", "coordinates": [[[121.5689675, 25.048980799999992], [121.56933640000001, 25.049041299999992], [121.5693027, 25.048986299999996], [121.56928390000002, 25.048955], [121.56926380000002, 25.048922100000002], [121.5689532, 25.0484116], [121.56877630000001, 25.048113399999995], [121.56855810000002, 25.0482627], [121.56893020000001, 25.04891519999999], [121.5689675, 25.048980799999992]]]}}, {"type": "Feature", "properties": {"id": 632, "area_m2": 491.68, "basis": "OSM surface road enclosed block"}, "geometry": {"type": "Polygon", "coordinates": [[[121.56933640000001, 25.049041299999992], [121.5689675, 25.048980799999992], [121.5690695, 25.049144099999996], [121.56939729999999, 25.049144899999995], [121.56933640000001, 25.049041299999992]]]}}, {"type": "Feature", "properties": {"id": 633, "area_m2": 6532.92, "basis": "OSM surface road enclosed block"}, "geometry": {"type": "Polygon", "coordinates": [[[121.5777409, 25.048068099999995], [121.577632, 25.048074700000004], [121.57744, 25.0480865], [121.57708180000002, 25.0481689], [121.57641640000001, 25.0483612], [121.5764817, 25.048640899999995], [121.5772428, 25.048635400000002], [121.5775788, 25.048639099999995], [121.57771910000001, 25.048638699999998], [121.577737, 25.048177000000003], [121.57773890000001, 25.048078499999995], [121.5777409, 25.048068099999995]]]}}, {"type": "Feature", "properties": {"id": 634, "area_m2": 3463.39, "basis": "OSM surface road enclosed block"}, "geometry": {"type": "Polygon", "coordinates": [[[121.572716, 25.047267399999996], [121.57423070000002, 25.048107200000004], [121.57436780000002, 25.0481832], [121.57442040000001, 25.0480823], [121.57429160000001, 25.048011], [121.5732001, 25.047406799999997], [121.5729513, 25.047251299999996], [121.5727463, 25.047137800000005], [121.57226920000001, 25.0468675], [121.57214190000002, 25.046791999999996], [121.5721478, 25.046955999999998], [121.572272, 25.047021999999995], [121.572716, 25.047267399999996]]]}}, {"type": "Feature", "properties": {"id": 635, "area_m2": 48697.99, "basis": "OSM surface road enclosed block"}, "geometry": {"type": "Polygon", "coordinates": [[[121.56693959999998, 25.0459471], [121.5664515, 25.047014199999996], [121.5664066, 25.047112299999995], [121.5663863, 25.0471568], [121.5662806, 25.047402099999996], [121.5660842, 25.047834599999995], [121.5659793, 25.048061299999997], [121.5659628, 25.0480968], [121.5659421, 25.048141599999997], [121.5658839, 25.048241600000004], [121.5659547, 25.048262400000002], [121.56678439999999, 25.0484941], [121.56685490000001, 25.0485137], [121.5670774, 25.0485658], [121.56719930000001, 25.0485958], [121.56724049999998, 25.048606], [121.5673122, 25.048623699999997], [121.5674074, 25.048647299999995], [121.56879000000002, 25.0489457], [121.5688371, 25.0489557], [121.5688811, 25.048965000000003], [121.5688977, 25.0489687], [121.5689675, 25.048980799999992], [121.56893020000001, 25.04891519999999], [121.56855810000002, 25.0482627], [121.56851820000001, 25.04819689999999], [121.5672562, 25.0461163], [121.56721310000002, 25.046045299999996], [121.56720140000002, 25.0460259], [121.56715370000002, 25.045916999999996], [121.5671248, 25.0458603], [121.56702629999998, 25.045885699999996], [121.56693959999998, 25.0459471]]]}}, {"type": "Feature", "properties": {"id": 636, "area_m2": 3195.09, "basis": "OSM surface road enclosed block"}, "geometry": {"type": "Polygon", "coordinates": [[[121.5658839, 25.048241600000004], [121.5659421, 25.048141599999997], [121.5659628, 25.0480968], [121.5659793, 25.048061299999997], [121.5660842, 25.047834599999995], [121.5662806, 25.047402099999996], [121.5663863, 25.0471568], [121.5664066, 25.047112299999995], [121.5664515, 25.047014199999996], [121.56693959999998, 25.0459471], [121.56702629999998, 25.045885699999996], [121.5671248, 25.0458603], [121.56706289999998, 25.0457318], [121.5669649, 25.045783499999995], [121.5668926, 25.0458503], [121.56687620000001, 25.045884600000004], [121.5662869, 25.047119799999997], [121.5658394, 25.0481024], [121.5657921, 25.048204899999998], [121.5658839, 25.048241600000004]]]}}, {"type": "Feature", "properties": {"id": 637, "area_m2": 1847.08, "basis": "OSM surface road enclosed block"}, "geometry": {"type": "Polygon", "coordinates": [[[121.5658839, 25.048241600000004], [121.56582279999999, 25.048356699999996], [121.56590239999998, 25.04837819999999], [121.5659466, 25.0483897], [121.5659793, 25.0483982], [121.56659660000001, 25.048557999999996], [121.56705140000001, 25.048659900000004], [121.56728570000001, 25.048718699999995], [121.5673122, 25.048623699999997], [121.56724049999998, 25.048606], [121.56719930000001, 25.0485958], [121.5670774, 25.0485658], [121.56685490000001, 25.0485137], [121.56678439999999, 25.0484941], [121.5659547, 25.048262400000002], [121.5658839, 25.048241600000004]]]}}, {"type": "Feature", "properties": {"id": 638, "area_m2": 8808.85, "basis": "OSM surface road enclosed block"}, "geometry": {"type": "Polygon", "coordinates": [[[121.57269510000002, 25.045630699999997], [121.5725777, 25.0456339], [121.57223079999999, 25.045643600000002], [121.57214730000001, 25.045645799999996], [121.57210050000002, 25.045647099999996], [121.57210440000001, 25.045756199999992], [121.57213860000002, 25.046699699999998], [121.57214190000002, 25.046791999999996], [121.57226920000001, 25.0468675], [121.5727463, 25.047137800000005], [121.57274439999999, 25.047080799999996], [121.57272829999998, 25.0466089], [121.5727133, 25.0461661], [121.5727067, 25.045971199999997], [121.5726978, 25.045710199999995], [121.57269510000002, 25.045630699999997]]]}}, {"type": "Feature", "properties": {"id": 639, "area_m2": 5544.26, "basis": "OSM surface road enclosed block"}, "geometry": {"type": "Polygon", "coordinates": [[[121.5729513, 25.047251299999996], [121.5732001, 25.047406799999997], [121.57426280000001, 25.0473622], [121.5742861, 25.0469541], [121.5731336, 25.047002499999994], [121.57297800000002, 25.047214799999995], [121.5729513, 25.047251299999996]]]}}, {"type": "Feature", "properties": {"id": 640, "area_m2": 1651.43, "basis": "OSM surface road enclosed block"}, "geometry": {"type": "Polygon", "coordinates": [[[121.5773226, 25.047999800000003], [121.57744660000002, 25.0479745], [121.5776295, 25.047963099999997], [121.57771460000001, 25.0479577], [121.57774490000001, 25.047957299999997], [121.5777498, 25.047845499999998], [121.57775060000002, 25.047630200000004], [121.5776577, 25.047631599999992], [121.5773277, 25.0476101], [121.5773226, 25.047999800000003]]]}}, {"type": "Feature", "properties": {"id": 641, "area_m2": 1394.8, "basis": "OSM surface road enclosed block"}, "geometry": {"type": "Polygon", "coordinates": [[[121.57774490000001, 25.047957299999997], [121.577839, 25.047958799999996], [121.57783760000001, 25.0478432], [121.5778417, 25.047466], [121.577845, 25.0473401], [121.5778521, 25.046677399999997], [121.577851, 25.046645299999994], [121.57774600000002, 25.0466453], [121.5777481, 25.046673799999997], [121.5777501, 25.0471761], [121.57775080000002, 25.0473273], [121.57775060000002, 25.047630200000004], [121.5777498, 25.047845499999998], [121.57774490000001, 25.047957299999997]]]}}, {"type": "Feature", "properties": {"id": 642, "area_m2": 120.04, "basis": "OSM surface road enclosed block"}, "geometry": {"type": "Polygon", "coordinates": [[[121.577839, 25.047958799999996], [121.57774490000001, 25.047957299999997], [121.57774360000002, 25.0479899], [121.5777409, 25.048068099999995], [121.577749, 25.048067400000004], [121.57782170000002, 25.0480676], [121.5778434, 25.048067499999995], [121.5778389, 25.047968799999992], [121.577839, 25.047958799999996]]]}}, {"type": "Feature", "properties": {"id": 643, "area_m2": 9666.41, "basis": "OSM surface road enclosed block"}, "geometry": {"type": "Polygon", "coordinates": [[[121.5657176, 25.0484433], [121.5656983, 25.048480899999998], [121.56568249999998, 25.048511500000004], [121.5655502, 25.048791600000005], [121.5655365, 25.048820599999996], [121.5655235, 25.048848200000002], [121.5655097, 25.0489631], [121.56566529999999, 25.0489781], [121.56569779999998, 25.048981], [121.5657417, 25.048984799999996], [121.566102, 25.0490166], [121.56618049999999, 25.0490234], [121.5662448, 25.049031700000004], [121.5663152, 25.0490403], [121.5663777, 25.04904619999999], [121.5670621, 25.049110700000004], [121.5670972, 25.049114099999993], [121.56713180000001, 25.049117499999998], [121.5671833, 25.049122499999996], [121.56719750000002, 25.049040199999997], [121.5672579, 25.048815700000002], [121.56726570000001, 25.048786899999996], [121.56728570000001, 25.048718699999995], [121.56705140000001, 25.048659900000004], [121.56659660000001, 25.048557999999996], [121.5659793, 25.0483982], [121.5659466, 25.0483897], [121.56590239999998, 25.04837819999999], [121.56582279999999, 25.048356699999996], [121.5657176, 25.0484433]]]}}, {"type": "Feature", "properties": {"id": 644, "area_m2": 4841.04, "basis": "OSM surface road enclosed block"}, "geometry": {"type": "Polygon", "coordinates": [[[121.5662448, 25.049031700000004], [121.56618049999999, 25.0490234], [121.566102, 25.0490166], [121.5657417, 25.048984799999996], [121.56569779999998, 25.048981], [121.56566529999999, 25.0489781], [121.5655097, 25.0489631], [121.5654962, 25.049106999999996], [121.56549060000002, 25.049159799999998], [121.56548649999999, 25.049197300000003], [121.5654629, 25.049404400000004], [121.56545130000002, 25.049530700000002], [121.5654482, 25.049563899999992], [121.56554050000001, 25.0495707], [121.5655755, 25.0495735], [121.565766, 25.0495886], [121.56616670000001, 25.049608599999996], [121.56622570000002, 25.0491482], [121.5662298, 25.049115999999998], [121.5662448, 25.049031700000004]]]}}, {"type": "Feature", "properties": {"id": 645, "area_m2": 6977.52, "basis": "OSM surface road enclosed block"}, "geometry": {"type": "Polygon", "coordinates": [[[121.5671833, 25.049122499999996], [121.56713180000001, 25.049117499999998], [121.5670972, 25.049114099999993], [121.5670621, 25.049110700000004], [121.5663777, 25.04904619999999], [121.5663152, 25.0490403], [121.5662448, 25.049031700000004], [121.5662298, 25.049115999999998], [121.56622570000002, 25.0491482], [121.56616670000001, 25.049608599999996], [121.5668589, 25.049659099999996], [121.5672121, 25.0496848], [121.56728570000001, 25.04969019999999], [121.5673085, 25.049257399999995], [121.5673098, 25.049232699999997], [121.5673145, 25.0491422], [121.5671833, 25.049122499999996]]]}}, {"type": "Feature", "properties": {"id": 646, "area_m2": 8332.02, "basis": "OSM surface road enclosed block"}, "geometry": {"type": "Polygon", "coordinates": [[[121.56773759999999, 25.046375799999996], [121.5674293, 25.045868800000004], [121.56739340000001, 25.045810299999996], [121.5672993, 25.0458252], [121.5671248, 25.0458603], [121.56715370000002, 25.045916999999996], [121.56720140000002, 25.0460259], [121.56721310000002, 25.046045299999996], [121.5672562, 25.0461163], [121.56851820000001, 25.04819689999999], [121.56855810000002, 25.0482627], [121.56877630000001, 25.048113399999995], [121.5687543, 25.048076599999998], [121.5687371, 25.048047799999996], [121.5686961, 25.047979199999997], [121.56800220000001, 25.046818000000002], [121.56773759999999, 25.046375799999996]]]}}, {"type": "Feature", "properties": {"id": 647, "area_m2": 2458.41, "basis": "OSM surface road enclosed block"}, "geometry": {"type": "Polygon", "coordinates": [[[121.5673122, 25.048623699999997], [121.56728570000001, 25.048718699999995], [121.567376, 25.048741499999995], [121.5674032, 25.0487485], [121.5674376, 25.048757200000004], [121.56895470000002, 25.049135899999996], [121.5690695, 25.049144099999996], [121.5689675, 25.048980799999992], [121.5688977, 25.0489687], [121.5688811, 25.048965000000003], [121.5688371, 25.0489557], [121.56879000000002, 25.0489457], [121.5674074, 25.048647299999995], [121.5673122, 25.048623699999997]]]}}, {"type": "Feature", "properties": {"id": 648, "area_m2": 6483.5, "basis": "OSM surface road enclosed block"}, "geometry": {"type": "Polygon", "coordinates": [[[121.56895470000002, 25.049135899999996], [121.5674376, 25.048757200000004], [121.5674032, 25.0487485], [121.567376, 25.048741499999995], [121.56728570000001, 25.048718699999995], [121.56726570000001, 25.048786899999996], [121.5672579, 25.048815700000002], [121.56719750000002, 25.049040199999997], [121.5671833, 25.049122499999996], [121.5673145, 25.0491422], [121.5673689, 25.049147100000003], [121.56741890000002, 25.0491532], [121.5674758, 25.049160100000005], [121.5686513, 25.049302799999992], [121.56887889999999, 25.0493304], [121.56891810000002, 25.049336800000003], [121.56896649999999, 25.049341499999997], [121.5692013, 25.0493749], [121.5691202, 25.0492271], [121.56910510000002, 25.049202], [121.5690695, 25.049144099999996], [121.56895470000002, 25.049135899999996]]]}}, {"type": "Feature", "properties": {"id": 649, "area_m2": 8495.62, "basis": "OSM surface road enclosed block"}, "geometry": {"type": "Polygon", "coordinates": [[[121.5704995, 25.0513312], [121.57026830000001, 25.0513826], [121.57023340000002, 25.0515444], [121.5702114, 25.05164849999999], [121.5701718, 25.051880499999992], [121.57009870000002, 25.052314600000003], [121.57005130000002, 25.052603399999995], [121.5700402, 25.052657500000002], [121.5700342, 25.0526936], [121.5700291, 25.0527245], [121.57000600000002, 25.052864099999997], [121.5698859, 25.05359109999999], [121.5698184, 25.0539616], [121.56973310000001, 25.054367999999993], [121.5697317, 25.054447199999995], [121.56991969999999, 25.054480699999992], [121.5699324, 25.054433800000005], [121.5699407, 25.0544029], [121.5699452, 25.054386200000003], [121.5699771, 25.054267699999997], [121.570065, 25.0539417], [121.5701038, 25.053738599999996], [121.5702936, 25.052698300000003], [121.5702961, 25.052681899999996], [121.5702991, 25.052665400000002], [121.57046120000001, 25.0515934], [121.57047509999998, 25.0515239], [121.5704995, 25.0513312]]]}}, {"type": "Feature", "properties": {"id": 650, "area_m2": 587.41, "basis": "OSM surface road enclosed block"}, "geometry": {"type": "Polygon", "coordinates": [[[121.57026830000001, 25.0513826], [121.5704995, 25.0513312], [121.5704718, 25.0511289], [121.57033670000001, 25.051151300000004], [121.5702175, 25.051156699999996], [121.57026830000001, 25.0513826]]]}}, {"type": "Feature", "properties": {"id": 651, "area_m2": 4898.1, "basis": "OSM surface road enclosed block"}, "geometry": {"type": "Polygon", "coordinates": [[[121.5704718, 25.0511289], [121.5707644, 25.0509631], [121.5708196, 25.0509334], [121.5711655, 25.0507124], [121.57108040000001, 25.050619199999996], [121.571004, 25.0505487], [121.5709222, 25.0504952], [121.57080179999998, 25.0504516], [121.57087190000001, 25.0503302], [121.57051460000001, 25.050187799999993], [121.57034089999999, 25.050550300000005], [121.57032340000002, 25.0505868], [121.57026790000002, 25.050626099999995], [121.570401, 25.050860899999996], [121.57042399999999, 25.050937099999995], [121.5704718, 25.0511289]]]}}, {"type": "Feature", "properties": {"id": 652, "area_m2": 639.29, "basis": "OSM surface road enclosed block"}, "geometry": {"type": "Polygon", "coordinates": [[[121.5707644, 25.0509631], [121.5704718, 25.0511289], [121.5704995, 25.0513312], [121.5708141, 25.0510851], [121.5707644, 25.0509631]]]}}, {"type": "Feature", "properties": {"id": 653, "area_m2": 2275.1, "basis": "OSM surface road enclosed block"}, "geometry": {"type": "Polygon", "coordinates": [[[121.5711655, 25.0507124], [121.5708196, 25.0509334], [121.5707644, 25.0509631], [121.5708141, 25.0510851], [121.57089050000002, 25.051023200000003], [121.57170330000001, 25.050492000000002], [121.57173480000002, 25.050471399999992], [121.5720753, 25.0502479], [121.57225960000001, 25.050104599999994], [121.5723518, 25.050046599999998], [121.5722042, 25.049976500000003], [121.57212580000001, 25.050063299999998], [121.5720504, 25.050133599999995], [121.57166160000001, 25.050385099999996], [121.5711655, 25.0507124]]]}}, {"type": "Feature", "properties": {"id": 654, "area_m2": 9439.53, "basis": "OSM surface road enclosed block"}, "geometry": {"type": "Polygon", "coordinates": [[[121.5711655, 25.0507124], [121.57166160000001, 25.050385099999996], [121.5720504, 25.050133599999995], [121.57212580000001, 25.050063299999998], [121.5722042, 25.049976500000003], [121.5721288, 25.0499462], [121.5719998, 25.049905499999998], [121.5718259, 25.049886599999997], [121.57138950000001, 25.049860099999997], [121.57131810000001, 25.049855800000003], [121.57129110000001, 25.049854100000005], [121.5711967, 25.049847799999995], [121.5711292, 25.0498451], [121.5710808, 25.049843099999993], [121.5708545, 25.049836499999998], [121.5708084, 25.0498351], [121.57077350000002, 25.0498341], [121.57064909999998, 25.049823], [121.5706379, 25.0498939], [121.57062950000001, 25.049939799999994], [121.57061960000001, 25.049976299999997], [121.5705648, 25.0500955], [121.57051460000001, 25.050187799999993], [121.57087190000001, 25.0503302], [121.57080179999998, 25.0504516], [121.5709222, 25.0504952], [121.571004, 25.0505487], [121.57108040000001, 25.050619199999996], [121.5711655, 25.0507124]]]}}, {"type": "Feature", "properties": {"id": 655, "area_m2": 4805.65, "basis": "OSM surface road enclosed block"}, "geometry": {"type": "Polygon", "coordinates": [[[121.5661553, 25.0512901], [121.5661576, 25.051432999999992], [121.5662169, 25.0514324], [121.56624799999999, 25.0514319], [121.566283, 25.051431299999997], [121.56728150000002, 25.051415299999995], [121.5673432, 25.051412699999997], [121.56753420000001, 25.051464100000004], [121.56825060000001, 25.051454499999995], [121.5683493, 25.051451500000002], [121.5683587, 25.051425100000007], [121.56843519999998, 25.051211099999996], [121.5684437, 25.0511872], [121.5683444, 25.0511891], [121.56830160000001, 25.051190099999992], [121.5682795, 25.0511907], [121.56753269999999, 25.051213500000003], [121.56736260000001, 25.051270299999995], [121.5672643, 25.0512718], [121.5662155, 25.0512884], [121.5661553, 25.0512901]]]}}, {"type": "Feature", "properties": {"id": 656, "area_m2": 1806.94, "basis": "OSM surface road enclosed block"}, "geometry": {"type": "Polygon", "coordinates": [[[121.565766, 25.0495886], [121.5655755, 25.0495735], [121.56554050000001, 25.0495707], [121.5654482, 25.049563899999992], [121.5654431, 25.049594100000004], [121.56540700000001, 25.049949299999998], [121.56540340000001, 25.0499852], [121.5654011, 25.050007600000004], [121.56539439999999, 25.050065999999998], [121.5654797, 25.0500695], [121.5655146, 25.050072299999993], [121.56571720000001, 25.0500886], [121.565766, 25.0495886]]]}}, {"type": "Feature", "properties": {"id": 657, "area_m2": 7190.06, "basis": "OSM surface road enclosed block"}, "geometry": {"type": "Polygon", "coordinates": [[[121.56612379999999, 25.050706899999994], [121.5661476, 25.051167599999992], [121.5661497, 25.0512085], [121.5661553, 25.0512901], [121.5662155, 25.0512884], [121.5672643, 25.0512718], [121.5672616, 25.0511907], [121.5672607, 25.051153], [121.56725030000001, 25.0507163], [121.56649669999999, 25.050697499999995], [121.56612379999999, 25.050706899999994]]]}}, {"type": "Feature", "properties": {"id": 658, "area_m2": 2626.38, "basis": "OSM surface road enclosed block"}, "geometry": {"type": "Polygon", "coordinates": [[[121.56612379999999, 25.050706899999994], [121.5661224, 25.050675099999992], [121.5660996, 25.050143199999997], [121.56571720000001, 25.0500886], [121.56571660000002, 25.0507167], [121.56612379999999, 25.050706899999994]]]}}, {"type": "Feature", "properties": {"id": 659, "area_m2": 6555.89, "basis": "OSM surface road enclosed block"}, "geometry": {"type": "Polygon", "coordinates": [[[121.5660996, 25.050143199999997], [121.5661224, 25.050675099999992], [121.56612379999999, 25.050706899999994], [121.56649669999999, 25.050697499999995], [121.56725030000001, 25.0507163], [121.5672342, 25.0502282], [121.5660996, 25.050143199999997]]]}}, {"type": "Feature", "properties": {"id": 660, "area_m2": 2283.06, "basis": "OSM surface road enclosed block"}, "geometry": {"type": "Polygon", "coordinates": [[[121.5660996, 25.050143199999997], [121.5661318, 25.0498735], [121.56616670000001, 25.049608599999996], [121.565766, 25.0495886], [121.56571720000001, 25.0500886], [121.5660996, 25.050143199999997]]]}}, {"type": "Feature", "properties": {"id": 661, "area_m2": 3217.28, "basis": "OSM surface road enclosed block"}, "geometry": {"type": "Polygon", "coordinates": [[[121.5661318, 25.0498735], [121.5660996, 25.050143199999997], [121.5672342, 25.0502282], [121.5672556, 25.0500477], [121.5672604, 25.049994699999996], [121.5661318, 25.0498735]]]}}, {"type": "Feature", "properties": {"id": 662, "area_m2": 3610.02, "basis": "OSM surface road enclosed block"}, "geometry": {"type": "Polygon", "coordinates": [[[121.56616670000001, 25.049608599999996], [121.5661318, 25.0498735], [121.5672604, 25.049994699999996], [121.56728570000001, 25.04969019999999], [121.5672121, 25.0496848], [121.5668589, 25.049659099999996], [121.56616670000001, 25.049608599999996]]]}}, {"type": "Feature", "properties": {"id": 663, "area_m2": 2398.84, "basis": "OSM surface road enclosed block"}, "geometry": {"type": "Polygon", "coordinates": [[[121.56571660000002, 25.0507167], [121.56571720000001, 25.0500886], [121.5655146, 25.050072299999993], [121.5654797, 25.0500695], [121.56539439999999, 25.050065999999998], [121.56538750000001, 25.050151099999997], [121.56538420000001, 25.0501837], [121.56538140000002, 25.050212199999994], [121.56538750000001, 25.0507277], [121.56546919999998, 25.0507265], [121.56550470000002, 25.050725099999998], [121.56571660000002, 25.0507167]]]}}, {"type": "Feature", "properties": {"id": 664, "area_m2": 3638.68, "basis": "OSM surface road enclosed block"}, "geometry": {"type": "Polygon", "coordinates": [[[121.5672556, 25.0500477], [121.56763580000002, 25.050037200000002], [121.5683955, 25.0500394], [121.5684805, 25.049838399999995], [121.5683597, 25.0498234], [121.5673882, 25.0497029], [121.5673439, 25.049697399999996], [121.56728570000001, 25.04969019999999], [121.5672604, 25.049994699999996], [121.5672556, 25.0500477]]]}}, {"type": "Feature", "properties": {"id": 665, "area_m2": 2139.0, "basis": "OSM surface road enclosed block"}, "geometry": {"type": "Polygon", "coordinates": [[[121.5683955, 25.0500394], [121.56763580000002, 25.050037200000002], [121.5672556, 25.0500477], [121.5672342, 25.0502282], [121.56832590000002, 25.050195699999996], [121.5683955, 25.0500394]]]}}, {"type": "Feature", "properties": {"id": 666, "area_m2": 9012.45, "basis": "OSM surface road enclosed block"}, "geometry": {"type": "Polygon", "coordinates": [[[121.5722405, 25.0494746], [121.5722386, 25.049524099999996], [121.572257, 25.049796899999997], [121.57226520000002, 25.049918499999997], [121.57254960000002, 25.049898400000004], [121.57380769999999, 25.049910499999996], [121.5740893, 25.0499251], [121.5740799, 25.049461499999996], [121.5735822, 25.049463500000005], [121.57237770000002, 25.049474299999996], [121.5722405, 25.0494746]]]}}, {"type": "Feature", "properties": {"id": 667, "area_m2": 4713.11, "basis": "OSM surface road enclosed block"}, "geometry": {"type": "Polygon", "coordinates": [[[121.57226520000002, 25.049918499999997], [121.572257, 25.049796899999997], [121.5722386, 25.049524099999996], [121.5722405, 25.0494746], [121.5720894, 25.049479499999997], [121.5717737, 25.049473399999993], [121.57150059999998, 25.049493199999997], [121.5714159, 25.0494934], [121.57129289999999, 25.049492899999997], [121.5712444, 25.049515599999996], [121.57122030000001, 25.049555699999996], [121.571209, 25.0497436], [121.57120439999998, 25.0497821], [121.5711967, 25.049847799999995], [121.57129110000001, 25.049854100000005], [121.57131810000001, 25.049855800000003], [121.57138950000001, 25.049860099999997], [121.5718259, 25.049886599999997], [121.5719998, 25.049905499999998], [121.5721288, 25.0499462], [121.5722042, 25.049976500000003], [121.57226520000002, 25.049918499999997]]]}}, {"type": "Feature", "properties": {"id": 668, "area_m2": 4826.36, "basis": "OSM surface road enclosed block"}, "geometry": {"type": "Polygon", "coordinates": [[[121.57226520000002, 25.049918499999997], [121.5723518, 25.050046599999998], [121.57254339999999, 25.0500217], [121.57379780000001, 25.050039299999998], [121.5742182, 25.050044599999996], [121.57452059999999, 25.050046299999995], [121.5759196, 25.050084499999997], [121.57599099999999, 25.050071], [121.5759788, 25.0499736], [121.5759255, 25.0499727], [121.57515389999999, 25.049954200000002], [121.5742227, 25.0499342], [121.5740893, 25.0499251], [121.57380769999999, 25.049910499999996], [121.57254960000002, 25.049898400000004], [121.57226520000002, 25.049918499999997]]]}}, {"type": "Feature", "properties": {"id": 669, "area_m2": 71.74, "basis": "OSM surface road enclosed block"}, "geometry": {"type": "Polygon", "coordinates": [[[121.5723518, 25.050046599999998], [121.57226520000002, 25.049918499999997], [121.5722042, 25.049976500000003], [121.5723518, 25.050046599999998]]]}}, {"type": "Feature", "properties": {"id": 670, "area_m2": 5240.74, "basis": "OSM surface road enclosed block"}, "geometry": {"type": "Polygon", "coordinates": [[[121.56812010000002, 25.0506713], [121.56832590000002, 25.050195699999996], [121.5672342, 25.0502282], [121.56725030000001, 25.0507163], [121.56812010000002, 25.0506713]]]}}, {"type": "Feature", "properties": {"id": 671, "area_m2": 4322.45, "basis": "OSM surface road enclosed block"}, "geometry": {"type": "Polygon", "coordinates": [[[121.56832590000002, 25.050195699999996], [121.56812010000002, 25.0506713], [121.568636, 25.050669499999994], [121.5689079, 25.049903200000003], [121.5688343, 25.049892], [121.568533, 25.049846399999993], [121.5684805, 25.049838399999995], [121.5683955, 25.0500394], [121.56832590000002, 25.050195699999996]]]}}, {"type": "Feature", "properties": {"id": 672, "area_m2": 7849.25, "basis": "OSM surface road enclosed block"}, "geometry": {"type": "Polygon", "coordinates": [[[121.5684805, 25.049838399999995], [121.5686171, 25.0494102], [121.5686294, 25.049371700000002], [121.5686513, 25.049302799999992], [121.5674758, 25.049160100000005], [121.56741890000002, 25.0491532], [121.5673689, 25.049147100000003], [121.5673145, 25.0491422], [121.5673098, 25.049232699999997], [121.5673085, 25.049257399999995], [121.56728570000001, 25.04969019999999], [121.5673439, 25.049697399999996], [121.5673882, 25.0497029], [121.5683597, 25.0498234], [121.5684805, 25.049838399999995]]]}}, {"type": "Feature", "properties": {"id": 673, "area_m2": 2900.94, "basis": "OSM surface road enclosed block"}, "geometry": {"type": "Polygon", "coordinates": [[[121.5686513, 25.049302799999992], [121.5686294, 25.049371700000002], [121.5686171, 25.0494102], [121.5684805, 25.049838399999995], [121.568533, 25.049846399999993], [121.5688343, 25.049892], [121.5689079, 25.049903200000003], [121.56903159999999, 25.0495857], [121.5690428, 25.049556799999998], [121.569059, 25.049515199999995], [121.5692013, 25.0493749], [121.56896649999999, 25.049341499999997], [121.56891810000002, 25.049336800000003], [121.56887889999999, 25.0493304], [121.5686513, 25.049302799999992]]]}}, {"type": "Feature", "properties": {"id": 674, "area_m2": 959.08, "basis": "OSM surface road enclosed block"}, "geometry": {"type": "Polygon", "coordinates": [[[121.5692013, 25.0493749], [121.5695562, 25.049437299999997], [121.56952300000002, 25.049362699999996], [121.5695037, 25.049327299999998], [121.5694584, 25.049243999999998], [121.56939729999999, 25.049144899999995], [121.5690695, 25.049144099999996], [121.56910510000002, 25.049202], [121.5691202, 25.0492271], [121.5692013, 25.0493749]]]}}, {"type": "Feature", "properties": {"id": 675, "area_m2": 174.24, "basis": "OSM surface road enclosed block"}, "geometry": {"type": "Polygon", "coordinates": [[[121.5695562, 25.049437299999997], [121.5692013, 25.0493749], [121.5695866, 25.049530500000003], [121.5695562, 25.049437299999997]]]}}, {"type": "Feature", "properties": {"id": 676, "area_m2": 6209.92, "basis": "OSM surface road enclosed block"}, "geometry": {"type": "Polygon", "coordinates": [[[121.5705693, 25.052711100000003], [121.5707361, 25.051997], [121.570791, 25.051841499999995], [121.5708838, 25.0516717], [121.57095600000001, 25.0515292], [121.5710452, 25.051427199999996], [121.5709675, 25.0513693], [121.5708852, 25.0512499], [121.5708486, 25.0511762], [121.5708141, 25.0510851], [121.5704995, 25.0513312], [121.57047509999998, 25.0515239], [121.57046120000001, 25.0515934], [121.5702991, 25.052665400000002], [121.5702961, 25.052681899999996], [121.5703314, 25.052686400000002], [121.5705693, 25.052711100000003]]]}}, {"type": "Feature", "properties": {"id": 677, "area_m2": 5015.32, "basis": "OSM surface road enclosed block"}, "geometry": {"type": "Polygon", "coordinates": [[[121.5708141, 25.0510851], [121.5708486, 25.0511762], [121.5708852, 25.0512499], [121.5709675, 25.0513693], [121.5710452, 25.051427199999996], [121.57107440000001, 25.051394399999996], [121.5711813, 25.0512811], [121.5714244, 25.051100500000004], [121.571719, 25.050940100000002], [121.5721003, 25.0508758], [121.57209450000002, 25.050822099999994], [121.5718527, 25.050686], [121.57170330000001, 25.050492000000002], [121.57089050000002, 25.051023200000003], [121.5708141, 25.0510851]]]}}, {"type": "Feature", "properties": {"id": 678, "area_m2": 8199.75, "basis": "OSM surface road enclosed block"}, "geometry": {"type": "Polygon", "coordinates": [[[121.57770809999998, 25.050944000000005], [121.57758970000002, 25.050928200000005], [121.57757320000002, 25.050926000000004], [121.5775585, 25.0509245], [121.576763, 25.0507948], [121.5766346, 25.051390199999997], [121.5766983, 25.051402999999997], [121.5768996, 25.051445400000002], [121.5774152, 25.051564399999997], [121.5777492, 25.05164149999999], [121.57787599999999, 25.0510969], [121.5778938, 25.051011799999994], [121.5777949, 25.0509783], [121.57770809999998, 25.050944000000005]]]}}, {"type": "Feature", "properties": {"id": 679, "area_m2": 3724.24, "basis": "OSM surface road enclosed block"}, "geometry": {"type": "Polygon", "coordinates": [[[121.576763, 25.0507948], [121.5775585, 25.0509245], [121.57757320000002, 25.050926000000004], [121.57758970000002, 25.050928200000005], [121.57770809999998, 25.050944000000005], [121.5776613, 25.050892099999995], [121.5776424, 25.050814699999997], [121.5776439, 25.050757999999995], [121.5776565, 25.050674799999996], [121.57767349999999, 25.050569], [121.57679949999999, 25.050424999999997], [121.57673860000001, 25.050790799999994], [121.576763, 25.0507948]]]}}, {"type": "Feature", "properties": {"id": 680, "area_m2": 21968.01, "basis": "OSM surface road enclosed block"}, "geometry": {"type": "Polygon", "coordinates": [[[121.576763, 25.0507948], [121.57673860000001, 25.050790799999994], [121.57597510000001, 25.050621], [121.57590400000001, 25.050607], [121.57573920000002, 25.050574999999995], [121.57495790000002, 25.0504504], [121.57458150000001, 25.0503935], [121.5744652, 25.050389799999998], [121.57433900000001, 25.050397099999998], [121.5742726, 25.0504178], [121.57403189999998, 25.050446699999995], [121.57372760000001, 25.050435699999998], [121.57364360000001, 25.050423699999996], [121.5730749, 25.050304599999993], [121.573007, 25.050283099999998], [121.57288539999999, 25.050784], [121.5730427, 25.050775399999996], [121.57327279999998, 25.0507711], [121.5736759, 25.050780500000002], [121.5740352, 25.0508282], [121.57420109999998, 25.050857299999993], [121.5743263, 25.050881699999998], [121.57655770000001, 25.0513728], [121.5766346, 25.051390199999997], [121.576763, 25.0507948]]]}}, {"type": "Feature", "properties": {"id": 681, "area_m2": 6030.45, "basis": "OSM surface road enclosed block"}, "geometry": {"type": "Polygon", "coordinates": [[[121.57590400000001, 25.050607], [121.57597510000001, 25.050621], [121.57673860000001, 25.050790799999994], [121.57679949999999, 25.050424999999997], [121.57682439999999, 25.0501636], [121.576833, 25.050079299999997], [121.57635250000001, 25.050069199999996], [121.5760572, 25.0500593], [121.57599099999999, 25.050071], [121.57597569999999, 25.0501514], [121.57592650000001, 25.0504807], [121.57590400000001, 25.050607]]]}}, {"type": "Feature", "properties": {"id": 682, "area_m2": 13957.94, "basis": "OSM surface road enclosed block"}, "geometry": {"type": "Polygon", "coordinates": [[[121.573007, 25.050283099999998], [121.5730749, 25.050304599999993], [121.57364360000001, 25.050423699999996], [121.57372760000001, 25.050435699999998], [121.57403189999998, 25.050446699999995], [121.5742726, 25.0504178], [121.57433900000001, 25.050397099999998], [121.5744652, 25.050389799999998], [121.57458150000001, 25.0503935], [121.57495790000002, 25.0504504], [121.57573920000002, 25.050574999999995], [121.57590400000001, 25.050607], [121.57592650000001, 25.0504807], [121.57597569999999, 25.0501514], [121.57599099999999, 25.050071], [121.5759196, 25.050084499999997], [121.57452059999999, 25.050046299999995], [121.5742182, 25.050044599999996], [121.57379780000001, 25.050039299999998], [121.57254339999999, 25.0500217], [121.5723518, 25.050046599999998], [121.572452, 25.050084899999998], [121.5725419, 25.0501292], [121.573007, 25.050283099999998]]]}}, {"type": "Feature", "properties": {"id": 683, "area_m2": 7794.57, "basis": "OSM surface road enclosed block"}, "geometry": {"type": "Polygon", "coordinates": [[[121.573007, 25.050283099999998], [121.5725419, 25.0501292], [121.572452, 25.050084899999998], [121.5723518, 25.050046599999998], [121.57225960000001, 25.050104599999994], [121.5720753, 25.0502479], [121.57173480000002, 25.050471399999992], [121.57170330000001, 25.050492000000002], [121.5718527, 25.050686], [121.57209450000002, 25.050822099999994], [121.5721003, 25.0508758], [121.5721802, 25.0508635], [121.57245339999999, 25.0508215], [121.57288539999999, 25.050784], [121.573007, 25.050283099999998]]]}}, {"type": "Feature", "properties": {"id": 684, "area_m2": 9801.41, "basis": "OSM surface road enclosed block"}, "geometry": {"type": "Polygon", "coordinates": [[[121.5760272, 25.0494078], [121.5760319, 25.049477299999992], [121.5759788, 25.0499736], [121.57606140000001, 25.049975599999996], [121.57691439999999, 25.049990999999995], [121.57713970000002, 25.049995099999993], [121.5775984, 25.050001300000005], [121.5777142, 25.050004799999996], [121.5777145, 25.0499049], [121.57771609999999, 25.049589599999994], [121.5777154, 25.0495196], [121.5775796, 25.049522000000003], [121.5772911, 25.0495129], [121.5765938, 25.0494589], [121.57613820000002, 25.049419099999998], [121.5760272, 25.0494078]]]}}, {"type": "Feature", "properties": {"id": 685, "area_m2": 5196.23, "basis": "OSM surface road enclosed block"}, "geometry": {"type": "Polygon", "coordinates": [[[121.5759788, 25.0499736], [121.5760319, 25.049477299999992], [121.5760272, 25.0494078], [121.5759459, 25.0494118], [121.5751855, 25.049434899999994], [121.57514542831605, 25.0494362312879], [121.57515389999999, 25.049954200000002], [121.5759255, 25.0499727], [121.5759788, 25.0499736]]]}}, {"type": "Feature", "properties": {"id": 686, "area_m2": 5873.41, "basis": "OSM surface road enclosed block"}, "geometry": {"type": "Polygon", "coordinates": [[[121.5740893, 25.0499251], [121.5742227, 25.0499342], [121.57515389999999, 25.049954200000002], [121.57514542831605, 25.0494362312879], [121.5751253, 25.0494369], [121.5740799, 25.049461499999996], [121.5740893, 25.0499251]]]}}, {"type": "Feature", "properties": {"id": 687, "area_m2": 2288.39, "basis": "OSM surface road enclosed block"}, "geometry": {"type": "Polygon", "coordinates": [[[121.57026830000001, 25.0513826], [121.5702175, 25.051156699999996], [121.5700617, 25.051162599999994], [121.56976930000002, 25.0511677], [121.5696531, 25.0511573], [121.5694715, 25.051161000000008], [121.5694314, 25.0511618], [121.5694301, 25.051427299999993], [121.5694755, 25.051426300000003], [121.56951840000002, 25.0514254], [121.5696482, 25.0514226], [121.57003309999999, 25.0514097], [121.57006210000002, 25.051408199999997], [121.57026830000001, 25.0513826]]]}}, {"type": "Feature", "properties": {"id": 688, "area_m2": 8209.18, "basis": "OSM surface road enclosed block"}, "geometry": {"type": "Polygon", "coordinates": [[[121.57064909999998, 25.049823], [121.57077350000002, 25.0498341], [121.5708084, 25.0498351], [121.5708545, 25.049836499999998], [121.5710808, 25.049843099999993], [121.5711292, 25.0498451], [121.5711967, 25.049847799999995], [121.57120439999998, 25.0497821], [121.571209, 25.0497436], [121.57122030000001, 25.049555699999996], [121.5712444, 25.049515599999996], [121.57129289999999, 25.049492899999997], [121.5714159, 25.0494934], [121.57150059999998, 25.049493199999997], [121.5717737, 25.049473399999993], [121.57145639999999, 25.0494655], [121.5708225, 25.0494035], [121.5705636, 25.049353199999995], [121.5703492, 25.049299299999998], [121.57018520000001, 25.0492653], [121.5696237, 25.049168099999996], [121.56958099999999, 25.049160700000005], [121.5695445, 25.049159299999992], [121.56939729999999, 25.049144899999995], [121.5694584, 25.049243999999998], [121.5695037, 25.049327299999998], [121.56952300000002, 25.049362699999996], [121.5695562, 25.049437299999997], [121.5695866, 25.049530500000003], [121.569885, 25.049594900000002], [121.5699564, 25.0496252], [121.57000969999999, 25.0496429], [121.5703066, 25.0497512], [121.5704733, 25.0497907], [121.5705325, 25.049804700000003], [121.5705931, 25.049813999999998], [121.57064909999998, 25.049823]]]}}, {"type": "Feature", "properties": {"id": 689, "area_m2": 5589.96, "basis": "OSM surface road enclosed block"}, "geometry": {"type": "Polygon", "coordinates": [[[121.57064909999998, 25.049823], [121.5705931, 25.049813999999998], [121.5705325, 25.049804700000003], [121.5704733, 25.0497907], [121.5703066, 25.0497512], [121.57000969999999, 25.0496429], [121.5699564, 25.0496252], [121.569885, 25.049594900000002], [121.5695866, 25.049530500000003], [121.56967850000001, 25.049664200000002], [121.5697298, 25.049740599999993], [121.57026790000002, 25.050626099999995], [121.57032340000002, 25.0505868], [121.57034089999999, 25.050550300000005], [121.57051460000001, 25.050187799999993], [121.5705648, 25.0500955], [121.57061960000001, 25.049976299999997], [121.57062950000001, 25.049939799999994], [121.5706379, 25.0498939], [121.57064909999998, 25.049823]]]}}, {"type": "Feature", "properties": {"id": 690, "area_m2": 19289.28, "basis": "OSM surface road enclosed block"}, "geometry": {"type": "Polygon", "coordinates": [[[121.5702175, 25.051156699999996], [121.5701191, 25.050949999999997], [121.57011170000001, 25.0509344], [121.5698562, 25.0504251], [121.5693792, 25.0496475], [121.5693578, 25.049612599999996], [121.56933130000002, 25.0495694], [121.5692013, 25.0493749], [121.569059, 25.049515199999995], [121.5690428, 25.049556799999998], [121.56903159999999, 25.0495857], [121.5689079, 25.049903200000003], [121.568636, 25.050669499999994], [121.56847170000002, 25.051111799999997], [121.56845970000002, 25.0511457], [121.5684437, 25.0511872], [121.5685054, 25.0511856], [121.5693863, 25.051163000000006], [121.5694314, 25.0511618], [121.5694715, 25.051161000000008], [121.5696531, 25.0511573], [121.56976930000002, 25.0511677], [121.5700617, 25.051162599999994], [121.5702175, 25.051156699999996]]]}}, {"type": "Feature", "properties": {"id": 691, "area_m2": 3507.58, "basis": "OSM surface road enclosed block"}, "geometry": {"type": "Polygon", "coordinates": [[[121.5698562, 25.0504251], [121.57011170000001, 25.0509344], [121.5701191, 25.050949999999997], [121.5702175, 25.051156699999996], [121.57033670000001, 25.051151300000004], [121.5704718, 25.0511289], [121.5702945, 25.050894599999996], [121.5695304, 25.049628499999994], [121.5695866, 25.049530500000003], [121.5692013, 25.0493749], [121.56933130000002, 25.0495694], [121.5693578, 25.049612599999996], [121.5693792, 25.0496475], [121.5698562, 25.0504251]]]}}, {"type": "Feature", "properties": {"id": 692, "area_m2": 3052.25, "basis": "OSM surface road enclosed block"}, "geometry": {"type": "Polygon", "coordinates": [[[121.5694314, 25.0511618], [121.5693863, 25.051163000000006], [121.5685054, 25.0511856], [121.5684437, 25.0511872], [121.56843519999998, 25.051211099999996], [121.5683587, 25.051425100000007], [121.5683493, 25.051451500000002], [121.56848370000002, 25.051449000000005], [121.56850530000001, 25.051448499999996], [121.56853560000002, 25.051447800000002], [121.56854850000002, 25.051447500000002], [121.5693347, 25.0514296], [121.5694301, 25.051427299999993], [121.5694314, 25.0511618]]]}}, {"type": "Feature", "properties": {"id": 693, "area_m2": 2095.22, "basis": "OSM surface road enclosed block"}, "geometry": {"type": "Polygon", "coordinates": [[[121.57026790000002, 25.050626099999995], [121.5697298, 25.049740599999993], [121.56967850000001, 25.049664200000002], [121.5695866, 25.049530500000003], [121.5695304, 25.049628499999994], [121.5702945, 25.050894599999996], [121.5704718, 25.0511289], [121.57042399999999, 25.050937099999995], [121.570401, 25.050860899999996], [121.57026790000002, 25.050626099999995]]]}}, {"type": "Feature", "properties": {"id": 694, "area_m2": 7515.64, "basis": "OSM surface road enclosed block"}, "geometry": {"type": "Polygon", "coordinates": [[[121.56812010000002, 25.0506713], [121.56725030000001, 25.0507163], [121.5672607, 25.051153], [121.5672616, 25.0511907], [121.5672643, 25.0512718], [121.56736260000001, 25.051270299999995], [121.56753269999999, 25.051213500000003], [121.5682795, 25.0511907], [121.56830160000001, 25.051190099999992], [121.5683444, 25.0511891], [121.5684437, 25.0511872], [121.56845970000002, 25.0511457], [121.56847170000002, 25.051111799999997], [121.568636, 25.050669499999994], [121.56812010000002, 25.0506713]]]}}, {"type": "Feature", "properties": {"id": 695, "area_m2": 4548.08, "basis": "OSM surface road enclosed block"}, "geometry": {"type": "Polygon", "coordinates": [[[121.57026830000001, 25.0513826], [121.57006210000002, 25.051408199999997], [121.57003309999999, 25.0514097], [121.5696482, 25.0514226], [121.56951840000002, 25.0514254], [121.5694755, 25.051426300000003], [121.5694301, 25.051427299999993], [121.5693347, 25.0514296], [121.5693353, 25.0514568], [121.5693344, 25.051879699999997], [121.5700612, 25.051875199999994], [121.5701118, 25.0518775], [121.5701718, 25.051880499999992], [121.5702114, 25.05164849999999], [121.57023340000002, 25.0515444], [121.57026830000001, 25.0513826]]]}}, {"type": "Feature", "properties": {"id": 696, "area_m2": 4097.21, "basis": "OSM surface road enclosed block"}, "geometry": {"type": "Polygon", "coordinates": [[[121.5777538, 25.0501095], [121.5775948, 25.050093300000004], [121.5772965, 25.050088999999996], [121.576833, 25.050079299999997], [121.57682439999999, 25.0501636], [121.57679949999999, 25.050424999999997], [121.57767349999999, 25.050569], [121.57771489999999, 25.050223800000005], [121.5777538, 25.0501095]]]}}, {"type": "Feature", "properties": {"id": 697, "area_m2": 1762.23, "basis": "OSM surface road enclosed block"}, "geometry": {"type": "Polygon", "coordinates": [[[121.576833, 25.050079299999997], [121.5772965, 25.050088999999996], [121.5775948, 25.050093300000004], [121.5777538, 25.0501095], [121.5777142, 25.050004799999996], [121.5775984, 25.050001300000005], [121.57713970000002, 25.049995099999993], [121.57691439999999, 25.049990999999995], [121.57606140000001, 25.049975599999996], [121.5759788, 25.0499736], [121.57599099999999, 25.050071], [121.5760572, 25.0500593], [121.57635250000001, 25.050069199999996], [121.576833, 25.050079299999997]]]}}, {"type": "Feature", "properties": {"id": 698, "area_m2": 4397.83, "basis": "OSM surface road enclosed block"}, "geometry": {"type": "Polygon", "coordinates": [[[121.57658769999999, 25.0490778], [121.5771015, 25.0489392], [121.57730200000002, 25.0489329], [121.5775942, 25.048923599999995], [121.57771129999999, 25.0489213], [121.57771580000001, 25.0488132], [121.57771910000001, 25.048638699999998], [121.5775788, 25.048639099999995], [121.5772428, 25.048635400000002], [121.5764817, 25.048640899999995], [121.57657500000002, 25.0490337], [121.57658769999999, 25.0490778]]]}}, {"type": "Feature", "properties": {"id": 699, "area_m2": 5509.34, "basis": "OSM surface road enclosed block"}, "geometry": {"type": "Polygon", "coordinates": [[[121.5722405, 25.0494746], [121.57223679999998, 25.049425400000004], [121.5722364, 25.0494169], [121.5722315, 25.049274799999996], [121.57223100000002, 25.0492604], [121.57222710000002, 25.049220800000004], [121.57213060000001, 25.049221599999996], [121.57165569999998, 25.049225900000003], [121.5712313, 25.049223899999998], [121.57052470000002, 25.049211200000002], [121.5704923, 25.0492082], [121.57043689999999, 25.049200699999997], [121.56990439999998, 25.049116599999998], [121.5694917, 25.049068699999996], [121.56933640000001, 25.049041299999992], [121.56939729999999, 25.049144899999995], [121.5695445, 25.049159299999992], [121.56958099999999, 25.049160700000005], [121.5696237, 25.049168099999996], [121.57018520000001, 25.0492653], [121.5703492, 25.049299299999998], [121.5705636, 25.049353199999995], [121.5708225, 25.0494035], [121.57145639999999, 25.0494655], [121.5717737, 25.049473399999993], [121.5720894, 25.049479499999997], [121.5722405, 25.0494746]]]}}, {"type": "Feature", "properties": {"id": 700, "area_m2": 620.79, "basis": "OSM surface road enclosed block"}, "geometry": {"type": "Polygon", "coordinates": [[[121.5777142, 25.050004799999996], [121.5778224, 25.050006600000003], [121.5778246, 25.049903700000005], [121.57783499999998, 25.049591199999995], [121.5778283, 25.0495141], [121.5777154, 25.0495196], [121.57771609999999, 25.049589599999994], [121.5777145, 25.0499049], [121.5777142, 25.050004799999996]]]}}, {"type": "Feature", "properties": {"id": 701, "area_m2": 62.91, "basis": "OSM surface road enclosed block"}, "geometry": {"type": "Polygon", "coordinates": [[[121.5778224, 25.050006600000003], [121.5777142, 25.050004799999996], [121.5777538, 25.0501095], [121.5778224, 25.050006600000003]]]}}, {"type": "Feature", "properties": {"id": 702, "area_m2": 5366.47, "basis": "OSM surface road enclosed block"}, "geometry": {"type": "Polygon", "coordinates": [[[121.58002239999999, 25.048450800000005], [121.5799393, 25.048414300000005], [121.57983909999999, 25.048372999999998], [121.57953870000001, 25.048266099999996], [121.57929360000001, 25.0481895], [121.579235, 25.048172199999993], [121.5792346, 25.04825039999999], [121.57923189999998, 25.0488087], [121.57923149999999, 25.048913699999996], [121.57931240000002, 25.048913299999995], [121.5798908, 25.048914600000003], [121.580009, 25.048914899999993], [121.5800118, 25.0488176], [121.58002029999999, 25.048525099999996], [121.58002239999999, 25.048450800000005]]]}}, {"type": "Feature", "properties": {"id": 703, "area_m2": 1142.72, "basis": "OSM surface road enclosed block"}, "geometry": {"type": "Polygon", "coordinates": [[[121.579235, 25.048172199999993], [121.57929360000001, 25.0481895], [121.57953870000001, 25.048266099999996], [121.57983909999999, 25.048372999999998], [121.5799393, 25.048414300000005], [121.58002239999999, 25.048450800000005], [121.5800552, 25.048334399999998], [121.5799644, 25.0482923], [121.5798713, 25.048256399999996], [121.5795809, 25.04815109999999], [121.57949580000002, 25.048120300000004], [121.5792962, 25.048076199999993], [121.5792326, 25.0480625], [121.579235, 25.048172199999993]]]}}, {"type": "Feature", "properties": {"id": 704, "area_m2": 12570.16, "basis": "OSM surface road enclosed block"}, "geometry": {"type": "Polygon", "coordinates": [[[121.579235, 25.048172199999993], [121.5791705, 25.048163], [121.5790006, 25.048146599999995], [121.5787663, 25.0481203], [121.57850760000001, 25.0481043], [121.57812599999998, 25.0480808], [121.5779538, 25.048072899999998], [121.5778434, 25.048067499999995], [121.57784480000001, 25.048092099999998], [121.5778468, 25.048175699999998], [121.57783280000001, 25.0488131], [121.57783040000001, 25.0489207], [121.5779374, 25.048920199999998], [121.57833290000002, 25.048918199999996], [121.57857980000001, 25.048917], [121.579169, 25.0489141], [121.57923149999999, 25.048913699999996], [121.57923189999998, 25.0488087], [121.5792346, 25.04825039999999], [121.579235, 25.048172199999993]]]}}, {"type": "Feature", "properties": {"id": 705, "area_m2": 1700.82, "basis": "OSM surface road enclosed block"}, "geometry": {"type": "Polygon", "coordinates": [[[121.5778434, 25.048067499999995], [121.5779538, 25.048072899999998], [121.57812599999998, 25.0480808], [121.57850760000001, 25.0481043], [121.5787663, 25.0481203], [121.5790006, 25.048146599999995], [121.5791705, 25.048163], [121.579235, 25.048172199999993], [121.5792326, 25.0480625], [121.57917620000002, 25.0480531], [121.57902369999998, 25.048032800000005], [121.5783478, 25.047984200000002], [121.57809170000002, 25.047973099999997], [121.5779469, 25.047964], [121.5778474, 25.047959099999996], [121.577839, 25.047958799999996], [121.5778389, 25.047968799999992], [121.5778434, 25.048067499999995]]]}}, {"type": "Feature", "properties": {"id": 706, "area_m2": 3964.28, "basis": "OSM surface road enclosed block"}, "geometry": {"type": "Polygon", "coordinates": [[[121.57685830000001, 25.0472364], [121.57684640000001, 25.047321000000004], [121.5773312, 25.04733299999999], [121.57733770000002, 25.046492699999998], [121.57697629999998, 25.046494499999998], [121.5769109, 25.0468863], [121.57685830000001, 25.0472364]]]}}, {"type": "Feature", "properties": {"id": 707, "area_m2": 749.36, "basis": "OSM surface road enclosed block"}, "geometry": {"type": "Polygon", "coordinates": [[[121.57771129999999, 25.0489213], [121.57770910000002, 25.0489905], [121.57771630000002, 25.0494431], [121.5777154, 25.0495196], [121.5778283, 25.0495141], [121.5778207, 25.049442500000005], [121.57782880000002, 25.048992999999996], [121.57783040000001, 25.0489207], [121.57771129999999, 25.0489213]]]}}, {"type": "Feature", "properties": {"id": 708, "area_m2": 1088.67, "basis": "OSM surface road enclosed block"}, "geometry": {"type": "Polygon", "coordinates": [[[121.57771910000001, 25.048638699999998], [121.57771580000001, 25.0488132], [121.57771129999999, 25.0489213], [121.57783040000001, 25.0489207], [121.57783280000001, 25.0488131], [121.5778468, 25.048175699999998], [121.57784480000001, 25.048092099999998], [121.5778434, 25.048067499999995], [121.57782170000002, 25.0480676], [121.577749, 25.048067400000004], [121.5777409, 25.048068099999995], [121.57773890000001, 25.048078499999995], [121.577737, 25.048177000000003], [121.57771910000001, 25.048638699999998]]]}}, {"type": "Feature", "properties": {"id": 709, "area_m2": 4177.58, "basis": "OSM surface road enclosed block"}, "geometry": {"type": "Polygon", "coordinates": [[[121.58277219999998, 25.045248799999996], [121.5826837, 25.045357199999998], [121.58272920000002, 25.045409899999996], [121.58318880000002, 25.046047699999995], [121.5832634, 25.0461474], [121.5833327, 25.0462401], [121.5835467, 25.0465262], [121.5836942, 25.046713300000004], [121.5839483, 25.047031699999998], [121.58423800000001, 25.047371899999998], [121.5844506, 25.0476039], [121.5845943, 25.047713200000004], [121.58493760000002, 25.047997799999994], [121.58502059999998, 25.0480607], [121.58511050000001, 25.047981800000002], [121.584997, 25.0479031], [121.58463700000001, 25.047653699999998], [121.58448680000001, 25.047521299999996], [121.5844291, 25.047457499999997], [121.5843165, 25.047332999999984], [121.58407509999999, 25.047032899999994], [121.5836988, 25.046556899999995], [121.583658, 25.046494599999996], [121.5835065, 25.046268799999993], [121.5833525, 25.0460853], [121.5833053, 25.046022], [121.58284070000002, 25.045346], [121.58277219999998, 25.045248799999996]]]}}, {"type": "Feature", "properties": {"id": 710, "area_m2": 3865.05, "basis": "OSM surface road enclosed block"}, "geometry": {"type": "Polygon", "coordinates": [[[121.5773312, 25.04733299999999], [121.5776599, 25.047328499999995], [121.57775080000002, 25.0473273], [121.5777501, 25.0471761], [121.5777481, 25.046673799999997], [121.57774600000002, 25.0466453], [121.57774610000001, 25.046498199999995], [121.57766720000001, 25.0464971], [121.57733770000002, 25.046492699999998], [121.5773312, 25.04733299999999]]]}}, {"type": "Feature", "properties": {"id": 711, "area_m2": 1379.39, "basis": "OSM surface road enclosed block"}, "geometry": {"type": "Polygon", "coordinates": [[[121.57775080000002, 25.0473273], [121.5776599, 25.047328499999995], [121.5773312, 25.04733299999999], [121.5773277, 25.0476101], [121.5776577, 25.047631599999992], [121.57775060000002, 25.047630200000004], [121.57775080000002, 25.0473273]]]}}, {"type": "Feature", "properties": {"id": 712, "area_m2": 879.98, "basis": "OSM surface road enclosed block"}, "geometry": {"type": "Polygon", "coordinates": [[[121.5795809, 25.04815109999999], [121.57997800000001, 25.0477992], [121.5795644, 25.0477919], [121.5795793, 25.0480273], [121.57949580000002, 25.048120300000004], [121.5795809, 25.04815109999999]]]}}, {"type": "Feature", "properties": {"id": 713, "area_m2": 3060.99, "basis": "OSM surface road enclosed block"}, "geometry": {"type": "Polygon", "coordinates": [[[121.57997800000001, 25.0477992], [121.5795809, 25.04815109999999], [121.5798713, 25.048256399999996], [121.5799644, 25.0482923], [121.5800552, 25.048334399999998], [121.5800789, 25.048256800000004], [121.5801215, 25.048117500000004], [121.58016979999998, 25.0479729], [121.58032630000001, 25.0477567], [121.58038119999999, 25.047680200000002], [121.5804363, 25.047617], [121.58034250000001, 25.047578299999998], [121.5800768, 25.047477900000004], [121.58007520000001, 25.047634299999995], [121.58002149999999, 25.047760699999998], [121.57997800000001, 25.0477992]]]}}, {"type": "Feature", "properties": {"id": 714, "area_m2": 3446.8, "basis": "OSM surface road enclosed block"}, "geometry": {"type": "Polygon", "coordinates": [[[121.57997800000001, 25.0477992], [121.58002149999999, 25.047760699999998], [121.58007520000001, 25.047634299999995], [121.5800768, 25.047477900000004], [121.57994799999999, 25.047398899999994], [121.5792377, 25.047432299999997], [121.5792323, 25.047786099999996], [121.5795644, 25.0477919], [121.57997800000001, 25.0477992]]]}}, {"type": "Feature", "properties": {"id": 715, "area_m2": 9253.77, "basis": "OSM surface road enclosed block"}, "geometry": {"type": "Polygon", "coordinates": [[[121.57994799999999, 25.047398899999994], [121.5800768, 25.047477900000004], [121.58034250000001, 25.047578299999998], [121.5804363, 25.047617], [121.58049160000002, 25.047554700000003], [121.580549, 25.0474573], [121.5805839, 25.0473676], [121.58059099999998, 25.0473363], [121.5805964, 25.0472783], [121.58059730000001, 25.046764999999997], [121.58059779999999, 25.046553], [121.58059899999999, 25.046487], [121.58051290000002, 25.0464966], [121.580045, 25.046521599999995], [121.5800234, 25.0465232], [121.57982730000002, 25.046567], [121.57971510000002, 25.046614300000005], [121.5796527, 25.046739399999996], [121.5796399, 25.0468012], [121.5796286, 25.0468804], [121.5796724, 25.0469861], [121.57971969999998, 25.047087500000004], [121.5797569, 25.047134999999997], [121.57979560000001, 25.047179599999996], [121.579868, 25.04726919999999], [121.57994799999999, 25.047398899999994]]]}}, {"type": "Feature", "properties": {"id": 716, "area_m2": 4051.52, "basis": "OSM surface road enclosed block"}, "geometry": {"type": "Polygon", "coordinates": [[[121.57994799999999, 25.047398899999994], [121.579868, 25.04726919999999], [121.57979560000001, 25.047179599999996], [121.57834130000002, 25.0472155], [121.5783384, 25.047453999999995], [121.5792377, 25.047432299999997], [121.57994799999999, 25.047398899999994]]]}}, {"type": "Feature", "properties": {"id": 717, "area_m2": 3086.21, "basis": "OSM surface road enclosed block"}, "geometry": {"type": "Polygon", "coordinates": [[[121.57979560000001, 25.047179599999996], [121.5797569, 25.047134999999997], [121.57971969999998, 25.047087500000004], [121.5796724, 25.0469861], [121.57834370000002, 25.047012299999995], [121.57834130000002, 25.0472155], [121.57979560000001, 25.047179599999996]]]}}, {"type": "Feature", "properties": {"id": 718, "area_m2": 2749.92, "basis": "OSM surface road enclosed block"}, "geometry": {"type": "Polygon", "coordinates": [[[121.5796724, 25.0469861], [121.5796286, 25.0468804], [121.5796399, 25.0468012], [121.578346, 25.0468189], [121.57834370000002, 25.047012299999995], [121.5796724, 25.0469861]]]}}, {"type": "Feature", "properties": {"id": 719, "area_m2": 4552.44, "basis": "OSM surface road enclosed block"}, "geometry": {"type": "Polygon", "coordinates": [[[121.5778417, 25.047466], [121.57786799999998, 25.0474651], [121.5783384, 25.047453999999995], [121.57834130000002, 25.0472155], [121.57834370000002, 25.047012299999995], [121.578346, 25.0468189], [121.5783482, 25.046630299999997], [121.5778779, 25.046643999999997], [121.577851, 25.046645299999994], [121.5778521, 25.046677399999997], [121.577845, 25.0473401], [121.5778417, 25.047466]]]}}, {"type": "Feature", "properties": {"id": 720, "area_m2": 2899.74, "basis": "OSM surface road enclosed block"}, "geometry": {"type": "Polygon", "coordinates": [[[121.5783384, 25.047453999999995], [121.57786799999998, 25.0474651], [121.5778417, 25.047466], [121.57783760000001, 25.0478432], [121.577839, 25.047958799999996], [121.5778474, 25.047959099999996], [121.5779469, 25.047964], [121.57809170000002, 25.047973099999997], [121.5783478, 25.047984200000002], [121.5783494, 25.0477704], [121.5783384, 25.047453999999995]]]}}, {"type": "Feature", "properties": {"id": 721, "area_m2": 3337.63, "basis": "OSM surface road enclosed block"}, "geometry": {"type": "Polygon", "coordinates": [[[121.5792377, 25.047432299999997], [121.5783384, 25.047453999999995], [121.5783494, 25.0477704], [121.5792323, 25.047786099999996], [121.5792377, 25.047432299999997]]]}}, {"type": "Feature", "properties": {"id": 722, "area_m2": 1135.37, "basis": "OSM surface road enclosed block"}, "geometry": {"type": "Polygon", "coordinates": [[[121.5795644, 25.0477919], [121.5792323, 25.047786099999996], [121.5792326, 25.0480625], [121.5792962, 25.048076199999993], [121.57949580000002, 25.048120300000004], [121.5795793, 25.0480273], [121.5795644, 25.0477919]]]}}, {"type": "Feature", "properties": {"id": 723, "area_m2": 23898.83, "basis": "OSM surface road enclosed block"}, "geometry": {"type": "Polygon", "coordinates": [[[121.57988230000001, 25.051484499999997], [121.5798897, 25.051352699999995], [121.5798707, 25.051265199999996], [121.5798258, 25.051142300000006], [121.5797793, 25.0510474], [121.5797366, 25.05096], [121.57968750000002, 25.0508415], [121.5796518, 25.050759099999997], [121.5796125, 25.050686999999996], [121.5795851, 25.0506199], [121.5795511, 25.0505356], [121.5795125, 25.050445099999997], [121.57950300000002, 25.0504228], [121.57953540000001, 25.050341899999992], [121.57946859999998, 25.0503264], [121.5786418, 25.050134600000003], [121.57857260000002, 25.050126099999996], [121.57848209999999, 25.050115000000005], [121.57793549999998, 25.050127499999995], [121.5777538, 25.0501095], [121.57771489999999, 25.050223800000005], [121.57767349999999, 25.050569], [121.5776565, 25.050674799999996], [121.5776439, 25.050757999999995], [121.5776424, 25.050814699999997], [121.5776613, 25.050892099999995], [121.57770809999998, 25.050944000000005], [121.5777949, 25.0509783], [121.5778938, 25.051011799999994], [121.5779337, 25.051024300000005], [121.5781486, 25.051093499999997], [121.57859360000002, 25.051221299999998], [121.5788242, 25.051285500000002], [121.57916100000001, 25.0513895], [121.5793747, 25.051447700000008], [121.5794573, 25.051462199999996], [121.5796234, 25.051475999999997], [121.57983450000002, 25.051482499999995], [121.57988230000001, 25.051484499999997]]]}}, {"type": "Feature", "properties": {"id": 724, "area_m2": 4036.53, "basis": "OSM surface road enclosed block"}, "geometry": {"type": "Polygon", "coordinates": [[[121.57953540000001, 25.050341899999992], [121.57950300000002, 25.0504228], [121.5795125, 25.050445099999997], [121.5795511, 25.0505356], [121.5795851, 25.0506199], [121.5796125, 25.050686999999996], [121.5796518, 25.050759099999997], [121.57968750000002, 25.0508415], [121.5797366, 25.05096], [121.5797793, 25.0510474], [121.5798258, 25.051142300000006], [121.5798707, 25.051265199999996], [121.5798897, 25.051352699999995], [121.57988230000001, 25.051484499999997], [121.5799312, 25.051485799999995], [121.5801587, 25.051498199999994], [121.5801917, 25.0515006], [121.58019490000001, 25.051429799999998], [121.58018229999999, 25.0513407], [121.58016619999998, 25.0512192], [121.58015200000001, 25.0511334], [121.58012820000002, 25.051058400000002], [121.58008680000002, 25.050951299999998], [121.5800433, 25.050863499999995], [121.5799943, 25.050772699999996], [121.57994580000002, 25.0506821], [121.57989819999999, 25.050612400000002], [121.5798695, 25.0505522], [121.57985590000001, 25.0505236], [121.57979880000002, 25.050402999999996], [121.57953540000001, 25.050341899999992]]]}}, {"type": "Feature", "properties": {"id": 725, "area_m2": 9345.14, "basis": "OSM surface road enclosed block"}, "geometry": {"type": "Polygon", "coordinates": [[[121.58206200000001, 25.046877399999996], [121.58188310000001, 25.0467534], [121.5818538, 25.046729], [121.58084449999998, 25.046848900000004], [121.5807445, 25.046855099999995], [121.5807402, 25.046952799999996], [121.58074129999999, 25.047065], [121.5807397, 25.047140399999993], [121.58074129999999, 25.0472283], [121.5807291, 25.047359999999998], [121.58072170000001, 25.047423799999997], [121.58080660000002, 25.047449900000004], [121.5808687, 25.0474477], [121.581261, 25.0473676], [121.5813249, 25.047637799999997], [121.58138749999999, 25.0479915], [121.58155850000001, 25.048015200000002], [121.58162939999998, 25.047589800000004], [121.5816644, 25.047337899999995], [121.58171730000001, 25.047197099999998], [121.5818575, 25.047031799999992], [121.58206200000001, 25.046877399999996]]]}}, {"type": "Feature", "properties": {"id": 726, "area_m2": 2364.56, "basis": "OSM surface road enclosed block"}, "geometry": {"type": "Polygon", "coordinates": [[[121.5783494, 25.0477704], [121.5783478, 25.047984200000002], [121.57902369999998, 25.048032800000005], [121.57917620000002, 25.0480531], [121.5792326, 25.0480625], [121.5792323, 25.047786099999996], [121.5783494, 25.0477704]]]}}, {"type": "Feature", "properties": {"id": 727, "area_m2": 7797.26, "basis": "OSM surface road enclosed block"}, "geometry": {"type": "Polygon", "coordinates": [[[121.5814384, 25.0515893], [121.5814225, 25.051646799999993], [121.5812544, 25.052243999999998], [121.58124010000002, 25.0522948], [121.5812931, 25.0523073], [121.58160079999999, 25.052379899999995], [121.58166770000001, 25.052227], [121.58173739999998, 25.0521043], [121.58186609999998, 25.051988899999994], [121.5820056, 25.0519306], [121.58210330000001, 25.051917999999997], [121.5828577, 25.051989299999995], [121.58296710000002, 25.051910200000002], [121.5831052, 25.051876199999995], [121.5833373, 25.051866699999998], [121.58271150000002, 25.0515929], [121.58249150000002, 25.051710399999994], [121.58225330000002, 25.051690399999995], [121.58214680000002, 25.051653], [121.5820996, 25.051636400000003], [121.58153240000001, 25.051596099999998], [121.581502, 25.051593899999997], [121.5814384, 25.0515893]]]}}, {"type": "Feature", "properties": {"id": 728, "area_m2": 3301.71, "basis": "OSM surface road enclosed block"}, "geometry": {"type": "Polygon", "coordinates": [[[121.5798706, 25.052117299999995], [121.5798813, 25.051998000000005], [121.5796868, 25.0518507], [121.57946550000001, 25.0516548], [121.5793473, 25.051531000000004], [121.5793747, 25.051447700000008], [121.57916100000001, 25.0513895], [121.57913840000002, 25.051454399999994], [121.57902750000001, 25.051929599999998], [121.5798706, 25.052117299999995]]]}}, {"type": "Feature", "properties": {"id": 729, "area_m2": 1833.04, "basis": "OSM surface road enclosed block"}, "geometry": {"type": "Polygon", "coordinates": [[[121.5798813, 25.051998000000005], [121.57988230000001, 25.051484499999997], [121.57983450000002, 25.051482499999995], [121.5796234, 25.051475999999997], [121.5794573, 25.051462199999996], [121.5793747, 25.051447700000008], [121.5793473, 25.051531000000004], [121.57946550000001, 25.0516548], [121.5796868, 25.0518507], [121.5798813, 25.051998000000005]]]}}, {"type": "Feature", "properties": {"id": 730, "area_m2": 3511.31, "basis": "OSM surface road enclosed block"}, "geometry": {"type": "Polygon", "coordinates": [[[121.5814384, 25.0515893], [121.581502, 25.051593899999997], [121.58153240000001, 25.051596099999998], [121.5820996, 25.051636400000003], [121.5822514, 25.051589500000002], [121.58271150000002, 25.0515929], [121.58241230000002, 25.051469799999996], [121.5823321, 25.0514368], [121.58164400000001, 25.0511559], [121.58156680000002, 25.051124399999996], [121.58154080000001, 25.051226299999996], [121.5814701, 25.051472100000005], [121.5814384, 25.0515893]]]}}, {"type": "Feature", "properties": {"id": 731, "area_m2": 4879.57, "basis": "OSM surface road enclosed block"}, "geometry": {"type": "Polygon", "coordinates": [[[121.58316190000001, 25.0528747], [121.58324580000001, 25.0528988], [121.58327289999998, 25.052812599999992], [121.58344449999998, 25.0524724], [121.58383570000001, 25.052084900000004], [121.5833373, 25.051866699999998], [121.5831052, 25.051876199999995], [121.58296710000002, 25.051910200000002], [121.5828577, 25.051989299999995], [121.58300040000002, 25.052080899999996], [121.58310099999998, 25.052364], [121.58315199999998, 25.052545], [121.583159, 25.0527783], [121.58316190000001, 25.0528747]]]}}, {"type": "Feature", "properties": {"id": 732, "area_m2": 39496.56, "basis": "OSM surface road enclosed block"}, "geometry": {"type": "Polygon", "coordinates": [[[121.5922991, 25.054203299999994], [121.59231709999999, 25.05411369999999], [121.5923913, 25.053902799999996], [121.592493, 25.0535908], [121.5926163, 25.0531832], [121.59265820000002, 25.053043999999996], [121.59269689999999, 25.052935999999995], [121.5927256, 25.052870299999995], [121.5928215, 25.0527403], [121.5929678, 25.052578199999996], [121.59070600000001, 25.052172100000003], [121.59064230000001, 25.052161499999997], [121.5906391, 25.052229499999996], [121.59049949999999, 25.0527376], [121.5904142, 25.0529431], [121.5901819, 25.053396599999996], [121.5901738, 25.0534993], [121.59107670000002, 25.0538498], [121.59113230000001, 25.053865599999998], [121.59118749999999, 25.0538785], [121.5917616, 25.0540606], [121.5918596, 25.054086600000005], [121.5922203, 25.054182399999995], [121.5922991, 25.054203299999994]]]}}, {"type": "Feature", "properties": {"id": 733, "area_m2": 74277.67, "basis": "OSM surface road enclosed block"}, "geometry": {"type": "Polygon", "coordinates": [[[121.592493, 25.0535908], [121.5923913, 25.053902799999996], [121.59231709999999, 25.05411369999999], [121.5922991, 25.054203299999994], [121.5923898, 25.054227399999995], [121.59273620000002, 25.0543194], [121.593139, 25.0544263], [121.5932237, 25.0544488], [121.59331760000002, 25.0544613], [121.5936622, 25.0545071], [121.59388950000002, 25.054497599999998], [121.5941329, 25.0544986], [121.5943012, 25.0544302], [121.59429450000002, 25.0543525], [121.594328, 25.054288099999997], [121.5943787, 25.054223099999998], [121.5944646, 25.054177], [121.59459870000002, 25.054106400000002], [121.59482020000002, 25.054006799999996], [121.59498370000001, 25.05333439999999], [121.595007, 25.053238399999998], [121.5950303, 25.0531426], [121.59514470000002, 25.0526722], [121.5951701, 25.052566299999995], [121.59518050000001, 25.052524599999995], [121.59520780000001, 25.0524117], [121.5952245, 25.052342699999997], [121.5953725, 25.0517322], [121.59541270000001, 25.051573099999995], [121.5954318, 25.051492], [121.5953436, 25.0514754], [121.5938159, 25.051229800000005], [121.59372270000001, 25.051217699999995], [121.59370620000001, 25.05127059999999], [121.5936749, 25.051346799999997], [121.59341160000001, 25.052032300000004], [121.5933397, 25.0521746], [121.59312630000001, 25.0524258], [121.5930619, 25.052477500000002], [121.5929678, 25.052578199999996], [121.5928215, 25.0527403], [121.5927256, 25.052870299999995], [121.59269689999999, 25.052935999999995], [121.59265820000002, 25.053043999999996], [121.5926163, 25.0531832], [121.592493, 25.0535908]]]}}, {"type": "Feature", "properties": {"id": 734, "area_m2": 41835.64, "basis": "OSM surface road enclosed block"}, "geometry": {"type": "Polygon", "coordinates": [[[121.5929678, 25.052578199999996], [121.5930619, 25.052477500000002], [121.59312630000001, 25.0524258], [121.5933397, 25.0521746], [121.59341160000001, 25.052032300000004], [121.5936749, 25.051346799999997], [121.59370620000001, 25.05127059999999], [121.59372270000001, 25.051217699999995], [121.5936476, 25.051208599999992], [121.59215812337182, 25.051029202815094], [121.5921581, 25.0510292], [121.5910323, 25.0508104], [121.5909475152107, 25.050798328946364], [121.5909275, 25.050862599999995], [121.5908805, 25.051073900000002], [121.59083650000001, 25.051278899999993], [121.5906712, 25.052049299999993], [121.59064230000001, 25.052161499999997], [121.59070600000001, 25.052172100000003], [121.5929678, 25.052578199999996]]]}}, {"type": "Feature", "properties": {"id": 735, "area_m2": 3788.3, "basis": "OSM surface road enclosed block"}, "geometry": {"type": "Polygon", "coordinates": [[[121.59372270000001, 25.051217699999995], [121.59374160000002, 25.051155], [121.593674, 25.051142699999996], [121.58947220000002, 25.0505138], [121.58946530000001, 25.050573499999995], [121.59094380000002, 25.0507978], [121.5909475152107, 25.050798328946364], [121.5910323, 25.0508104], [121.5921581, 25.0510292], [121.59215812337182, 25.051029202815094], [121.5936476, 25.051208599999992], [121.59372270000001, 25.051217699999995]]]}}, {"type": "Feature", "properties": {"id": 736, "area_m2": 1206.18, "basis": "OSM surface road enclosed block"}, "geometry": {"type": "Polygon", "coordinates": [[[121.59374160000002, 25.051155], [121.59372270000001, 25.051217699999995], [121.5938159, 25.051229800000005], [121.5953436, 25.0514754], [121.5954318, 25.051492], [121.5954456, 25.051440799999998], [121.5953571, 25.051422200000005], [121.5946206, 25.051289600000004], [121.59383729999999, 25.05117299999999], [121.59374160000002, 25.051155]]]}}, {"type": "Feature", "properties": {"id": 737, "area_m2": 28750.67, "basis": "OSM surface road enclosed block"}, "geometry": {"type": "Polygon", "coordinates": [[[121.59374160000002, 25.051155], [121.5937609, 25.0511032], [121.59383190000001, 25.050909899999997], [121.59345090000001, 25.0508345], [121.5927904, 25.050686299999995], [121.59253289999998, 25.050628], [121.59262889999998, 25.050401899999997], [121.5911195, 25.0500286], [121.58967689999999, 25.0496729], [121.5895901, 25.0500096], [121.5895198, 25.0502825], [121.5894805, 25.0504436], [121.589481, 25.050461299999995], [121.58947220000002, 25.0505138], [121.593674, 25.051142699999996], [121.59374160000002, 25.051155]]]}}, {"type": "Feature", "properties": {"id": 738, "area_m2": 8959.6, "basis": "OSM surface road enclosed block"}, "geometry": {"type": "Polygon", "coordinates": [[[121.59383190000001, 25.050909899999997], [121.5937609, 25.0511032], [121.59374160000002, 25.051155], [121.59383729999999, 25.05117299999999], [121.5946206, 25.051289600000004], [121.5953571, 25.051422200000005], [121.5954456, 25.051440799999998], [121.5954638, 25.051363399999993], [121.5955911, 25.050939299999996], [121.5956226, 25.050817199999994], [121.5953109, 25.0507622], [121.5952599, 25.050749900000003], [121.59523339999998, 25.050842399999997], [121.5951798, 25.051006599999997], [121.5947366, 25.050899900000005], [121.5940226, 25.050734299999995], [121.59390929999999, 25.050712999999995], [121.59383190000001, 25.050909899999997]]]}}, {"type": "Feature", "properties": {"id": 739, "area_m2": 3390.8, "basis": "OSM surface road enclosed block"}, "geometry": {"type": "Polygon", "coordinates": [[[121.59383190000001, 25.050909899999997], [121.59390929999999, 25.050712999999995], [121.59262889999998, 25.050401899999997], [121.59253289999998, 25.050628], [121.5927904, 25.050686299999995], [121.59345090000001, 25.0508345], [121.59383190000001, 25.050909899999997]]]}}, {"type": "Feature", "properties": {"id": 740, "area_m2": 3949.26, "basis": "OSM surface road enclosed block"}, "geometry": {"type": "Polygon", "coordinates": [[[121.59390929999999, 25.050712999999995], [121.59396060000002, 25.0505571], [121.594001, 25.050462400000004], [121.59398580000001, 25.0504571], [121.5939293, 25.050439500000003], [121.5930286, 25.0502263], [121.59270569999998, 25.0501474], [121.59262889999998, 25.050401899999997], [121.59390929999999, 25.050712999999995]]]}}, {"type": "Feature", "properties": {"id": 741, "area_m2": 2413.41, "basis": "OSM surface road enclosed block"}, "geometry": {"type": "Polygon", "coordinates": [[[121.594001, 25.050462400000004], [121.59396060000002, 25.0505571], [121.59390929999999, 25.050712999999995], [121.5940226, 25.050734299999995], [121.5947366, 25.050899900000005], [121.59477009999999, 25.0507892], [121.5947888, 25.0507415], [121.59481659999999, 25.050643099999995], [121.59452520000002, 25.050595199999997], [121.59408990000001, 25.050487799999996], [121.5940369, 25.050467599999998], [121.594001, 25.050462400000004]]]}}, {"type": "Feature", "properties": {"id": 742, "area_m2": 2766.16, "basis": "OSM surface road enclosed block"}, "geometry": {"type": "Polygon", "coordinates": [[[121.594001, 25.050462400000004], [121.5940109, 25.0504415], [121.5940262, 25.0504104], [121.5940403, 25.0503848], [121.59402009999998, 25.0503777], [121.593952, 25.050365899999992], [121.5935744, 25.0502802], [121.59330720000001, 25.0501991], [121.59311790000001, 25.050149299999998], [121.59256829999998, 25.050027799999995], [121.5925135, 25.050016100000004], [121.5916197, 25.0498095], [121.59145789999998, 25.0497703], [121.5913023, 25.0497328], [121.5913083, 25.049843500000005], [121.5914295, 25.0498712], [121.5922383, 25.0500409], [121.59254369999998, 25.050109599999995], [121.59270569999998, 25.0501474], [121.5930286, 25.0502263], [121.5939293, 25.050439500000003], [121.59398580000001, 25.0504571], [121.594001, 25.050462400000004]]]}}, {"type": "Feature", "properties": {"id": 743, "area_m2": 1544.68, "basis": "OSM surface road enclosed block"}, "geometry": {"type": "Polygon", "coordinates": [[[121.5940403, 25.0503848], [121.5940262, 25.0504104], [121.5940109, 25.0504415], [121.594001, 25.050462400000004], [121.5940369, 25.050467599999998], [121.59408990000001, 25.050487799999996], [121.59452520000002, 25.050595199999997], [121.59481659999999, 25.050643099999995], [121.5952599, 25.050749900000003], [121.5953109, 25.0507622], [121.5956226, 25.050817199999994], [121.59562750000002, 25.050722699999998], [121.5953207, 25.050676200000005], [121.5952377, 25.0506646], [121.5944433, 25.050484], [121.5943346, 25.0504602], [121.5941163, 25.05039439999999], [121.59407220000001, 25.050386700000004], [121.5940403, 25.0503848]]]}}, {"type": "Feature", "properties": {"id": 744, "area_m2": 2721.65, "basis": "OSM surface road enclosed block"}, "geometry": {"type": "Polygon", "coordinates": [[[121.5940403, 25.0503848], [121.59407079999998, 25.050278699999996], [121.59414180000002, 25.050076899999997], [121.5933882, 25.0499071], [121.59330720000001, 25.0501991], [121.5935744, 25.0502802], [121.593952, 25.050365899999992], [121.59402009999998, 25.0503777], [121.5940403, 25.0503848]]]}}, {"type": "Feature", "properties": {"id": 745, "area_m2": 3981.35, "basis": "OSM surface road enclosed block"}, "geometry": {"type": "Polygon", "coordinates": [[[121.59414180000002, 25.050076899999997], [121.59407079999998, 25.050278699999996], [121.5940403, 25.0503848], [121.59407220000001, 25.050386700000004], [121.5941163, 25.05039439999999], [121.5943346, 25.0504602], [121.5944433, 25.050484], [121.59445470000001, 25.050445299999996], [121.59454960000001, 25.0501221], [121.59476820000002, 25.049983000000005], [121.5945173, 25.049609499999992], [121.5944612, 25.049502299999997], [121.5943972, 25.049561899999997], [121.59435400000001, 25.0496191], [121.5942755, 25.049747399999998], [121.59423759999999, 25.0498282], [121.59414180000002, 25.050076899999997]]]}}, {"type": "Feature", "properties": {"id": 746, "area_m2": 2262.14, "basis": "OSM surface road enclosed block"}, "geometry": {"type": "Polygon", "coordinates": [[[121.59414180000002, 25.050076899999997], [121.59423759999999, 25.0498282], [121.5936809, 25.049710799999993], [121.5934617, 25.0496615], [121.5933882, 25.0499071], [121.59414180000002, 25.050076899999997]]]}}, {"type": "Feature", "properties": {"id": 747, "area_m2": 5058.84, "basis": "OSM surface road enclosed block"}, "geometry": {"type": "Polygon", "coordinates": [[[121.59423759999999, 25.0498282], [121.5942755, 25.049747399999998], [121.59435400000001, 25.0496191], [121.5943972, 25.049561899999997], [121.5944612, 25.049502299999997], [121.59441999999999, 25.0494355], [121.59430389999999, 25.049164200000003], [121.594202, 25.048966499999995], [121.5941342, 25.0489895], [121.59392640000002, 25.049059799999995], [121.59373809999998, 25.049132299999993], [121.59369090000001, 25.049216499999996], [121.5937787, 25.0493556], [121.59374670000001, 25.049493300000005], [121.5936809, 25.049710799999993], [121.59423759999999, 25.0498282]]]}}, {"type": "Feature", "properties": {"id": 748, "area_m2": 5858.34, "basis": "OSM surface road enclosed block"}, "geometry": {"type": "Polygon", "coordinates": [[[121.594202, 25.048966499999995], [121.5941179, 25.048770799999993], [121.59412080000001, 25.0486636], [121.59404640000001, 25.048597200000003], [121.59391460000002, 25.048496699999998], [121.5934652, 25.048195599999996], [121.5932842, 25.0484432], [121.59312839999998, 25.048646799999997], [121.59332040000001, 25.048732499999996], [121.5934619, 25.048834], [121.5935638, 25.048968000000002], [121.5936389, 25.049074900000004], [121.59369090000001, 25.049216499999996], [121.59373809999998, 25.049132299999993], [121.59392640000002, 25.049059799999995], [121.5941342, 25.0489895], [121.594202, 25.048966499999995]]]}}, {"type": "Feature", "properties": {"id": 749, "area_m2": 3862.0, "basis": "OSM surface road enclosed block"}, "geometry": {"type": "Polygon", "coordinates": [[[121.5947189, 25.054328100000003], [121.5948644, 25.0543311], [121.5949382, 25.054056599999996], [121.59504160000002, 25.0536172], [121.59514489999998, 25.053177799999997], [121.5952019, 25.0529358], [121.59525880000001, 25.052693799999997], [121.59528370000001, 25.0525885], [121.5955164, 25.0516014], [121.59553810000001, 25.051517600000004], [121.5954318, 25.051492], [121.59541270000001, 25.051573099999995], [121.5953725, 25.0517322], [121.5952245, 25.052342699999997], [121.59520780000001, 25.0524117], [121.59518050000001, 25.052524599999995], [121.5951701, 25.052566299999995], [121.59514470000002, 25.0526722], [121.5950303, 25.0531426], [121.595007, 25.053238399999998], [121.59498370000001, 25.05333439999999], [121.59482020000002, 25.054006799999996], [121.5947189, 25.054328100000003]]]}}, {"type": "Feature", "properties": {"id": 750, "area_m2": 109066.24, "basis": "OSM surface road enclosed block"}, "geometry": {"type": "Polygon", "coordinates": [[[121.5949382, 25.054056599999996], [121.59512800000002, 25.054222499999995], [121.59520180000001, 25.054290499999993], [121.5952661, 25.0543974], [121.5953709, 25.0544171], [121.59576499999999, 25.054413599999997], [121.59697610000002, 25.054245900000005], [121.59718110000001, 25.054183899999995], [121.5974423, 25.0541048], [121.59760500000002, 25.054055600000005], [121.5976615, 25.0540385], [121.5980933, 25.0539078], [121.5986771, 25.053731200000005], [121.5988952, 25.053665199999998], [121.59896080000001, 25.0536481], [121.5996386, 25.053471200000004], [121.5996915, 25.053457299999998], [121.59967480000002, 25.0533131], [121.599643, 25.0526482], [121.5996243, 25.0522575], [121.59962840000001, 25.0521763], [121.5995119, 25.0521588], [121.5987834, 25.0520491], [121.5983072, 25.051987799999992], [121.5982133, 25.051973399999998], [121.5981089, 25.051957299999998], [121.59779430000002, 25.051912799999993], [121.5957414, 25.051570799999997], [121.59553810000001, 25.051517600000004], [121.5955164, 25.0516014], [121.59528370000001, 25.0525885], [121.59525880000001, 25.052693799999997], [121.5952019, 25.0529358], [121.59514489999998, 25.053177799999997], [121.59504160000002, 25.0536172], [121.5949382, 25.054056599999996]]]}}, {"type": "Feature", "properties": {"id": 751, "area_m2": 69177.43, "basis": "OSM surface road enclosed block"}, "geometry": {"type": "Polygon", "coordinates": [[[121.5957393, 25.050830400000002], [121.5956925, 25.050959800000005], [121.5955691, 25.051380499999997], [121.59555070000002, 25.051461099999997], [121.5957551, 25.051503299999997], [121.5962203, 25.0515752], [121.59822540000002, 25.051882000000006], [121.598697, 25.0519542], [121.5995271, 25.052081199999996], [121.59964070000001, 25.052098599999997], [121.59976340000001, 25.052117399999997], [121.60188280000001, 25.0524417], [121.6032378, 25.052646099999997], [121.60338070000002, 25.052667699999997], [121.6033962, 25.052582699999995], [121.60349549999998, 25.052036600000005], [121.6035237, 25.051882500000005], [121.6035456, 25.0517618], [121.6034625, 25.051751500000005], [121.60280170000001, 25.051674599999995], [121.5970408, 25.051002300000004], [121.5958617, 25.050847299999987], [121.5957393, 25.050830400000002]]]}}, {"type": "Feature", "properties": {"id": 752, "area_m2": 771.61, "basis": "OSM surface road enclosed block"}, "geometry": {"type": "Polygon", "coordinates": [[[121.59555070000002, 25.051461099999997], [121.5955691, 25.051380499999997], [121.5956925, 25.050959800000005], [121.5957393, 25.050830400000002], [121.5956226, 25.050817199999994], [121.5955911, 25.050939299999996], [121.5954638, 25.051363399999993], [121.5954456, 25.051440799999998], [121.59555070000002, 25.051461099999997]]]}}, {"type": "Feature", "properties": {"id": 753, "area_m2": 13236.34, "basis": "OSM surface road enclosed block"}, "geometry": {"type": "Polygon", "coordinates": [[[121.5992646, 25.0552066], [121.59931840000002, 25.0551311], [121.59937480000002, 25.055064300000005], [121.5994387, 25.055009200000004], [121.59953990000001, 25.0549225], [121.59973219999999, 25.0548022], [121.59985580000001, 25.054739000000005], [121.59967570000002, 25.05454329999999], [121.5994209, 25.05435749999999], [121.59931840000002, 25.054302499999995], [121.5992157, 25.054262799999993], [121.59902470000002, 25.0542183], [121.59889780000002, 25.0541963], [121.59862699999998, 25.0542763], [121.5983489, 25.0544123], [121.59793440000001, 25.054565299999993], [121.5977597, 25.0547094], [121.59785229999999, 25.054773800000003], [121.5979492, 25.0548249], [121.5980762, 25.054864899999995], [121.5981718, 25.054888999999996], [121.5986381, 25.055010699999997], [121.59913339999999, 25.055161500000004], [121.5992646, 25.0552066]]]}}, {"type": "Feature", "properties": {"id": 754, "area_m2": 8766.56, "basis": "OSM surface road enclosed block"}, "geometry": {"type": "Polygon", "coordinates": [[[121.59985580000001, 25.054739000000005], [121.6000281, 25.054668299999996], [121.6002068, 25.0546123], [121.6001593, 25.054545499999996], [121.60009760000001, 25.054479299999997], [121.5998709, 25.054224099999992], [121.59983059999999, 25.0541669], [121.5997999, 25.0540892], [121.59977839999999, 25.0540188], [121.5997057, 25.0535438], [121.5996915, 25.053457299999998], [121.5996386, 25.053471200000004], [121.59896080000001, 25.0536481], [121.5988952, 25.053665199999998], [121.5989117, 25.053748999999996], [121.59898820000001, 25.053993300000002], [121.59902470000002, 25.0542183], [121.5992157, 25.054262799999993], [121.59931840000002, 25.054302499999995], [121.5994209, 25.05435749999999], [121.59967570000002, 25.05454329999999], [121.59985580000001, 25.054739000000005]]]}}, {"type": "Feature", "properties": {"id": 755, "area_m2": 6636.55, "basis": "OSM surface road enclosed block"}, "geometry": {"type": "Polygon", "coordinates": [[[121.6002068, 25.0546123], [121.6000281, 25.054668299999996], [121.59985580000001, 25.054739000000005], [121.59998950000002, 25.0548823], [121.600129, 25.054989300000003], [121.60021490000001, 25.0550573], [121.60028810000001, 25.055115299999997], [121.6003739, 25.055161500000004], [121.60043160000001, 25.055174799999993], [121.60053080000002, 25.055191799999992], [121.60063140000001, 25.0552064], [121.6007218, 25.055215199999996], [121.6009438, 25.0552203], [121.60103510000002, 25.05490199999999], [121.6010674, 25.0547513], [121.60110480000002, 25.054571], [121.6010176, 25.054563700000003], [121.6008661, 25.0545504], [121.6007119, 25.05454549999999], [121.60059480000001, 25.0545539], [121.6005031, 25.054565399999998], [121.600411, 25.05457699999999], [121.6002068, 25.0546123]]]}}, {"type": "Feature", "properties": {"id": 756, "area_m2": 50723.72, "basis": "OSM surface road enclosed block"}, "geometry": {"type": "Polygon", "coordinates": [[[121.6002068, 25.0546123], [121.600411, 25.05457699999999], [121.6005031, 25.054565399999998], [121.6005682, 25.054302399999997], [121.60060859999999, 25.0542695], [121.6011526, 25.0542409], [121.60110480000002, 25.054571], [121.6012868, 25.0545782], [121.6014428, 25.0545953], [121.60161310000001, 25.0546233], [121.60180840000001, 25.054660899999995], [121.602065, 25.054720399999994], [121.6021949, 25.0547606], [121.60227930000002, 25.0544485], [121.602525, 25.0544714], [121.6027429, 25.0545363], [121.60308350000001, 25.0546851], [121.6032364, 25.054795600000002], [121.60405640000002, 25.0553948], [121.60408940000002, 25.055418899999996], [121.60411349999998, 25.055361699999995], [121.6041202, 25.055246399999998], [121.6041196, 25.0550934], [121.60411079999999, 25.0550194], [121.6041047, 25.054967499999997], [121.6040834, 25.054912400000003], [121.60406330000002, 25.0548456], [121.6040458, 25.054784799999997], [121.6040298, 25.0547202], [121.60402439999999, 25.054626899999995], [121.6040293, 25.054585100000004], [121.6040362, 25.0545255], [121.60405889999998, 25.054394299999995], [121.6040941, 25.054174099999997], [121.6040085, 25.0541546], [121.603708, 25.054086100000003], [121.6037209, 25.054056], [121.60376770000002, 25.054041900000005], [121.6040193, 25.054094100000004], [121.604104, 25.05411159999999], [121.60412670000001, 25.053974], [121.60413960000001, 25.053896799999997], [121.6040655, 25.0538837], [121.60335920000001, 25.0537589], [121.6033128, 25.053750699999995], [121.6031652, 25.053724600000006], [121.6031395, 25.053720099999996], [121.60270810000002, 25.0536438], [121.60261600000001, 25.053627400000003], [121.60252840000001, 25.053611999999998], [121.60197270000002, 25.0535139], [121.60123410000001, 25.0533833], [121.60077539999999, 25.0533578], [121.60039190000002, 25.053367499999997], [121.60008209999998, 25.053385800000004], [121.5997926, 25.0534385], [121.5996915, 25.053457299999998], [121.5997057, 25.0535438], [121.59977839999999, 25.0540188], [121.5997999, 25.0540892], [121.59983059999999, 25.0541669], [121.5998709, 25.054224099999992], [121.60009760000001, 25.054479299999997], [121.6001593, 25.054545499999996], [121.6002068, 25.0546123]], [[121.60324309999999, 25.053922499999995], [121.60321280000001, 25.054077], [121.6024865, 25.053958500000004], [121.60246519999998, 25.0539431], [121.6024596, 25.0539072], [121.60247799999999, 25.0538213], [121.6024964, 25.053811], [121.60255159999998, 25.053798199999996], [121.60324309999999, 25.053922499999995]]]}}, {"type": "Feature", "properties": {"id": 757, "area_m2": 1953.94, "basis": "OSM surface road enclosed block"}, "geometry": {"type": "Polygon", "coordinates": [[[121.6005031, 25.054565399999998], [121.60059480000001, 25.0545539], [121.6007119, 25.05454549999999], [121.6008661, 25.0545504], [121.6010176, 25.054563700000003], [121.60110480000002, 25.054571], [121.6011526, 25.0542409], [121.60060859999999, 25.0542695], [121.6005682, 25.054302399999997], [121.6005031, 25.054565399999998]]]}}, {"type": "Feature", "properties": {"id": 758, "area_m2": 5269.45, "basis": "OSM surface road enclosed block"}, "geometry": {"type": "Polygon", "coordinates": [[[121.6021949, 25.0547606], [121.602065, 25.054720399999994], [121.60180840000001, 25.054660899999995], [121.60161310000001, 25.0546233], [121.6014428, 25.0545953], [121.6012868, 25.0545782], [121.60110480000002, 25.054571], [121.6010674, 25.0547513], [121.6011598, 25.0548376], [121.601204, 25.054866200000003], [121.601255, 25.054881400000003], [121.6013207, 25.054900299999996], [121.6013468, 25.054911199999996], [121.6015339, 25.054983399999998], [121.60172040000002, 25.0550351], [121.60191480000002, 25.05507280000001], [121.60212540000002, 25.055124999999997], [121.60229770000001, 25.055176099999997], [121.6023936, 25.0550303], [121.6024646, 25.054899899999995], [121.6024817, 25.054868600000006], [121.6023275, 25.054801699999995], [121.6021949, 25.0547606]]]}}, {"type": "Feature", "properties": {"id": 759, "area_m2": 4131.97, "basis": "OSM surface road enclosed block"}, "geometry": {"type": "Polygon", "coordinates": [[[121.6021949, 25.0547606], [121.6023275, 25.054801699999995], [121.6024817, 25.054868600000006], [121.602575, 25.054900900000003], [121.6026533, 25.054928100000005], [121.6028375, 25.0550145], [121.602966, 25.0550808], [121.60302080000001, 25.0551043], [121.6032364, 25.054795600000002], [121.60308350000001, 25.0546851], [121.6027429, 25.0545363], [121.602525, 25.0544714], [121.60227930000002, 25.0544485], [121.6021949, 25.0547606]]]}}, {"type": "Feature", "properties": {"id": 760, "area_m2": 4387.13, "basis": "OSM surface road enclosed block"}, "geometry": {"type": "Polygon", "coordinates": [[[121.60302080000001, 25.0551043], [121.6030852, 25.055145599999996], [121.6030977, 25.055154], [121.6032224, 25.055237999999992], [121.6033386, 25.055321699999997], [121.6035751, 25.055510100000003], [121.6036891, 25.055608499999998], [121.60375709999998, 25.0556633], [121.60380800000001, 25.055704400000003], [121.60385930000001, 25.055669299999998], [121.60394790000001, 25.055608499999998], [121.60402970000001, 25.055522299999996], [121.60408940000002, 25.055418899999996], [121.60405640000002, 25.0553948], [121.6032364, 25.054795600000002], [121.60302080000001, 25.0551043]]]}}, {"type": "Feature", "properties": {"id": 761, "area_m2": 18106.52, "basis": "OSM surface road enclosed block"}, "geometry": {"type": "Polygon", "coordinates": [[[121.60380800000001, 25.055704400000003], [121.6038694, 25.055749400000003], [121.6039408, 25.0558017], [121.6040371, 25.055858899999997], [121.6041152, 25.0559016], [121.60433750000001, 25.0559947], [121.6044421, 25.056021500000003], [121.6045561, 25.056030599999996], [121.6047016, 25.056047100000004], [121.6048946, 25.0560393], [121.6049122, 25.0560411], [121.6050698, 25.0560222], [121.60517769999998, 25.056008299999995], [121.60528440000002, 25.055999499999995], [121.6053875, 25.05599959999999], [121.6054707, 25.056003299999997], [121.605578, 25.0560203], [121.60571530000001, 25.056044599999996], [121.6057748, 25.056055100000002], [121.6057973, 25.0559611], [121.60581789999999, 25.0558748], [121.6058627, 25.055687399999997], [121.6059293, 25.055408299999996], [121.60594639999998, 25.0553369], [121.60588230000002, 25.0553385], [121.6056813, 25.055344700000003], [121.6054969, 25.0552915], [121.6052984, 25.055211299999996], [121.6049402, 25.0550616], [121.6048832, 25.055052299999996], [121.6046279, 25.0550109], [121.6041865, 25.054974299999994], [121.6041047, 25.054967499999997], [121.60411079999999, 25.0550194], [121.6041196, 25.0550934], [121.6041202, 25.055246399999998], [121.60411349999998, 25.055361699999995], [121.60408940000002, 25.055418899999996], [121.60402970000001, 25.055522299999996], [121.60394790000001, 25.055608499999998], [121.60385930000001, 25.055669299999998], [121.60380800000001, 25.055704400000003]]]}}, {"type": "Feature", "properties": {"id": 762, "area_m2": 4235.38, "basis": "OSM surface road enclosed block"}, "geometry": {"type": "Polygon", "coordinates": [[[121.59760500000002, 25.054055600000005], [121.59763440000002, 25.0541589], [121.5976591, 25.054245299999995], [121.59768189999998, 25.0543705], [121.5977194, 25.0545369], [121.5977597, 25.0547094], [121.59793440000001, 25.054565299999993], [121.5983489, 25.0544123], [121.59862699999998, 25.0542763], [121.59889780000002, 25.0541963], [121.59860289999999, 25.054145199999994], [121.5982816, 25.054093900000005], [121.59806910000002, 25.0540873], [121.597762, 25.0541131], [121.59767829999998, 25.0540824], [121.59760500000002, 25.054055600000005]]]}}, {"type": "Feature", "properties": {"id": 763, "area_m2": 11452.66, "basis": "OSM surface road enclosed block"}, "geometry": {"type": "Polygon", "coordinates": [[[121.5977597, 25.0547094], [121.5977194, 25.0545369], [121.59768189999998, 25.0543705], [121.5976591, 25.054245299999995], [121.59763440000002, 25.0541589], [121.59760500000002, 25.054055600000005], [121.59758699999999, 25.0541613], [121.5975843, 25.054202199999995], [121.5975749, 25.0542222], [121.59755409999998, 25.054229499999998], [121.59730529999999, 25.054267799999995], [121.59728849999999, 25.05426539999999], [121.59726780000001, 25.054259899999995], [121.5972307, 25.054239299999995], [121.597202, 25.0542166], [121.59718110000001, 25.054183899999995], [121.59697610000002, 25.054245900000005], [121.59576499999999, 25.054413599999997], [121.5953826, 25.054490300000005], [121.5952722, 25.0545299], [121.59536260000002, 25.054574299999995], [121.5958557, 25.0547647], [121.5961816, 25.0548933], [121.59629099999998, 25.05480999999999], [121.59677300000001, 25.0547751], [121.59729609999998, 25.0547356], [121.5977597, 25.0547094]]]}}, {"type": "Feature", "properties": {"id": 764, "area_m2": 4127.45, "basis": "OSM surface road enclosed block"}, "geometry": {"type": "Polygon", "coordinates": [[[121.59760500000002, 25.054055600000005], [121.59767829999998, 25.0540824], [121.597762, 25.0541131], [121.59806910000002, 25.0540873], [121.5982816, 25.054093900000005], [121.59860289999999, 25.054145199999994], [121.59889780000002, 25.0541963], [121.59902470000002, 25.0542183], [121.59898820000001, 25.053993300000002], [121.5989117, 25.053748999999996], [121.5988952, 25.053665199999998], [121.5986771, 25.053731200000005], [121.5980933, 25.0539078], [121.5976615, 25.0540385], [121.59760500000002, 25.054055600000005]]]}}, {"type": "Feature", "properties": {"id": 765, "area_m2": 38742.05, "basis": "OSM surface road enclosed block"}, "geometry": {"type": "Polygon", "coordinates": [[[121.60077539999999, 25.0533578], [121.60123410000001, 25.0533833], [121.60197270000002, 25.0535139], [121.60252840000001, 25.053611999999998], [121.60261600000001, 25.053627400000003], [121.60266079999998, 25.053520599999995], [121.6032806, 25.052815100000004], [121.6033719, 25.052716099999994], [121.60322890000002, 25.0526955], [121.5999499, 25.0522241], [121.59985930000002, 25.052211099999997], [121.59974960000001, 25.052194600000004], [121.59962840000001, 25.0521763], [121.5996243, 25.0522575], [121.599643, 25.0526482], [121.59967480000002, 25.0533131], [121.5996915, 25.053457299999998], [121.5997926, 25.0534385], [121.60008209999998, 25.053385800000004], [121.60039190000002, 25.053367499999997], [121.60077539999999, 25.0533578]]]}}, {"type": "Feature", "properties": {"id": 766, "area_m2": 26018.68, "basis": "OSM surface road enclosed block"}, "geometry": {"type": "Polygon", "coordinates": [[[121.60261600000001, 25.053627400000003], [121.60270810000002, 25.0536438], [121.6031395, 25.053720099999996], [121.6031652, 25.053724600000006], [121.6033128, 25.053750699999995], [121.60335920000001, 25.0537589], [121.6040655, 25.0538837], [121.60413960000001, 25.053896799999997], [121.60491300000001, 25.054035500000005], [121.6050424, 25.0540585], [121.6050576, 25.053990899999995], [121.6050994, 25.053803999999992], [121.6051312, 25.053661999999996], [121.60525380000001, 25.0531142], [121.605263, 25.053073100000002], [121.6052786, 25.053003499999992], [121.6052235, 25.052995], [121.6051606, 25.052985299999996], [121.60440480000001, 25.0528722], [121.604131, 25.052831199999993], [121.60347920000001, 25.0527324], [121.6033719, 25.052716099999994], [121.6032806, 25.052815100000004], [121.60266079999998, 25.053520599999995], [121.60261600000001, 25.053627400000003]]]}}, {"type": "Feature", "properties": {"id": 767, "area_m2": 2281.59, "basis": "OSM surface road enclosed block"}, "geometry": {"type": "Polygon", "coordinates": [[[121.6050424, 25.0540585], [121.60491300000001, 25.054035500000005], [121.60413960000001, 25.053896799999997], [121.604203, 25.053988699999998], [121.60430420000002, 25.0541483], [121.60437359999999, 25.054226599999996], [121.6044231, 25.0542535], [121.60466520000001, 25.054302200000002], [121.6047289, 25.0543138], [121.6047827, 25.0543086], [121.6048349, 25.054288200000006], [121.60498630000001, 25.054127099999995], [121.6050424, 25.0540585]]]}}, {"type": "Feature", "properties": {"id": 768, "area_m2": 14417.44, "basis": "OSM surface road enclosed block"}, "geometry": {"type": "Polygon", "coordinates": [[[121.6050424, 25.0540585], [121.60511, 25.0540703], [121.60591749999999, 25.0542164], [121.6061058, 25.054251300000004], [121.6062057, 25.054269000000005], [121.6062297, 25.0541694], [121.60632520000001, 25.053742199999995], [121.60642000000001, 25.053324400000005], [121.606449, 25.053196399999994], [121.6062949, 25.0531709], [121.60543740000001, 25.053029099999993], [121.60536249999998, 25.0530174], [121.6052786, 25.053003499999992], [121.605263, 25.053073100000002], [121.60525380000001, 25.0531142], [121.6051312, 25.053661999999996], [121.6050994, 25.053803999999992], [121.6050576, 25.053990899999995], [121.6050424, 25.0540585]]]}}, {"type": "Feature", "properties": {"id": 769, "area_m2": 13625.95, "basis": "OSM surface road enclosed block"}, "geometry": {"type": "Polygon", "coordinates": [[[121.6062057, 25.054269000000005], [121.6061058, 25.054251300000004], [121.60591749999999, 25.0542164], [121.60511, 25.0540703], [121.6050424, 25.0540585], [121.60503130000001, 25.054135299999988], [121.6050134, 25.054276100000003], [121.6049897, 25.0545013], [121.6049699, 25.054684199999997], [121.6049549, 25.054874899999994], [121.6049402, 25.0550616], [121.6052984, 25.055211299999996], [121.6054969, 25.0552915], [121.6056813, 25.055344700000003], [121.60588230000002, 25.0553385], [121.60594639999998, 25.0553369], [121.6059602, 25.05527929999999], [121.6060554, 25.054880900000004], [121.6060692, 25.0548229], [121.60607880000002, 25.054782700000004], [121.60618189999998, 25.054364], [121.6062057, 25.054269000000005]]]}}, {"type": "Feature", "properties": {"id": 770, "area_m2": 146383.81, "basis": "OSM surface road enclosed block"}, "geometry": {"type": "Polygon", "coordinates": [[[121.5826982, 25.0510885], [121.58270100000001, 25.051496599999993], [121.58271150000002, 25.0515929], [121.5833373, 25.051866699999998], [121.58383570000001, 25.052084900000004], [121.5842211, 25.052253699999998], [121.5843327, 25.052302500000003], [121.58437420000001, 25.0521973], [121.5844313, 25.052051399999996], [121.5846816, 25.051468500000002], [121.58544419999998, 25.0515882], [121.5857823, 25.051641299999996], [121.5860662, 25.051685199999998], [121.5864832, 25.051749599999997], [121.5870589, 25.051838499999995], [121.58734600000001, 25.0518731], [121.5877292, 25.051919299999998], [121.58820859999999, 25.0519434], [121.58862889999999, 25.0519646], [121.5892017, 25.051974000000005], [121.5897923, 25.052027500000005], [121.59054609999998, 25.0521446], [121.59064230000001, 25.052161499999997], [121.5906712, 25.052049299999993], [121.59083650000001, 25.051278899999993], [121.5908805, 25.051073900000002], [121.5909275, 25.050862599999995], [121.5909475152107, 25.050798328946364], [121.59094380000002, 25.0507978], [121.58946530000001, 25.050573499999995], [121.58939550000001, 25.050565399999996], [121.5889356, 25.050512099999995], [121.58858000000001, 25.050444499999998], [121.588284, 25.050399], [121.58711170000001, 25.05021929999999], [121.5868913, 25.050183000000004], [121.585407, 25.049938999999995], [121.5839688, 25.049707999999995], [121.58379640000001, 25.049674899999992], [121.58375340000002, 25.049747000000004], [121.58370910000001, 25.049806499999992], [121.5828734, 25.050854800000003], [121.5826982, 25.0510885]]]}}, {"type": "Feature", "properties": {"id": 771, "area_m2": 811.7, "basis": "OSM surface road enclosed block"}, "geometry": {"type": "Polygon", "coordinates": [[[121.58271150000002, 25.0515929], [121.58270100000001, 25.051496599999993], [121.5826982, 25.0510885], [121.5824589, 25.051407700000002], [121.58241230000002, 25.051469799999996], [121.58271150000002, 25.0515929]]]}}, {"type": "Feature", "properties": {"id": 772, "area_m2": 8507.43, "basis": "OSM surface road enclosed block"}, "geometry": {"type": "Polygon", "coordinates": [[[121.58241230000002, 25.051469799999996], [121.5824589, 25.051407700000002], [121.5826982, 25.0510885], [121.5828734, 25.050854800000003], [121.58267360000002, 25.050697099999994], [121.582356, 25.0506394], [121.5817435, 25.0505295], [121.58159210000001, 25.0510392], [121.58156680000002, 25.051124399999996], [121.58164400000001, 25.0511559], [121.5823321, 25.0514368], [121.58241230000002, 25.051469799999996]]]}}, {"type": "Feature", "properties": {"id": 773, "area_m2": 51444.81, "basis": "OSM surface road enclosed block"}, "geometry": {"type": "Polygon", "coordinates": [[[121.58862889999999, 25.0519646], [121.58820859999999, 25.0519434], [121.5877292, 25.051919299999998], [121.58734600000001, 25.0518731], [121.5870589, 25.051838499999995], [121.5864832, 25.051749599999997], [121.5860662, 25.051685199999998], [121.5857823, 25.051641299999996], [121.58544419999998, 25.0515882], [121.5846816, 25.051468500000002], [121.5844313, 25.052051399999996], [121.58437420000001, 25.0521973], [121.5843327, 25.052302500000003], [121.58441810000001, 25.052339899999993], [121.5848184, 25.0525152], [121.5848635, 25.0525349], [121.58575830000001, 25.052870599999995], [121.5859228, 25.052929800000005], [121.58615210000002, 25.0529763], [121.5862576, 25.053001299999995], [121.5864323, 25.053038300000004], [121.58684370000002, 25.0530395], [121.5868829, 25.053038300000004], [121.5869228, 25.053036300000002], [121.58743830000002, 25.053000099999995], [121.58776969999998, 25.0529849], [121.5883031, 25.053012099999993], [121.58838080000001, 25.0530181], [121.5884154, 25.05294079999999], [121.5884877, 25.052604800000005], [121.58862889999999, 25.0519646]]]}}, {"type": "Feature", "properties": {"id": 774, "area_m2": 25740.38, "basis": "OSM surface road enclosed block"}, "geometry": {"type": "Polygon", "coordinates": [[[121.5884877, 25.052604800000005], [121.5884154, 25.05294079999999], [121.58838080000001, 25.0530181], [121.5884826, 25.053031099999995], [121.58877319999999, 25.053074299999995], [121.58917070000001, 25.053152999999995], [121.58957630000002, 25.053275], [121.589717, 25.053321800000003], [121.5897983, 25.053349799999992], [121.5898882, 25.053384000000005], [121.59007229999999, 25.0534541], [121.5901738, 25.0534993], [121.5901819, 25.053396599999996], [121.5904142, 25.0529431], [121.59049949999999, 25.0527376], [121.5906391, 25.052229499999996], [121.59064230000001, 25.052161499999997], [121.59054609999998, 25.0521446], [121.5897923, 25.052027500000005], [121.5892017, 25.051974000000005], [121.58862889999999, 25.0519646], [121.5884877, 25.052604800000005]], [[121.58985659999999, 25.0522138], [121.589977, 25.0522753], [121.5900092, 25.0523725], [121.58992980000001, 25.0527919], [121.5897703, 25.0527807], [121.58974620000001, 25.0527661], [121.5897448, 25.052749099999996], [121.5898307, 25.052323899999998], [121.58985659999999, 25.0522138]]]}}, {"type": "Feature", "properties": {"id": 775, "area_m2": 3130.62, "basis": "OSM surface road enclosed block"}, "geometry": {"type": "Polygon", "coordinates": [[[121.59369090000001, 25.049216499999996], [121.5936389, 25.049074900000004], [121.5935638, 25.048968000000002], [121.5934619, 25.048834], [121.59332040000001, 25.048732499999996], [121.59312839999998, 25.048646799999997], [121.59276230000002, 25.048912799999993], [121.5926672, 25.048985699999996], [121.59369090000001, 25.049216499999996]]]}}, {"type": "Feature", "properties": {"id": 776, "area_m2": 3384.03, "basis": "OSM surface road enclosed block"}, "geometry": {"type": "Polygon", "coordinates": [[[121.59369090000001, 25.049216499999996], [121.5926672, 25.048985699999996], [121.59257180000002, 25.049235899999996], [121.59374670000001, 25.049493300000005], [121.5937787, 25.0493556], [121.59369090000001, 25.049216499999996]]]}}, {"type": "Feature", "properties": {"id": 777, "area_m2": 23526.32, "basis": "OSM surface road enclosed block"}, "geometry": {"type": "Polygon", "coordinates": [[[121.59257180000002, 25.049235899999996], [121.5926672, 25.048985699999996], [121.59276230000002, 25.048912799999993], [121.59312839999998, 25.048646799999997], [121.5932842, 25.0484432], [121.5934652, 25.048195599999996], [121.5930807, 25.047992], [121.59270440000002, 25.047791299999997], [121.59253849999999, 25.047667300000004], [121.59252460000002, 25.0477205], [121.59228280000002, 25.048049000000002], [121.59217870000002, 25.048166399999996], [121.5920374, 25.0483631], [121.5918502, 25.0484451], [121.59153850000001, 25.048573700000002], [121.5914621, 25.048634199999995], [121.59143779999998, 25.0486971], [121.59141750000002, 25.0489466], [121.59137599999998, 25.0496099], [121.59136069999998, 25.049651299999997], [121.5913023, 25.0497328], [121.59145789999998, 25.0497703], [121.5916197, 25.0498095], [121.5916511, 25.049744199999992], [121.5918699, 25.0493556], [121.59250130000001, 25.0494503], [121.59257180000002, 25.049235899999996]]]}}, {"type": "Feature", "properties": {"id": 778, "area_m2": 3096.03, "basis": "OSM surface road enclosed block"}, "geometry": {"type": "Polygon", "coordinates": [[[121.59257180000002, 25.049235899999996], [121.59250130000001, 25.0494503], [121.5926451, 25.049493699999996], [121.5934617, 25.0496615], [121.5936809, 25.049710799999993], [121.59374670000001, 25.049493300000005], [121.59257180000002, 25.049235899999996]]]}}, {"type": "Feature", "properties": {"id": 779, "area_m2": 5003.47, "basis": "OSM surface road enclosed block"}, "geometry": {"type": "Polygon", "coordinates": [[[121.59250130000001, 25.0494503], [121.5918699, 25.0493556], [121.5916511, 25.049744199999992], [121.5916197, 25.0498095], [121.5925135, 25.050016100000004], [121.5925255, 25.0499677], [121.59258530000001, 25.0497226], [121.5926451, 25.049493699999996], [121.59250130000001, 25.0494503]]]}}, {"type": "Feature", "properties": {"id": 780, "area_m2": 2278.44, "basis": "OSM surface road enclosed block"}, "geometry": {"type": "Polygon", "coordinates": [[[121.5934617, 25.0496615], [121.5926451, 25.049493699999996], [121.59258530000001, 25.0497226], [121.5933882, 25.0499071], [121.5934617, 25.0496615]]]}}, {"type": "Feature", "properties": {"id": 781, "area_m2": 2740.12, "basis": "OSM surface road enclosed block"}, "geometry": {"type": "Polygon", "coordinates": [[[121.59258530000001, 25.0497226], [121.5925255, 25.0499677], [121.5925135, 25.050016100000004], [121.59256829999998, 25.050027799999995], [121.59311790000001, 25.050149299999998], [121.59330720000001, 25.0501991], [121.5933882, 25.0499071], [121.59258530000001, 25.0497226]]]}}, {"type": "Feature", "properties": {"id": 782, "area_m2": 1369.41, "basis": "OSM surface road enclosed block"}, "geometry": {"type": "Polygon", "coordinates": [[[121.5947366, 25.050899900000005], [121.5951798, 25.051006599999997], [121.59523339999998, 25.050842399999997], [121.5952599, 25.050749900000003], [121.59481659999999, 25.050643099999995], [121.5947888, 25.0507415], [121.59477009999999, 25.0507892], [121.5947366, 25.050899900000005]]]}}, {"type": "Feature", "properties": {"id": 783, "area_m2": 2549.52, "basis": "OSM surface road enclosed block"}, "geometry": {"type": "Polygon", "coordinates": [[[121.58816740000002, 25.047884699999997], [121.5880235, 25.048015599999992], [121.5878343, 25.048072499999996], [121.58766609999999, 25.0480755], [121.58753520000002, 25.0480547], [121.5874032, 25.048368399999998], [121.5879408, 25.048503], [121.58816740000002, 25.047884699999997]]]}}, {"type": "Feature", "properties": {"id": 784, "area_m2": 23474.91, "basis": "OSM surface road enclosed block"}, "geometry": {"type": "Polygon", "coordinates": [[[121.58753520000002, 25.0480547], [121.58766609999999, 25.0480755], [121.5878343, 25.048072499999996], [121.5880235, 25.048015599999992], [121.58816740000002, 25.047884699999997], [121.58834630000001, 25.0473562], [121.5883629, 25.0473129], [121.58843380000002, 25.0471166], [121.5879206, 25.046896799999995], [121.58774230000002, 25.046841899999993], [121.58686260000002, 25.0467158], [121.58591330000002, 25.047278000000002], [121.58667690000001, 25.047660199999996], [121.5869626, 25.0477914], [121.5872031, 25.047911500000005], [121.58753520000002, 25.0480547]]]}}, {"type": "Feature", "properties": {"id": 785, "area_m2": 3364.99, "basis": "OSM surface road enclosed block"}, "geometry": {"type": "Polygon", "coordinates": [[[121.5895734, 25.0477053], [121.5893254, 25.047580600000003], [121.58926730000002, 25.0477305], [121.5891778, 25.047937099999995], [121.58912410000002, 25.048054099999995], [121.5890505, 25.048216799999995], [121.5895652, 25.048418099999992], [121.58972429999999, 25.0480165], [121.58947490000001, 25.047920900000005], [121.5895734, 25.0477053]]]}}, {"type": "Feature", "properties": {"id": 786, "area_m2": 7455.41, "basis": "OSM surface road enclosed block"}, "geometry": {"type": "Polygon", "coordinates": [[[121.58855209999999, 25.0480605], [121.58816740000002, 25.047884699999997], [121.5879408, 25.048503], [121.5874032, 25.048368399999998], [121.58727480000002, 25.048753599999998], [121.5872609, 25.048791699999995], [121.5877587, 25.0489075], [121.5881739, 25.048994300000004], [121.58818729999999, 25.048963499999996], [121.5883525, 25.0485534], [121.58855209999999, 25.0480605]]]}}, {"type": "Feature", "properties": {"id": 787, "area_m2": 1091.66, "basis": "OSM surface road enclosed block"}, "geometry": {"type": "Polygon", "coordinates": [[[121.58855209999999, 25.0480605], [121.5890505, 25.048216799999995], [121.58912410000002, 25.048054099999995], [121.5886212, 25.047880099999997], [121.58855209999999, 25.0480605]]]}}, {"type": "Feature", "properties": {"id": 788, "area_m2": 2935.26, "basis": "OSM surface road enclosed block"}, "geometry": {"type": "Polygon", "coordinates": [[[121.5890505, 25.048216799999995], [121.58855209999999, 25.0480605], [121.5883525, 25.0485534], [121.58883160000002, 25.0486782], [121.5890505, 25.048216799999995]]]}}, {"type": "Feature", "properties": {"id": 789, "area_m2": 4147.22, "basis": "OSM surface road enclosed block"}, "geometry": {"type": "Polygon", "coordinates": [[[121.5895652, 25.048418099999992], [121.5890505, 25.048216799999995], [121.58883160000002, 25.0486782], [121.588876, 25.048692899999995], [121.58889080000002, 25.0487071], [121.5888928, 25.048721699999994], [121.5888391, 25.0488608], [121.5888417, 25.0488791], [121.58885420000001, 25.0488929], [121.58906009999998, 25.048988700000002], [121.5890722, 25.0490125], [121.5890683, 25.049036399999995], [121.5890324, 25.049129999999998], [121.58901640000002, 25.049187700000004], [121.5890629, 25.049194899999993], [121.5891286, 25.0492141], [121.58913860000001, 25.049165400000003], [121.58915540000001, 25.049086599999992], [121.58933570000002, 25.048798700000003], [121.5895652, 25.048418099999992]]]}}, {"type": "Feature", "properties": {"id": 790, "area_m2": 7635.31, "basis": "OSM surface road enclosed block"}, "geometry": {"type": "Polygon", "coordinates": [[[121.5913125, 25.048566099999995], [121.59153850000001, 25.048573700000002], [121.5918502, 25.0484451], [121.5920374, 25.0483631], [121.59217870000002, 25.048166399999996], [121.592118, 25.0481038], [121.591906, 25.047990599999995], [121.59166689999999, 25.047895], [121.59128509999998, 25.0478802], [121.591148, 25.047881299999993], [121.590938, 25.047973], [121.59074850000002, 25.048053999999997], [121.59075789999999, 25.048107799999997], [121.59082480000001, 25.0482634], [121.59116470000001, 25.0484726], [121.5913125, 25.048566099999995]]]}}, {"type": "Feature", "properties": {"id": 791, "area_m2": 945.2, "basis": "OSM surface road enclosed block"}, "geometry": {"type": "Polygon", "coordinates": [[[121.59153850000001, 25.048573700000002], [121.5913125, 25.048566099999995], [121.59135949999998, 25.04862719999999], [121.5913719, 25.0486917], [121.59135000000002, 25.048943099999995], [121.59130270000001, 25.049602199999992], [121.5913011, 25.0496359], [121.5913023, 25.0497328], [121.59136069999998, 25.049651299999997], [121.59137599999998, 25.0496099], [121.59141750000002, 25.0489466], [121.59143779999998, 25.0486971], [121.5914621, 25.048634199999995], [121.59153850000001, 25.048573700000002]]]}}, {"type": "Feature", "properties": {"id": 792, "area_m2": 23755.03, "basis": "OSM surface road enclosed block"}, "geometry": {"type": "Polygon", "coordinates": [[[121.5904234, 25.0475755], [121.59064179999999, 25.047263200000007], [121.5907718, 25.0470797], [121.59057250000001, 25.04695999999999], [121.59026540000002, 25.0468068], [121.5901774, 25.046725199999997], [121.59017130000001, 25.0467181], [121.59016140000001, 25.046705399999993], [121.58974190000002, 25.0473839], [121.58966279999999, 25.047528400000004], [121.5895734, 25.0477053], [121.58947490000001, 25.047920900000005], [121.58972429999999, 25.0480165], [121.58986499999999, 25.048083299999995], [121.5900623, 25.048188000000003], [121.59019209999998, 25.0482395], [121.59022880000002, 25.048250599999992], [121.59031650000001, 25.048273000000002], [121.5904343, 25.048299900000007], [121.5902555, 25.048660399999992], [121.5907241, 25.0488423], [121.5908048, 25.048880800000003], [121.5906851, 25.049169600000003], [121.59059580000002, 25.049520899999997], [121.5905849, 25.0495639], [121.59091920000002, 25.0496443], [121.5911691, 25.049702100000005], [121.5913023, 25.0497328], [121.5913011, 25.0496359], [121.59130270000001, 25.049602199999992], [121.59135000000002, 25.048943099999995], [121.5913719, 25.0486917], [121.59135949999998, 25.04862719999999], [121.5913125, 25.048566099999995], [121.59116470000001, 25.0484726], [121.59082480000001, 25.0482634], [121.59075789999999, 25.048107799999997], [121.59074850000002, 25.048053999999997], [121.5905269, 25.0479204], [121.5904885, 25.047896699999992], [121.590356, 25.0478319], [121.5902594, 25.0477715], [121.5904234, 25.0475755]]]}}, {"type": "Feature", "properties": {"id": 793, "area_m2": 3668.07, "basis": "OSM surface road enclosed block"}, "geometry": {"type": "Polygon", "coordinates": [[[121.5883525, 25.0485534], [121.58818729999999, 25.048963499999996], [121.5881739, 25.048994300000004], [121.58819470000002, 25.0489989], [121.58901640000002, 25.049187700000004], [121.5890324, 25.049129999999998], [121.5890683, 25.049036399999995], [121.5890722, 25.0490125], [121.58906009999998, 25.048988700000002], [121.58885420000001, 25.0488929], [121.5888417, 25.0488791], [121.5888391, 25.0488608], [121.5888928, 25.048721699999994], [121.58889080000002, 25.0487071], [121.588876, 25.048692899999995], [121.58883160000002, 25.0486782], [121.5883525, 25.0485534]]]}}, {"type": "Feature", "properties": {"id": 794, "area_m2": 5781.24, "basis": "OSM surface road enclosed block"}, "geometry": {"type": "Polygon", "coordinates": [[[121.58933570000002, 25.048798700000003], [121.5906851, 25.049169600000003], [121.5908048, 25.048880800000003], [121.5907241, 25.0488423], [121.5902555, 25.048660399999992], [121.5895652, 25.048418099999992], [121.58933570000002, 25.048798700000003]]]}}, {"type": "Feature", "properties": {"id": 795, "area_m2": 7052.15, "basis": "OSM surface road enclosed block"}, "geometry": {"type": "Polygon", "coordinates": [[[121.5906851, 25.049169600000003], [121.58933570000002, 25.048798700000003], [121.58915540000001, 25.049086599999992], [121.58913860000001, 25.049165400000003], [121.5891286, 25.0492141], [121.5905849, 25.0495639], [121.59059580000002, 25.049520899999997], [121.5906851, 25.049169600000003]]]}}, {"type": "Feature", "properties": {"id": 796, "area_m2": 3311.7, "basis": "OSM surface road enclosed block"}, "geometry": {"type": "Polygon", "coordinates": [[[121.58972429999999, 25.0480165], [121.5895652, 25.048418099999992], [121.5902555, 25.048660399999992], [121.5904343, 25.048299900000007], [121.59031650000001, 25.048273000000002], [121.59022880000002, 25.048250599999992], [121.59019209999998, 25.0482395], [121.5900623, 25.048188000000003], [121.58986499999999, 25.048083299999995], [121.58972429999999, 25.0480165]]]}}, {"type": "Feature", "properties": {"id": 797, "area_m2": 3518.9, "basis": "OSM surface road enclosed block"}, "geometry": {"type": "Polygon", "coordinates": [[[121.58379640000001, 25.049674899999992], [121.5838332, 25.0496195], [121.5836727, 25.049596699999995], [121.5831587, 25.04951919999999], [121.58190860000002, 25.0492549], [121.58159570000001, 25.0491548], [121.58147059999999, 25.0490935], [121.5814963, 25.0491742], [121.581624, 25.049431299999995], [121.5816408, 25.04948509999999], [121.58174189999998, 25.04948969999999], [121.58203799999998, 25.0495006], [121.5830755, 25.0495597], [121.58363440000001, 25.049643900000003], [121.58379640000001, 25.049674899999992]]]}}, {"type": "Feature", "properties": {"id": 798, "area_m2": 4344.51, "basis": "OSM surface road enclosed block"}, "geometry": {"type": "Polygon", "coordinates": [[[121.5838332, 25.0496195], [121.58379640000001, 25.049674899999992], [121.5839688, 25.049707999999995], [121.585407, 25.049938999999995], [121.5868913, 25.050183000000004], [121.58711170000001, 25.05021929999999], [121.588284, 25.050399], [121.58858000000001, 25.050444499999998], [121.5889356, 25.050512099999995], [121.58939550000001, 25.050565399999996], [121.58946530000001, 25.050573499999995], [121.58947220000002, 25.0505138], [121.5894066, 25.0505047], [121.58935829999999, 25.050498000000008], [121.58815090000002, 25.050317500000002], [121.5880724, 25.050300199999995], [121.58789349999999, 25.050272300000003], [121.58746450000001, 25.050207100000005], [121.5869699, 25.0501269], [121.58690640000002, 25.0501161], [121.5861409, 25.0499857], [121.5840303, 25.049649699999996], [121.5838332, 25.0496195]]]}}, {"type": "Feature", "properties": {"id": 799, "area_m2": 80698.21, "basis": "OSM surface road enclosed block"}, "geometry": {"type": "Polygon", "coordinates": [[[121.5838332, 25.0496195], [121.5838899, 25.049553], [121.5844236, 25.048842899999993], [121.5846675, 25.048517099999998], [121.58420580000002, 25.048158799999996], [121.5844569, 25.047904], [121.5840881, 25.047607299999996], [121.5834607, 25.046874199999998], [121.58349300000002, 25.046753699999996], [121.5835301, 25.0466154], [121.5835467, 25.0465262], [121.5833327, 25.0462401], [121.5832634, 25.0461474], [121.58318880000002, 25.046047699999995], [121.5831586, 25.0460699], [121.5829169, 25.046247399999995], [121.5822668, 25.0467385], [121.58206200000001, 25.046877399999996], [121.5818575, 25.047031799999992], [121.58171730000001, 25.047197099999998], [121.5816644, 25.047337899999995], [121.58162939999998, 25.047589800000004], [121.58155850000001, 25.048015200000002], [121.58151590000001, 25.048521099999995], [121.58151050000001, 25.0485677], [121.58146550000001, 25.0489425], [121.5814687, 25.049038699999997], [121.58147059999999, 25.0490935], [121.58159570000001, 25.0491548], [121.58190860000002, 25.0492549], [121.5831587, 25.04951919999999], [121.5836727, 25.049596699999995], [121.5838332, 25.0496195]]]}}, {"type": "Feature", "properties": {"id": 800, "area_m2": 30541.72, "basis": "OSM surface road enclosed block"}, "geometry": {"type": "Polygon", "coordinates": [[[121.5846675, 25.048517099999998], [121.5844236, 25.048842899999993], [121.5838899, 25.049553], [121.5838332, 25.0496195], [121.5840303, 25.049649699999996], [121.5861409, 25.0499857], [121.58615580000001, 25.049942900000005], [121.5861707, 25.049900200000007], [121.5862715, 25.04961119999999], [121.58637960000001, 25.049301500000002], [121.58639219999999, 25.0492654], [121.5865055, 25.0489409], [121.5858899, 25.0487123], [121.58567519999998, 25.048627900000003], [121.5850173, 25.0482792], [121.5848944, 25.048213999999994], [121.5846675, 25.048517099999998]]]}}, {"type": "Feature", "properties": {"id": 801, "area_m2": 2294.38, "basis": "OSM surface road enclosed block"}, "geometry": {"type": "Polygon", "coordinates": [[[121.5846675, 25.048517099999998], [121.5848944, 25.048213999999994], [121.5844569, 25.047904], [121.58420580000002, 25.048158799999996], [121.5846675, 25.048517099999998]]]}}, {"type": "Feature", "properties": {"id": 802, "area_m2": 1304.15, "basis": "OSM surface road enclosed block"}, "geometry": {"type": "Polygon", "coordinates": [[[121.5848944, 25.048213999999994], [121.58491729999999, 25.048187100000003], [121.5849576, 25.048137799999992], [121.58502059999998, 25.0480607], [121.58493760000002, 25.047997799999994], [121.5845943, 25.047713200000004], [121.5844569, 25.047904], [121.5848944, 25.048213999999994]]]}}, {"type": "Feature", "properties": {"id": 803, "area_m2": 4129.55, "basis": "OSM surface road enclosed block"}, "geometry": {"type": "Polygon", "coordinates": [[[121.58502059999998, 25.0480607], [121.5849576, 25.048137799999992], [121.58491729999999, 25.048187100000003], [121.5848944, 25.048213999999994], [121.5850173, 25.0482792], [121.58567519999998, 25.048627900000003], [121.5858899, 25.0487123], [121.5865055, 25.0489409], [121.5865582, 25.0487896], [121.58657790000001, 25.0487334], [121.5865409, 25.0487208], [121.5863813, 25.048666899999997], [121.58601020000002, 25.0485321], [121.58551649999998, 25.048300399999995], [121.5851337, 25.048115400000004], [121.58502059999998, 25.0480607]]]}}, {"type": "Feature", "properties": {"id": 804, "area_m2": 19742.63, "basis": "OSM surface road enclosed block"}, "geometry": {"type": "Polygon", "coordinates": [[[121.58379640000001, 25.049674899999992], [121.58363440000001, 25.049643900000003], [121.5830755, 25.0495597], [121.58203799999998, 25.0495006], [121.58201870000002, 25.049554400000005], [121.58183389999999, 25.050032100000006], [121.5817435, 25.0505295], [121.582356, 25.0506394], [121.58267360000002, 25.050697099999994], [121.5828734, 25.050854800000003], [121.58370910000001, 25.049806499999992], [121.58375340000002, 25.049747000000004], [121.58379640000001, 25.049674899999992]]]}}, {"type": "Feature", "properties": {"id": 805, "area_m2": 1124.25, "basis": "OSM surface road enclosed block"}, "geometry": {"type": "Polygon", "coordinates": [[[121.58203799999998, 25.0495006], [121.58174189999998, 25.04948969999999], [121.5816408, 25.04948509999999], [121.5816588, 25.0495488], [121.5817948, 25.049832700000003], [121.58183389999999, 25.050032100000006], [121.58201870000002, 25.049554400000005], [121.58203799999998, 25.0495006]]]}}, {"type": "Feature", "properties": {"id": 806, "area_m2": 15879.06, "basis": "OSM surface road enclosed block"}, "geometry": {"type": "Polygon", "coordinates": [[[121.5816408, 25.04948509999999], [121.5815457, 25.049483099999993], [121.5808548, 25.049488599999993], [121.58017480000001, 25.0494942], [121.58017789999998, 25.0495724], [121.58018029999998, 25.0496347], [121.580157, 25.049760900000003], [121.5801032, 25.049866900000005], [121.5800373, 25.049956999999996], [121.5799604, 25.050025899999998], [121.5798979, 25.0500879], [121.5800112, 25.0501115], [121.580136, 25.050143899999995], [121.58030359999998, 25.0501874], [121.5806063, 25.050266], [121.58071630000002, 25.050288500000004], [121.5817435, 25.0505295], [121.58183389999999, 25.050032100000006], [121.5817948, 25.049832700000003], [121.5816588, 25.0495488], [121.5816408, 25.04948509999999]]]}}, {"type": "Feature", "properties": {"id": 807, "area_m2": 7841.23, "basis": "OSM surface road enclosed block"}, "geometry": {"type": "Polygon", "coordinates": [[[121.58017480000001, 25.0494942], [121.5808548, 25.049488599999993], [121.5815457, 25.049483099999993], [121.5816408, 25.04948509999999], [121.581624, 25.049431299999995], [121.5814963, 25.0491742], [121.58147059999999, 25.0490935], [121.58132620000002, 25.0490412], [121.58109080000001, 25.0489559], [121.58034160000001, 25.048933199999993], [121.5802071, 25.048918499999992], [121.580202, 25.049008800000003], [121.58018040000002, 25.049393], [121.58017480000001, 25.0494942]]]}}, {"type": "Feature", "properties": {"id": 808, "area_m2": 341.35, "basis": "OSM surface road enclosed block"}, "geometry": {"type": "Polygon", "coordinates": [[[121.58147059999999, 25.0490935], [121.5814687, 25.049038699999997], [121.58146550000001, 25.0489425], [121.58135020000002, 25.048941], [121.5812218, 25.0489394], [121.58109080000001, 25.0489559], [121.58132620000002, 25.0490412], [121.58147059999999, 25.0490935]]]}}, {"type": "Feature", "properties": {"id": 809, "area_m2": 10817.34, "basis": "OSM surface road enclosed block"}, "geometry": {"type": "Polygon", "coordinates": [[[121.58146550000001, 25.0489425], [121.58151050000001, 25.0485677], [121.58151590000001, 25.048521099999995], [121.58056720000002, 25.048516599999996], [121.5805677, 25.048224599999998], [121.58100049999999, 25.048231300000005], [121.5810084, 25.0479128], [121.5810274, 25.0478579], [121.58064880000002, 25.047709199999996], [121.5805614, 25.047677699999998], [121.5805107, 25.047735699999997], [121.58031870000002, 25.0479553], [121.5802697, 25.0480361], [121.5802503, 25.0481236], [121.5802208, 25.0482585], [121.5802184, 25.048298499999998], [121.5802113, 25.048416899999996], [121.5802104, 25.0485258], [121.5802079, 25.0488279], [121.5802071, 25.048918499999992], [121.58034160000001, 25.048933199999993], [121.58109080000001, 25.0489559], [121.5812218, 25.0489394], [121.58135020000002, 25.048941], [121.58146550000001, 25.0489425]]]}}, {"type": "Feature", "properties": {"id": 810, "area_m2": 4839.24, "basis": "OSM surface road enclosed block"}, "geometry": {"type": "Polygon", "coordinates": [[[121.58151590000001, 25.048521099999995], [121.58155850000001, 25.048015200000002], [121.58138749999999, 25.0479915], [121.5810274, 25.0478579], [121.5810084, 25.0479128], [121.58100049999999, 25.048231300000005], [121.5805677, 25.048224599999998], [121.58056720000002, 25.048516599999996], [121.58151590000001, 25.048521099999995]]]}}, {"type": "Feature", "properties": {"id": 811, "area_m2": 822.98, "basis": "OSM surface road enclosed block"}, "geometry": {"type": "Polygon", "coordinates": [[[121.5861409, 25.0499857], [121.58690640000002, 25.0501161], [121.5869699, 25.0501269], [121.58698209999999, 25.050080699999995], [121.5869921, 25.050042899999998], [121.5861707, 25.049900200000007], [121.58615580000001, 25.049942900000005], [121.5861409, 25.0499857]]]}}, {"type": "Feature", "properties": {"id": 812, "area_m2": 1219.94, "basis": "OSM surface road enclosed block"}, "geometry": {"type": "Polygon", "coordinates": [[[121.5869699, 25.0501269], [121.58746450000001, 25.050207100000005], [121.58789349999999, 25.050272300000003], [121.5880724, 25.050300199999995], [121.58815090000002, 25.050317500000002], [121.5881585, 25.050265200000002], [121.58817350000001, 25.050216699999996], [121.5874805, 25.0501187], [121.5869921, 25.050042899999998], [121.58698209999999, 25.050080699999995], [121.5869699, 25.0501269]]]}}, {"type": "Feature", "properties": {"id": 813, "area_m2": 1315.92, "basis": "OSM surface road enclosed block"}, "geometry": {"type": "Polygon", "coordinates": [[[121.58815090000002, 25.050317500000002], [121.58935829999999, 25.050498000000008], [121.5894066, 25.0505047], [121.58947220000002, 25.0505138], [121.589481, 25.050461299999995], [121.5894805, 25.0504436], [121.58876930000001, 25.050318499999996], [121.58817350000001, 25.050216699999996], [121.5881585, 25.050265200000002], [121.58815090000002, 25.050317500000002]]]}}, {"type": "Feature", "properties": {"id": 814, "area_m2": 11063.94, "basis": "OSM surface road enclosed block"}, "geometry": {"type": "Polygon", "coordinates": [[[121.58817350000001, 25.050216699999996], [121.588254, 25.0499786], [121.5883263, 25.049713599999993], [121.58841050000001, 25.0493959], [121.58782390000002, 25.0492437], [121.5872388, 25.049110300000006], [121.58713650000001, 25.0494971], [121.5870602, 25.049785399999998], [121.587054, 25.049808799999994], [121.58752059999999, 25.049910999999994], [121.5874805, 25.0501187], [121.58817350000001, 25.050216699999996]]]}}, {"type": "Feature", "properties": {"id": 815, "area_m2": 1523.11, "basis": "OSM surface road enclosed block"}, "geometry": {"type": "Polygon", "coordinates": [[[121.588254, 25.0499786], [121.58817350000001, 25.050216699999996], [121.58876930000001, 25.050318499999996], [121.5888126, 25.0501568], [121.5888097, 25.0501121], [121.588254, 25.0499786]]]}}, {"type": "Feature", "properties": {"id": 816, "area_m2": 1748.11, "basis": "OSM surface road enclosed block"}, "geometry": {"type": "Polygon", "coordinates": [[[121.5883263, 25.049713599999993], [121.588254, 25.0499786], [121.5888097, 25.0501121], [121.58886890000001, 25.049838399999995], [121.5883263, 25.049713599999993]]]}}, {"type": "Feature", "properties": {"id": 817, "area_m2": 4884.19, "basis": "OSM surface road enclosed block"}, "geometry": {"type": "Polygon", "coordinates": [[[121.58841050000001, 25.0493959], [121.5883263, 25.049713599999993], [121.58886890000001, 25.049838399999995], [121.5895901, 25.0500096], [121.58967689999999, 25.0496729], [121.58841050000001, 25.0493959]]]}}, {"type": "Feature", "properties": {"id": 818, "area_m2": 2924.91, "basis": "OSM surface road enclosed block"}, "geometry": {"type": "Polygon", "coordinates": [[[121.58841050000001, 25.0493959], [121.58842540000002, 25.049350199999996], [121.58846200000002, 25.049238299999995], [121.58848600000002, 25.049164699999995], [121.5881836, 25.049107999999993], [121.5881586, 25.0491027], [121.58783110000002, 25.0490338], [121.5872927, 25.0489066], [121.5872388, 25.049110300000006], [121.58782390000002, 25.0492437], [121.58841050000001, 25.0493959]]]}}, {"type": "Feature", "properties": {"id": 819, "area_m2": 3332.49, "basis": "OSM surface road enclosed block"}, "geometry": {"type": "Polygon", "coordinates": [[[121.58848600000002, 25.049164699999995], [121.58846200000002, 25.049238299999995], [121.58842540000002, 25.049350199999996], [121.58841050000001, 25.0493959], [121.58967689999999, 25.0496729], [121.58972940000001, 25.049469100000003], [121.58910540000001, 25.0493078], [121.5890371, 25.0492878], [121.58848600000002, 25.049164699999995]]]}}, {"type": "Feature", "properties": {"id": 820, "area_m2": 2608.22, "basis": "OSM surface road enclosed block"}, "geometry": {"type": "Polygon", "coordinates": [[[121.5869921, 25.050042899999998], [121.587054, 25.049808799999994], [121.5870602, 25.049785399999998], [121.5862715, 25.04961119999999], [121.5861707, 25.049900200000007], [121.5869921, 25.050042899999998]]]}}, {"type": "Feature", "properties": {"id": 821, "area_m2": 1229.66, "basis": "OSM surface road enclosed block"}, "geometry": {"type": "Polygon", "coordinates": [[[121.587054, 25.049808799999994], [121.5869921, 25.050042899999998], [121.5874805, 25.0501187], [121.58752059999999, 25.049910999999994], [121.587054, 25.049808799999994]]]}}, {"type": "Feature", "properties": {"id": 822, "area_m2": 2773.14, "basis": "OSM surface road enclosed block"}, "geometry": {"type": "Polygon", "coordinates": [[[121.5870602, 25.049785399999998], [121.58713650000001, 25.0494971], [121.58637960000001, 25.049301500000002], [121.5862715, 25.04961119999999], [121.5870602, 25.049785399999998]]]}}, {"type": "Feature", "properties": {"id": 823, "area_m2": 3344.88, "basis": "OSM surface road enclosed block"}, "geometry": {"type": "Polygon", "coordinates": [[[121.58713650000001, 25.0494971], [121.5872388, 25.049110300000006], [121.5865055, 25.0489409], [121.58639219999999, 25.0492654], [121.58637960000001, 25.049301500000002], [121.58713650000001, 25.0494971]]]}}, {"type": "Feature", "properties": {"id": 824, "area_m2": 1741.52, "basis": "OSM surface road enclosed block"}, "geometry": {"type": "Polygon", "coordinates": [[[121.5872388, 25.049110300000006], [121.5872927, 25.0489066], [121.58714100000002, 25.0488766], [121.58689360000001, 25.048818899999997], [121.58665779999998, 25.048755], [121.58657790000001, 25.0487334], [121.5865582, 25.0487896], [121.5865055, 25.0489409], [121.5872388, 25.049110300000006]]]}}, {"type": "Feature", "properties": {"id": 825, "area_m2": 2059.58, "basis": "OSM surface road enclosed block"}, "geometry": {"type": "Polygon", "coordinates": [[[121.58657790000001, 25.0487334], [121.5866153, 25.048626200000005], [121.586576, 25.048614100000005], [121.58642370000001, 25.048567499999997], [121.58624580000001, 25.0485164], [121.5858601, 25.048335299999998], [121.58558390000002, 25.0482065], [121.5851988, 25.048023700000005], [121.58511050000001, 25.047981800000002], [121.58502059999998, 25.0480607], [121.5851337, 25.048115400000004], [121.58551649999998, 25.048300399999995], [121.58601020000002, 25.0485321], [121.5863813, 25.048666899999997], [121.5865409, 25.0487208], [121.58657790000001, 25.0487334]]]}}, {"type": "Feature", "properties": {"id": 826, "area_m2": 3047.31, "basis": "OSM surface road enclosed block"}, "geometry": {"type": "Polygon", "coordinates": [[[121.5866153, 25.048626200000005], [121.58657790000001, 25.0487334], [121.58665779999998, 25.048755], [121.58689360000001, 25.048818899999997], [121.58714100000002, 25.0488766], [121.5872927, 25.0489066], [121.58783110000002, 25.0490338], [121.5881586, 25.0491027], [121.5881836, 25.049107999999993], [121.58848600000002, 25.049164699999995], [121.5890371, 25.0492878], [121.58910540000001, 25.0493078], [121.5891286, 25.0492141], [121.5890629, 25.049194899999993], [121.58901640000002, 25.049187700000004], [121.58819470000002, 25.0489989], [121.5881739, 25.048994300000004], [121.5877587, 25.0489075], [121.5872609, 25.048791699999995], [121.5866945, 25.048646599999998], [121.5866153, 25.048626200000005]]]}}, {"type": "Feature", "properties": {"id": 827, "area_m2": 1511.86, "basis": "OSM surface road enclosed block"}, "geometry": {"type": "Polygon", "coordinates": [[[121.5894805, 25.0504436], [121.5895198, 25.0502825], [121.5888097, 25.0501121], [121.5888126, 25.0501568], [121.58876930000001, 25.050318499999996], [121.5894805, 25.0504436]]]}}, {"type": "Feature", "properties": {"id": 828, "area_m2": 2309.65, "basis": "OSM surface road enclosed block"}, "geometry": {"type": "Polygon", "coordinates": [[[121.5895198, 25.0502825], [121.5895901, 25.0500096], [121.58886890000001, 25.049838399999995], [121.5888097, 25.0501121], [121.5895198, 25.0502825]]]}}, {"type": "Feature", "properties": {"id": 829, "area_m2": 6414.17, "basis": "OSM surface road enclosed block"}, "geometry": {"type": "Polygon", "coordinates": [[[121.58972940000001, 25.049469100000003], [121.58967689999999, 25.0496729], [121.5911195, 25.0500286], [121.59262889999998, 25.050401899999997], [121.59270569999998, 25.0501474], [121.59254369999998, 25.050109599999995], [121.5922383, 25.0500409], [121.5922083, 25.0501158], [121.5921427, 25.05016549999999], [121.5915285, 25.0500304], [121.5913823, 25.049995399999997], [121.59131910000002, 25.049976599999994], [121.59131320000002, 25.049904099999996], [121.5913083, 25.049843500000005], [121.59113889999999, 25.049806], [121.5907547, 25.0497203], [121.58972940000001, 25.049469100000003]]]}}, {"type": "Feature", "properties": {"id": 830, "area_m2": 378.76, "basis": "OSM surface road enclosed block"}, "geometry": {"type": "Polygon", "coordinates": [[[121.603924, 25.051805], [121.6039356, 25.0517117], [121.6035808, 25.0516753], [121.6035456, 25.0517618], [121.603924, 25.051805]]]}}, {"type": "Feature", "properties": {"id": 831, "area_m2": 1645.16, "basis": "OSM surface road enclosed block"}, "geometry": {"type": "Polygon", "coordinates": [[[121.6039356, 25.0517117], [121.603924, 25.051805], [121.6040134, 25.051816700000007], [121.6043271, 25.0518525], [121.60460720000002, 25.051883699999994], [121.6053112, 25.0519656], [121.6054358, 25.051979300000006], [121.6054481, 25.051882499999998], [121.60532559999999, 25.051870500000003], [121.60521300000002, 25.051857399999996], [121.60504629999998, 25.051838000000004], [121.60402349999998, 25.051718899999997], [121.6039356, 25.0517117]]]}}, {"type": "Feature", "properties": {"id": 832, "area_m2": 8797.61, "basis": "OSM surface road enclosed block"}, "geometry": {"type": "Polygon", "coordinates": [[[121.5778938, 25.051011799999994], [121.57787599999999, 25.0510969], [121.5777492, 25.05164149999999], [121.57902750000001, 25.051929599999998], [121.57913840000002, 25.051454399999994], [121.57916100000001, 25.0513895], [121.5788242, 25.051285500000002], [121.57859360000002, 25.051221299999998], [121.5781486, 25.051093499999997], [121.5779337, 25.051024300000005], [121.5778938, 25.051011799999994]]]}}, {"type": "Feature", "properties": {"id": 833, "area_m2": 4441.0, "basis": "OSM surface road enclosed block"}, "geometry": {"type": "Polygon", "coordinates": [[[121.5835467, 25.0465262], [121.5835301, 25.0466154], [121.58349300000002, 25.046753699999996], [121.5834607, 25.046874199999998], [121.5840881, 25.047607299999996], [121.5844569, 25.047904], [121.5845943, 25.047713200000004], [121.5844506, 25.0476039], [121.58423800000001, 25.047371899999998], [121.5839483, 25.047031699999998], [121.5836942, 25.046713300000004], [121.5835467, 25.0465262]]]}}, {"type": "Feature", "properties": {"id": 834, "area_m2": 3272.62, "basis": "OSM surface road enclosed block"}, "geometry": {"type": "Polygon", "coordinates": [[[121.58138749999999, 25.0479915], [121.5813249, 25.047637799999997], [121.581261, 25.0473676], [121.5808687, 25.0474477], [121.58080660000002, 25.047449900000004], [121.58072170000001, 25.047423799999997], [121.58065520000001, 25.047545899999996], [121.58060869999998, 25.0476073], [121.5805614, 25.047677699999998], [121.58064880000002, 25.047709199999996], [121.5810274, 25.0478579], [121.58138749999999, 25.0479915]]]}}, {"type": "Feature", "properties": {"id": 835, "area_m2": 1042.83, "basis": "OSM surface road enclosed block"}, "geometry": {"type": "Polygon", "coordinates": [[[121.5802071, 25.048918499999992], [121.5802079, 25.0488279], [121.5802104, 25.0485258], [121.5802113, 25.048416899999996], [121.58002239999999, 25.048450800000005], [121.58002029999999, 25.048525099999996], [121.5800118, 25.0488176], [121.580009, 25.048914899999993], [121.5802071, 25.048918499999992]]]}}, {"type": "Feature", "properties": {"id": 836, "area_m2": 1208.36, "basis": "OSM surface road enclosed block"}, "geometry": {"type": "Polygon", "coordinates": [[[121.58017480000001, 25.0494942], [121.58018040000002, 25.049393], [121.580202, 25.049008800000003], [121.5802071, 25.048918499999992], [121.580009, 25.048914899999993], [121.58000760000002, 25.0489942], [121.5800003, 25.0493945], [121.5799985, 25.0494942], [121.58017480000001, 25.0494942]]]}}, {"type": "Feature", "properties": {"id": 837, "area_m2": 6076.65, "basis": "OSM surface road enclosed block"}, "geometry": {"type": "Polygon", "coordinates": [[[121.5874032, 25.048368399999998], [121.58753520000002, 25.0480547], [121.5872031, 25.047911500000005], [121.5869626, 25.0477914], [121.5868575, 25.048001899999992], [121.5866408, 25.048567800000008], [121.5866153, 25.048626200000005], [121.5866945, 25.048646599999998], [121.5872609, 25.048791699999995], [121.58727480000002, 25.048753599999998], [121.5874032, 25.048368399999998]]]}}, {"type": "Feature", "properties": {"id": 838, "area_m2": 15226.87, "basis": "OSM surface road enclosed block"}, "geometry": {"type": "Polygon", "coordinates": [[[121.58511050000001, 25.047981800000002], [121.5851988, 25.048023700000005], [121.58558390000002, 25.0482065], [121.5858601, 25.048335299999998], [121.58624580000001, 25.0485164], [121.58642370000001, 25.048567499999997], [121.586576, 25.048614100000005], [121.5866153, 25.048626200000005], [121.5866408, 25.048567800000008], [121.5868575, 25.048001899999992], [121.5869626, 25.0477914], [121.58667690000001, 25.047660199999996], [121.58591330000002, 25.047278000000002], [121.58556860000002, 25.0475392], [121.58548940000001, 25.0476046], [121.5854283, 25.047654899999998], [121.5851833, 25.047906900000005], [121.58511050000001, 25.047981800000002]]]}}, {"type": "Feature", "properties": {"id": 839, "area_m2": 2705.04, "basis": "OSM surface road enclosed block"}, "geometry": {"type": "Polygon", "coordinates": [[[121.5905849, 25.0495639], [121.5891286, 25.0492141], [121.58910540000001, 25.0493078], [121.58972940000001, 25.049469100000003], [121.5907547, 25.0497203], [121.59113889999999, 25.049806], [121.5913083, 25.049843500000005], [121.5913023, 25.0497328], [121.5911691, 25.049702100000005], [121.59091920000002, 25.0496443], [121.5905849, 25.0495639]]]}}, {"type": "Feature", "properties": {"id": 840, "area_m2": 1392.68, "basis": "OSM surface road enclosed block"}, "geometry": {"type": "Polygon", "coordinates": [[[121.5913083, 25.049843500000005], [121.59131320000002, 25.049904099999996], [121.59131910000002, 25.049976599999994], [121.5913823, 25.049995399999997], [121.5915285, 25.0500304], [121.5921427, 25.05016549999999], [121.5922083, 25.0501158], [121.5922383, 25.0500409], [121.5914295, 25.0498712], [121.5913083, 25.049843500000005]]]}}, {"type": "Feature", "properties": {"id": 841, "area_m2": 11894.29, "basis": "OSM surface road enclosed block"}, "geometry": {"type": "Polygon", "coordinates": [[[121.58156680000002, 25.051124399999996], [121.5815065, 25.051099799999992], [121.5799014, 25.0504448], [121.57979880000002, 25.050402999999996], [121.57985590000001, 25.0505236], [121.5798695, 25.0505522], [121.57989819999999, 25.050612400000002], [121.57994580000002, 25.0506821], [121.5799943, 25.050772699999996], [121.5800433, 25.050863499999995], [121.58008680000002, 25.050951299999998], [121.58012820000002, 25.051058400000002], [121.58015200000001, 25.0511334], [121.58016619999998, 25.0512192], [121.58018229999999, 25.0513407], [121.58019490000001, 25.051429799999998], [121.5801917, 25.0515006], [121.58039649999999, 25.051515099999996], [121.58137730000001, 25.0515849], [121.5814384, 25.0515893], [121.5814701, 25.051472100000005], [121.58154080000001, 25.051226299999996], [121.58156680000002, 25.051124399999996]]]}}, {"type": "Feature", "properties": {"id": 842, "area_m2": 10136.51, "basis": "OSM surface road enclosed block"}, "geometry": {"type": "Polygon", "coordinates": [[[121.57979880000002, 25.050402999999996], [121.5799014, 25.0504448], [121.5815065, 25.051099799999992], [121.58156680000002, 25.051124399999996], [121.58159210000001, 25.0510392], [121.5817435, 25.0505295], [121.58071630000002, 25.050288500000004], [121.5806063, 25.050266], [121.58030359999998, 25.0501874], [121.580136, 25.050143899999995], [121.5800112, 25.0501115], [121.5798979, 25.0500879], [121.579827, 25.050189399999997], [121.57978750000001, 25.0502716], [121.57979880000002, 25.050402999999996]]]}}, {"type": "Feature", "properties": {"id": 843, "area_m2": 4244.69, "basis": "OSM surface road enclosed block"}, "geometry": {"type": "Polygon", "coordinates": [[[121.5948765, 25.0500882], [121.59479670000002, 25.050010699999998], [121.59476820000002, 25.049983000000005], [121.59454960000001, 25.0501221], [121.59445470000001, 25.050445299999996], [121.5944433, 25.050484], [121.5952377, 25.0506646], [121.5953207, 25.050676200000005], [121.59562750000002, 25.050722699999998], [121.5954945, 25.050594999999998], [121.59537910000002, 25.050501599999997], [121.5948765, 25.0500882]]]}}, {"type": "Feature", "properties": {"id": 844, "area_m2": 1198.4, "basis": "OSM surface road enclosed block"}, "geometry": {"type": "Polygon", "coordinates": [[[121.5804363, 25.047617], [121.58038119999999, 25.047680200000002], [121.58032630000001, 25.0477567], [121.58016979999998, 25.0479729], [121.5801215, 25.048117500000004], [121.5800789, 25.048256800000004], [121.5800552, 25.048334399999998], [121.5802113, 25.048416899999996], [121.5802184, 25.048298499999998], [121.5802208, 25.0482585], [121.5802503, 25.0481236], [121.5802697, 25.0480361], [121.58031870000002, 25.0479553], [121.5805107, 25.047735699999997], [121.5805614, 25.047677699999998], [121.5804363, 25.047617]]]}}, {"type": "Feature", "properties": {"id": 845, "area_m2": 1925.12, "basis": "OSM surface road enclosed block"}, "geometry": {"type": "Polygon", "coordinates": [[[121.5805839, 25.0473676], [121.580549, 25.0474573], [121.58049160000002, 25.047554700000003], [121.5804363, 25.047617], [121.5805614, 25.047677699999998], [121.58060869999998, 25.0476073], [121.58065520000001, 25.047545899999996], [121.58072170000001, 25.047423799999997], [121.5807291, 25.047359999999998], [121.58074129999999, 25.0472283], [121.5807397, 25.047140399999993], [121.58074129999999, 25.047065], [121.5807402, 25.046952799999996], [121.5807445, 25.046855099999995], [121.5807432, 25.046547299999997], [121.58074540000001, 25.0464771], [121.58059899999999, 25.046487], [121.58059779999999, 25.046553], [121.58059730000001, 25.046764999999997], [121.5805964, 25.0472783], [121.58059099999998, 25.0473363], [121.5805839, 25.0473676]]]}}, {"type": "Feature", "properties": {"id": 846, "area_m2": 116.67, "basis": "OSM surface road enclosed block"}, "geometry": {"type": "Polygon", "coordinates": [[[121.5802113, 25.048416899999996], [121.5800552, 25.048334399999998], [121.58002239999999, 25.048450800000005], [121.5802113, 25.048416899999996]]]}}, {"type": "Feature", "properties": {"id": 847, "area_m2": 130.38, "basis": "OSM surface road enclosed block"}, "geometry": {"type": "Polygon", "coordinates": [[[121.59562750000002, 25.050722699999998], [121.5956226, 25.050817199999994], [121.5957393, 25.050830400000002], [121.5957624, 25.0507432], [121.59562750000002, 25.050722699999998]]]}}, {"type": "Feature", "properties": {"id": 848, "area_m2": 67.0, "basis": "OSM surface road enclosed block"}, "geometry": {"type": "Polygon", "coordinates": [[[121.5954318, 25.051492], [121.59553810000001, 25.051517600000004], [121.59555070000002, 25.051461099999997], [121.5954456, 25.051440799999998], [121.5954318, 25.051492]]]}}, {"type": "Feature", "properties": {"id": 849, "area_m2": 3818.46, "basis": "OSM surface road enclosed block"}, "geometry": {"type": "Polygon", "coordinates": [[[121.59964070000001, 25.052098599999997], [121.5995271, 25.052081199999996], [121.598697, 25.0519542], [121.59822540000002, 25.051882000000006], [121.5962203, 25.0515752], [121.5957551, 25.051503299999997], [121.59555070000002, 25.051461099999997], [121.59553810000001, 25.051517600000004], [121.5957414, 25.051570799999997], [121.59779430000002, 25.051912799999993], [121.5981089, 25.051957299999998], [121.5982133, 25.051973399999998], [121.5983072, 25.051987799999992], [121.5987834, 25.0520491], [121.5995119, 25.0521588], [121.59962840000001, 25.0521763], [121.59964070000001, 25.052098599999997]]]}}, {"type": "Feature", "properties": {"id": 850, "area_m2": 2692.27, "basis": "OSM surface road enclosed block"}, "geometry": {"type": "Polygon", "coordinates": [[[121.60338070000002, 25.052667699999997], [121.6032378, 25.052646099999997], [121.60188280000001, 25.0524417], [121.59976340000001, 25.052117399999997], [121.59964070000001, 25.052098599999997], [121.59962840000001, 25.0521763], [121.59974960000001, 25.052194600000004], [121.59985930000002, 25.052211099999997], [121.5999499, 25.0522241], [121.60322890000002, 25.0526955], [121.6033719, 25.052716099999994], [121.60338070000002, 25.052667699999997]]]}}, {"type": "Feature", "properties": {"id": 851, "area_m2": 20437.57, "basis": "OSM surface road enclosed block"}, "geometry": {"type": "Polygon", "coordinates": [[[121.60338070000002, 25.052667699999997], [121.60348789999999, 25.0526841], [121.6051691, 25.052941199999996], [121.60528570000001, 25.0529585], [121.60529940000002, 25.0528695], [121.6053289, 25.052676499999997], [121.60536120000002, 25.052465799999997], [121.60539300000002, 25.0522588], [121.6054033, 25.052191], [121.6054196, 25.0520847], [121.6054358, 25.051979300000006], [121.6053112, 25.0519656], [121.60460720000002, 25.051883699999994], [121.6043271, 25.0518525], [121.6040134, 25.051816700000007], [121.603924, 25.051805], [121.6035456, 25.0517618], [121.6035237, 25.051882500000005], [121.60349549999998, 25.052036600000005], [121.6033962, 25.052582699999995], [121.60338070000002, 25.052667699999997]]]}}, {"type": "Feature", "properties": {"id": 852, "area_m2": 1019.43, "basis": "OSM surface road enclosed block"}, "geometry": {"type": "Polygon", "coordinates": [[[121.60528570000001, 25.0529585], [121.6051691, 25.052941199999996], [121.60348789999999, 25.0526841], [121.60338070000002, 25.052667699999997], [121.6033719, 25.052716099999994], [121.60347920000001, 25.0527324], [121.604131, 25.052831199999993], [121.60440480000001, 25.0528722], [121.6051606, 25.052985299999996], [121.6052235, 25.052995], [121.6052786, 25.053003499999992], [121.60528570000001, 25.0529585]]]}}, {"type": "Feature", "properties": {"id": 853, "area_m2": 938.66, "basis": "OSM surface road enclosed block"}, "geometry": {"type": "Polygon", "coordinates": [[[121.60528570000001, 25.0529585], [121.60537000000001, 25.052971000000003], [121.60538379999998, 25.0528813], [121.6054129, 25.052688899999996], [121.605445, 25.0524778], [121.6054872, 25.0522], [121.60550370000001, 25.0520914], [121.6055194, 25.051988500000004], [121.6054358, 25.051979300000006], [121.6054196, 25.0520847], [121.6054033, 25.052191], [121.60539300000002, 25.0522588], [121.60536120000002, 25.052465799999997], [121.6053289, 25.052676499999997], [121.60529940000002, 25.0528695], [121.60528570000001, 25.0529585]]]}}, {"type": "Feature", "properties": {"id": 854, "area_m2": 44.03, "basis": "OSM surface road enclosed block"}, "geometry": {"type": "Polygon", "coordinates": [[[121.60537000000001, 25.052971000000003], [121.60528570000001, 25.0529585], [121.6052786, 25.053003499999992], [121.60536249999998, 25.0530174], [121.60537000000001, 25.052971000000003]]]}}, {"type": "Feature", "properties": {"id": 855, "area_m2": 13506.68, "basis": "OSM surface road enclosed block"}, "geometry": {"type": "Polygon", "coordinates": [[[121.5782414, 25.0500204], [121.5781821, 25.049962900000004], [121.57818290000002, 25.0499399], [121.57819040000001, 25.049752599999998], [121.5781927, 25.0496672], [121.5783571, 25.049670399999993], [121.57852499999998, 25.049675500000003], [121.5785247, 25.0497552], [121.57852610000002, 25.050006499999995], [121.57851210000001, 25.050078299999996], [121.5786418, 25.050134600000003], [121.57946859999998, 25.0503264], [121.57953540000001, 25.050341899999992], [121.57958380000001, 25.050220899999992], [121.57970700000001, 25.0500583], [121.57981120000001, 25.049952600000005], [121.57993570000001, 25.049810800000003], [121.579997, 25.0496533], [121.57999779999999, 25.049566999999996], [121.5799985, 25.0494942], [121.5798824, 25.049494099999997], [121.5786698, 25.0494941], [121.57793120000001, 25.049511199999998], [121.5778283, 25.0495141], [121.57783499999998, 25.049591199999995], [121.5778246, 25.049903700000005], [121.5778224, 25.050006600000003], [121.57793890000002, 25.050007400000002], [121.57806929999998, 25.0500073], [121.5782414, 25.0500204]]]}}, {"type": "Feature", "properties": {"id": 856, "area_m2": 1018.04, "basis": "OSM surface road enclosed block"}, "geometry": {"type": "Polygon", "coordinates": [[[121.5783571, 25.049670399999993], [121.5781927, 25.0496672], [121.57819040000001, 25.049752599999998], [121.57818290000002, 25.0499399], [121.5781821, 25.049962900000004], [121.5782414, 25.0500204], [121.57851210000001, 25.050078299999996], [121.57852610000002, 25.050006499999995], [121.5785247, 25.0497552], [121.57852499999998, 25.049675500000003], [121.5783571, 25.049670399999993]], [[121.5782398, 25.049978399999997], [121.57822340000001, 25.0499654], [121.5782191, 25.049947699999997], [121.57821839999998, 25.049914200000003], [121.57822940000001, 25.04989129999999], [121.5782496, 25.0498731], [121.5782804, 25.0498617], [121.57841120000002, 25.049863999999992], [121.57844840000001, 25.049877600000002], [121.57846610000001, 25.049899000000003], [121.57847750000002, 25.049934099999998], [121.57847430000001, 25.0500011], [121.57846850000001, 25.050016099999997], [121.5784544, 25.050026200000005], [121.578442, 25.050027400000005], [121.5782398, 25.049978399999997]]]}}, {"type": "Feature", "properties": {"id": 857, "area_m2": 2070.48, "basis": "OSM surface road enclosed block"}, "geometry": {"type": "Polygon", "coordinates": [[[121.57953540000001, 25.050341899999992], [121.57979880000002, 25.050402999999996], [121.57978750000001, 25.0502716], [121.579827, 25.050189399999997], [121.5798979, 25.0500879], [121.5799604, 25.050025899999998], [121.5800373, 25.049956999999996], [121.5801032, 25.049866900000005], [121.580157, 25.049760900000003], [121.58018029999998, 25.0496347], [121.58017789999998, 25.0495724], [121.58017480000001, 25.0494942], [121.5799985, 25.0494942], [121.57999779999999, 25.049566999999996], [121.579997, 25.0496533], [121.57993570000001, 25.049810800000003], [121.57981120000001, 25.049952600000005], [121.57970700000001, 25.0500583], [121.57958380000001, 25.050220899999992], [121.57953540000001, 25.050341899999992]]]}}, {"type": "Feature", "properties": {"id": 858, "area_m2": 14165.76, "basis": "OSM surface road enclosed block"}, "geometry": {"type": "Polygon", "coordinates": [[[121.5799985, 25.0494942], [121.5800003, 25.0493945], [121.58000760000002, 25.0489942], [121.580009, 25.048914899999993], [121.5798908, 25.048914600000003], [121.57931240000002, 25.048913299999995], [121.57923149999999, 25.048913699999996], [121.579169, 25.0489141], [121.57857980000001, 25.048917], [121.57833290000002, 25.048918199999996], [121.5779374, 25.048920199999998], [121.57783040000001, 25.0489207], [121.57782880000002, 25.048992999999996], [121.5778207, 25.049442500000005], [121.5778283, 25.0495141], [121.57793120000001, 25.049511199999998], [121.5786698, 25.0494941], [121.5798824, 25.049494099999997], [121.5799985, 25.0494942]]]}}, {"type": "Feature", "properties": {"id": 859, "area_m2": 9945.23, "basis": "OSM surface road enclosed block"}, "geometry": {"type": "Polygon", "coordinates": [[[121.58591330000002, 25.047278000000002], [121.58554589999999, 25.0469672], [121.58550560000002, 25.0466975], [121.58510930000001, 25.0469343], [121.5845016, 25.047401699999998], [121.5844291, 25.047457499999997], [121.58448680000001, 25.047521299999996], [121.58463700000001, 25.047653699999998], [121.584997, 25.0479031], [121.58511050000001, 25.047981800000002], [121.5851833, 25.047906900000005], [121.5854283, 25.047654899999998], [121.58548940000001, 25.0476046], [121.58556860000002, 25.0475392], [121.58591330000002, 25.047278000000002]]]}}, {"type": "Feature", "properties": {"id": 860, "area_m2": 101.26, "basis": "OSM surface road enclosed block"}, "geometry": {"type": "Polygon", "coordinates": [[[121.57851210000001, 25.050078299999996], [121.5782414, 25.0500204], [121.57848209999999, 25.050115000000005], [121.57857260000002, 25.050126099999996], [121.5786418, 25.050134600000003], [121.57851210000001, 25.050078299999996]]]}}, {"type": "Feature", "properties": {"id": 861, "area_m2": 708.29, "basis": "OSM surface road enclosed block"}, "geometry": {"type": "Polygon", "coordinates": [[[121.5782414, 25.0500204], [121.57806929999998, 25.0500073], [121.57793890000002, 25.050007400000002], [121.5778224, 25.050006600000003], [121.5777538, 25.0501095], [121.57793549999998, 25.050127499999995], [121.57848209999999, 25.050115000000005], [121.5782414, 25.0500204]]]}}, {"type": "Feature", "properties": {"id": 862, "area_m2": 1099.99, "basis": "OSM surface road enclosed block"}, "geometry": {"type": "Polygon", "coordinates": [[[121.58992980000001, 25.0527919], [121.5900092, 25.0523725], [121.589977, 25.0522753], [121.58985659999999, 25.0522138], [121.5898307, 25.052323899999998], [121.5897448, 25.052749099999996], [121.58974620000001, 25.0527661], [121.5897703, 25.0527807], [121.58992980000001, 25.0527919]]]}}, {"type": "Feature", "properties": {"id": 863, "area_m2": 309.04, "basis": "OSM surface road enclosed block"}, "geometry": {"type": "Polygon", "coordinates": [[[121.59515090000001, 25.0498781], [121.59524050000002, 25.0498894], [121.59525620000001, 25.049934399999994], [121.59528110000001, 25.049988499999998], [121.5953205, 25.050007899999997], [121.59537350000001, 25.0500018], [121.5954096, 25.0499752], [121.59542989999998, 25.049923100000004], [121.5954175, 25.0498608], [121.59537799999998, 25.0498353], [121.595307, 25.049837299999997], [121.59524379999999, 25.0498475], [121.59515090000001, 25.0498781]]]}}, {"type": "Feature", "properties": {"id": 864, "area_m2": 7199.74, "basis": "OSM surface road enclosed block"}, "geometry": {"type": "Polygon", "coordinates": [[[121.6035808, 25.0516753], [121.6034748, 25.051663099999995], [121.6026304, 25.051566899999997], [121.5970549, 25.0509297], [121.59604930000002, 25.050781999999998], [121.5958732, 25.050757699999995], [121.5957624, 25.0507432], [121.5957393, 25.050830400000002], [121.5958617, 25.050847299999987], [121.5970408, 25.051002300000004], [121.60280170000001, 25.051674599999995], [121.6034625, 25.051751500000005], [121.6035456, 25.0517618], [121.6035808, 25.0516753]]]}}, {"type": "Feature", "properties": {"id": 865, "area_m2": 90.13, "basis": "OSM surface road enclosed block"}, "geometry": {"type": "Polygon", "coordinates": [[[121.6055301, 25.0518933], [121.6054481, 25.051882499999998], [121.6054358, 25.051979300000006], [121.6055194, 25.051988500000004], [121.6055301, 25.0518933]]]}}, {"type": "Feature", "properties": {"id": 866, "area_m2": 2287.43, "basis": "OSM surface road enclosed block"}, "geometry": {"type": "Polygon", "coordinates": [[[121.60746410000002, 25.0521226], [121.60719200000001, 25.0520905], [121.6067044, 25.052032999999994], [121.6063542, 25.051991699999995], [121.605599, 25.051902699999996], [121.6055301, 25.0518933], [121.6055194, 25.051988500000004], [121.6055859, 25.051995799999997], [121.6056924, 25.052007500000002], [121.60649290000002, 25.052090299999996], [121.6071571, 25.052169299999996], [121.6077797, 25.0522434], [121.60791080000001, 25.052259099999997], [121.6079255, 25.052177000000004], [121.6077879, 25.052160599999997], [121.60746410000002, 25.0521226]]]}}, {"type": "Feature", "properties": {"id": 867, "area_m2": 376.37, "basis": "OSM surface road enclosed block"}, "geometry": {"type": "Polygon", "coordinates": [[[121.5782398, 25.049978399999997], [121.578442, 25.050027400000005], [121.5784544, 25.050026200000005], [121.57846850000001, 25.050016099999997], [121.57847430000001, 25.0500011], [121.57847750000002, 25.049934099999998], [121.57846610000001, 25.049899000000003], [121.57844840000001, 25.049877600000002], [121.57841120000002, 25.049863999999992], [121.5782804, 25.0498617], [121.5782496, 25.0498731], [121.57822940000001, 25.04989129999999], [121.57821839999998, 25.049914200000003], [121.5782191, 25.049947699999997], [121.57822340000001, 25.0499654], [121.5782398, 25.049978399999997]]]}}, {"type": "Feature", "properties": {"id": 868, "area_m2": 560.5, "basis": "OSM surface road enclosed block"}, "geometry": {"type": "Polygon", "coordinates": [[[121.59718110000001, 25.054183899999995], [121.597202, 25.0542166], [121.5972307, 25.054239299999995], [121.59726780000001, 25.054259899999995], [121.59728849999999, 25.05426539999999], [121.59730529999999, 25.054267799999995], [121.59755409999998, 25.054229499999998], [121.5975749, 25.0542222], [121.5975843, 25.054202199999995], [121.59758699999999, 25.0541613], [121.59760500000002, 25.054055600000005], [121.5974423, 25.0541048], [121.59718110000001, 25.054183899999995]]]}}, {"type": "Feature", "properties": {"id": 869, "area_m2": 526.5, "basis": "OSM surface road enclosed block"}, "geometry": {"type": "Polygon", "coordinates": [[[121.58271150000002, 25.0515929], [121.5822514, 25.051589500000002], [121.5820996, 25.051636400000003], [121.58214680000002, 25.051653], [121.58225330000002, 25.051690399999995], [121.58249150000002, 25.051710399999994], [121.58271150000002, 25.0515929]]]}}, {"type": "Feature", "properties": {"id": 870, "area_m2": 1186.34, "basis": "OSM surface road enclosed block"}, "geometry": {"type": "Polygon", "coordinates": [[[121.61624370000001, 25.053222900000005], [121.6162247, 25.053104800000003], [121.61614650000001, 25.0530978], [121.6157443, 25.0530629], [121.6152615, 25.0530207], [121.61525160000001, 25.053123], [121.61565180000001, 25.0531606], [121.6161707, 25.0532157], [121.61624370000001, 25.053222900000005]]]}}, {"type": "Feature", "properties": {"id": 871, "area_m2": 123.1, "basis": "OSM surface road enclosed block"}, "geometry": {"type": "Polygon", "coordinates": [[[121.6162247, 25.053104800000003], [121.61624370000001, 25.053222900000005], [121.6163366, 25.0532237], [121.61631810000002, 25.0531051], [121.6162247, 25.053104800000003]]]}}, {"type": "Feature", "properties": {"id": 872, "area_m2": 7384.48, "basis": "OSM surface road enclosed block"}, "geometry": {"type": "Polygon", "coordinates": [[[121.61624370000001, 25.053222900000005], [121.6161707, 25.0532157], [121.61565180000001, 25.0531606], [121.6156486, 25.053208800000004], [121.6158095, 25.054237399999998], [121.61581250000002, 25.0542759], [121.6163243, 25.0543029], [121.61642910000002, 25.054321599999998], [121.61641650000001, 25.054246699999997], [121.6164063, 25.054179299999998], [121.61625780000001, 25.0533066], [121.61624370000001, 25.053222900000005]]]}}, {"type": "Feature", "properties": {"id": 873, "area_m2": 6146.36, "basis": "OSM surface road enclosed block"}, "geometry": {"type": "Polygon", "coordinates": [[[121.61565180000001, 25.0531606], [121.61525160000001, 25.053123], [121.6152376, 25.053176899999997], [121.61523360000001, 25.053838499999998], [121.61524190000002, 25.054216199999995], [121.6152446, 25.0542516], [121.6153194, 25.054257599999996], [121.61581250000002, 25.0542759], [121.6158095, 25.054237399999998], [121.6156486, 25.053208800000004], [121.61565180000001, 25.0531606]]]}}, {"type": "Feature", "properties": {"id": 874, "area_m2": 20003.05, "basis": "OSM surface road enclosed block"}, "geometry": {"type": "Polygon", "coordinates": [[[121.61525160000001, 25.053123], [121.61504090000001, 25.0531062], [121.61413450000002, 25.053012399999993], [121.6140727, 25.0530063], [121.61407519999999, 25.053047499999995], [121.61403040000002, 25.053370100000002], [121.6137306, 25.053341900000003], [121.61368990000001, 25.053373199999996], [121.6134464, 25.053375099999997], [121.6134464, 25.053411], [121.61344629999999, 25.053544500000005], [121.6134287, 25.053564999999995], [121.61340609999999, 25.0535913], [121.6134116, 25.0536486], [121.61343520000001, 25.0538942], [121.61341849999998, 25.053960399999998], [121.6134059, 25.0540124], [121.61463680000001, 25.054221899999998], [121.61487929999998, 25.054233699999997], [121.61520990000001, 25.054249900000002], [121.6152446, 25.0542516], [121.61524190000002, 25.054216199999995], [121.61523360000001, 25.053838499999998], [121.6152376, 25.053176899999997], [121.61525160000001, 25.053123]]]}}, {"type": "Feature", "properties": {"id": 875, "area_m2": 3249.06, "basis": "OSM surface road enclosed block"}, "geometry": {"type": "Polygon", "coordinates": [[[121.6140727, 25.0530063], [121.61413450000002, 25.053012399999993], [121.61504090000001, 25.0531062], [121.61525160000001, 25.053123], [121.6152615, 25.0530207], [121.6150458, 25.052999], [121.61497460000001, 25.052993], [121.6141557, 25.052898599999995], [121.61270700000001, 25.05273289999999], [121.61262190000001, 25.052724399999995], [121.61261079999998, 25.052826], [121.6126944, 25.052834999999998], [121.6140727, 25.0530063]]]}}, {"type": "Feature", "properties": {"id": 876, "area_m2": 7566.56, "basis": "OSM surface road enclosed block"}, "geometry": {"type": "Polygon", "coordinates": [[[121.6140727, 25.0530063], [121.6126944, 25.052834999999998], [121.61261079999998, 25.052826], [121.61261319999998, 25.0528822], [121.6125812, 25.0531164], [121.6125455, 25.05331249999999], [121.61308960000001, 25.0533678], [121.61309040000002, 25.0534393], [121.61328120000002, 25.0534411], [121.6134464, 25.053411], [121.6134464, 25.053375099999997], [121.61368990000001, 25.053373199999996], [121.6137306, 25.053341900000003], [121.61403040000002, 25.053370100000002], [121.61407519999999, 25.053047499999995], [121.6140727, 25.0530063]]]}}, {"type": "Feature", "properties": {"id": 877, "area_m2": 16483.15, "basis": "OSM surface road enclosed block"}, "geometry": {"type": "Polygon", "coordinates": [[[121.61261079999998, 25.052826], [121.6125536, 25.052816199999995], [121.61151449999998, 25.0526888], [121.6115126, 25.052747199999992], [121.61144970000001, 25.0534747], [121.6114699, 25.053519999999995], [121.61149550000002, 25.0535606], [121.61155860000001, 25.053589599999995], [121.61177729999999, 25.0536555], [121.61219369999999, 25.053752500000005], [121.61332240000002, 25.053997899999995], [121.61336440000001, 25.054005199999995], [121.6134059, 25.0540124], [121.61341849999998, 25.053960399999998], [121.61343520000001, 25.0538942], [121.6134116, 25.0536486], [121.61340609999999, 25.0535913], [121.6134287, 25.053564999999995], [121.6130918, 25.053555000000006], [121.61309040000002, 25.0534393], [121.61308960000001, 25.0533678], [121.6125455, 25.05331249999999], [121.6125812, 25.0531164], [121.61261319999998, 25.0528822], [121.61261079999998, 25.052826]]]}}, {"type": "Feature", "properties": {"id": 878, "area_m2": 3565.49, "basis": "OSM surface road enclosed block"}, "geometry": {"type": "Polygon", "coordinates": [[[121.61151449999998, 25.0526888], [121.6125536, 25.052816199999995], [121.61261079999998, 25.052826], [121.61262190000001, 25.052724399999995], [121.61256610000001, 25.0527148], [121.6115129, 25.052599799999992], [121.60969659999999, 25.052385699999995], [121.6094849, 25.052360800000002], [121.6092806, 25.05233669999999], [121.6090781, 25.05231279999999], [121.60906719999998, 25.0523971], [121.6092729, 25.052421599999995], [121.60948149999999, 25.05244649999999], [121.60968169999998, 25.0524704], [121.61151449999998, 25.0526888]]]}}, {"type": "Feature", "properties": {"id": 879, "area_m2": 36998.34, "basis": "OSM surface road enclosed block"}, "geometry": {"type": "Polygon", "coordinates": [[[121.61151449999998, 25.0526888], [121.60968169999998, 25.0524704], [121.60948149999999, 25.05244649999999], [121.6092729, 25.052421599999995], [121.60906719999998, 25.0523971], [121.60905189999998, 25.0524814], [121.6088579, 25.053466899999997], [121.60883970000002, 25.053556499999996], [121.6089038, 25.0535564], [121.6109266, 25.05384], [121.6112856, 25.053849899999992], [121.61152019999999, 25.053877100000005], [121.61189460000001, 25.053912599999997], [121.6121618, 25.053936399999998], [121.61332240000002, 25.053997899999995], [121.61219369999999, 25.053752500000005], [121.61177729999999, 25.0536555], [121.61155860000001, 25.053589599999995], [121.61149550000002, 25.0535606], [121.6114699, 25.053519999999995], [121.61144970000001, 25.0534747], [121.6115126, 25.052747199999992], [121.61151449999998, 25.0526888]]]}}, {"type": "Feature", "properties": {"id": 880, "area_m2": 14878.51, "basis": "OSM surface road enclosed block"}, "geometry": {"type": "Polygon", "coordinates": [[[121.60906719999998, 25.0523971], [121.6089533, 25.052383500000005], [121.60830209999999, 25.052305899999997], [121.6080586, 25.0522769], [121.60791080000001, 25.052259099999997], [121.60788960000001, 25.052376699999996], [121.6078568, 25.05255959999999], [121.6078321, 25.052697299999995], [121.60773920000001, 25.0532238], [121.60773380000002, 25.053250499999997], [121.60771640000002, 25.053336600000005], [121.6078248, 25.053390299999997], [121.6087283, 25.053539], [121.60883970000002, 25.053556499999996], [121.6088579, 25.053466899999997], [121.60905189999998, 25.0524814], [121.60906719999998, 25.0523971]]]}}, {"type": "Feature", "properties": {"id": 881, "area_m2": 1094.73, "basis": "OSM surface road enclosed block"}, "geometry": {"type": "Polygon", "coordinates": [[[121.60791080000001, 25.052259099999997], [121.6080586, 25.0522769], [121.60830209999999, 25.052305899999997], [121.6089533, 25.052383500000005], [121.60906719999998, 25.0523971], [121.6090781, 25.05231279999999], [121.60896340000001, 25.052299299999998], [121.60822499999999, 25.0522122], [121.6080691, 25.052193700000004], [121.6079255, 25.052177000000004], [121.60791080000001, 25.052259099999997]]]}}, {"type": "Feature", "properties": {"id": 882, "area_m2": 2873.88, "basis": "OSM surface road enclosed block"}, "geometry": {"type": "Polygon", "coordinates": [[[121.61497460000001, 25.052993], [121.6150458, 25.052999], [121.6152615, 25.0530207], [121.61525450000002, 25.0529653], [121.6152602, 25.0527054], [121.61525010000001, 25.052092500000004], [121.61494319999998, 25.052166300000003], [121.61497160000002, 25.052729399999993], [121.61498120000002, 25.052920299999993], [121.61497460000001, 25.052993]]]}}, {"type": "Feature", "properties": {"id": 883, "area_m2": 1836.44, "basis": "OSM surface road enclosed block"}, "geometry": {"type": "Polygon", "coordinates": [[[121.6152615, 25.0530207], [121.6157443, 25.0530629], [121.61574990000001, 25.053001999999996], [121.6157716, 25.0527661], [121.61568579999998, 25.052715100000004], [121.6152602, 25.0527054], [121.61525450000002, 25.0529653], [121.6152615, 25.0530207]]]}}, {"type": "Feature", "properties": {"id": 884, "area_m2": 8207.96, "basis": "OSM surface road enclosed block"}, "geometry": {"type": "Polygon", "coordinates": [[[121.6157443, 25.0530629], [121.61614650000001, 25.0530978], [121.6162247, 25.053104800000003], [121.6162075, 25.0530188], [121.6161005, 25.052339099999998], [121.61604699999998, 25.052053899999997], [121.6160242, 25.0519848], [121.61596059999998, 25.051992000000006], [121.61525010000001, 25.052092500000004], [121.6152602, 25.0527054], [121.61568579999998, 25.052715100000004], [121.6157716, 25.0527661], [121.61574990000001, 25.053001999999996], [121.6157443, 25.0530629]]]}}, {"type": "Feature", "properties": {"id": 885, "area_m2": 130604.93, "basis": "OSM surface road enclosed block"}, "geometry": {"type": "Polygon", "coordinates": [[[121.6091673, 25.0588403], [121.6092393, 25.0588689], [121.609734, 25.0590725], [121.6098111, 25.0591042], [121.6098233, 25.0590048], [121.60988059999998, 25.058537199999993], [121.60989589999998, 25.058414], [121.60995979999998, 25.057898999999995], [121.6099812, 25.057726499999994], [121.61001130000001, 25.057493100000002], [121.6100317, 25.057335], [121.6100448, 25.057233299999996], [121.6100531, 25.057161700000005], [121.61007709999998, 25.0569558], [121.610082, 25.056914], [121.61013310000001, 25.056501899999997], [121.61014490000001, 25.056407], [121.6102485, 25.0555692], [121.61031, 25.0550731], [121.6103215, 25.0549797], [121.61024299999998, 25.054966100000005], [121.60962480000002, 25.0548605], [121.6092962, 25.054804300000008], [121.6090874, 25.054768499999994], [121.6086884, 25.054700199999992], [121.6086097, 25.054686800000002], [121.6085326, 25.054673199999996], [121.60836050000002, 25.054641900000004], [121.6076508, 25.054512600000002], [121.60750079999998, 25.054490100000002], [121.607492, 25.054612499999994], [121.60739060000002, 25.055048399999997], [121.6073746, 25.0551193], [121.6072669, 25.055595600000004], [121.6071648, 25.056054399999994], [121.6071472, 25.056124999999994], [121.60713490000002, 25.056179400000005], [121.6071069, 25.056303], [121.60708609999999, 25.056395399999992], [121.60706140000002, 25.056504500000003], [121.6070049, 25.056754399999996], [121.60696370000001, 25.056936599999997], [121.60694770000002, 25.057007399999996], [121.60687850000001, 25.05729399999999], [121.6068455, 25.057459500000004], [121.6068313, 25.057521999999995], [121.6067847, 25.0577284], [121.6067247, 25.057993499999995], [121.6067236, 25.057996299999992], [121.6067019, 25.0581034], [121.60679650000002, 25.058121299999996], [121.6070157, 25.058161799999993], [121.6074249, 25.0582402], [121.60795310000002, 25.0583756], [121.60827390000001, 25.058471000000004], [121.60895160000001, 25.058749099999996], [121.60900240000001, 25.0587691], [121.6091067, 25.058814300000005], [121.6091673, 25.0588403]]]}}, {"type": "Feature", "properties": {"id": 886, "area_m2": 48543.74, "basis": "OSM surface road enclosed block"}, "geometry": {"type": "Polygon", "coordinates": [[[121.6165829, 25.0551562], [121.6164446, 25.055167599999997], [121.6153531, 25.05525769999999], [121.61526320000002, 25.055265200000004], [121.61496830000002, 25.055324800000005], [121.6140615, 25.055362799999997], [121.6139271, 25.055365500000004], [121.6139342, 25.055459100000004], [121.6139872, 25.056158600000003], [121.61399479999999, 25.0562588], [121.6140423, 25.0568859], [121.6140447, 25.05691849999999], [121.61405200000002, 25.05701459999999], [121.61417740000002, 25.0570065], [121.6142091, 25.0570045], [121.6146649, 25.056975099999995], [121.6153478, 25.056930999999995], [121.6160833, 25.056883599999992], [121.6165623, 25.0568527], [121.6166531, 25.05685019999999], [121.61664570000002, 25.0567471], [121.6165623, 25.055589399999995], [121.61658, 25.055356900000003], [121.6165829, 25.0551562]]]}}, {"type": "Feature", "properties": {"id": 887, "area_m2": 10153.08, "basis": "OSM surface road enclosed block"}, "geometry": {"type": "Polygon", "coordinates": [[[121.61526320000002, 25.055265200000004], [121.6153531, 25.05525769999999], [121.6164446, 25.055167599999997], [121.6165829, 25.0551562], [121.61656320000002, 25.0550344], [121.6164714, 25.054558300000004], [121.6163551, 25.054542699999995], [121.6153976, 25.0544512], [121.61532030000001, 25.054443900000003], [121.61525720000002, 25.0544377], [121.61525699999999, 25.054471700000004], [121.6152571, 25.05450009999999], [121.6152567, 25.0545712], [121.6152566, 25.054603099999998], [121.6152564, 25.0546816], [121.6152562, 25.0547574], [121.6152559, 25.054854199999998], [121.61525570000002, 25.0549013], [121.61525570000002, 25.054922300000005], [121.6152555, 25.0549806], [121.6152598, 25.055197899999996], [121.61526320000002, 25.055265200000004]]]}}, {"type": "Feature", "properties": {"id": 888, "area_m2": 40740.34, "basis": "OSM surface road enclosed block"}, "geometry": {"type": "Polygon", "coordinates": [[[121.6117092, 25.059063499999997], [121.61181269999999, 25.0590673], [121.61259690000001, 25.059075699999994], [121.6125914, 25.0589751], [121.612577, 25.058584299999996], [121.6125596, 25.058240499999997], [121.6124294, 25.0562689], [121.61244239999999, 25.05621169999999], [121.61223960000001, 25.05612689999999], [121.61208300000001, 25.056021300000005], [121.6120314, 25.055999399999997], [121.61197530000001, 25.055980499999997], [121.61188349999999, 25.0560288], [121.61161650000001, 25.0561694], [121.6114041, 25.0562835], [121.61135000000002, 25.0563164], [121.6113438, 25.0564206], [121.611295, 25.057237099999995], [121.6112226, 25.058554000000004], [121.6112118, 25.058696], [121.61119220000002, 25.058982699999998], [121.61118379999999, 25.059050299999996], [121.61155860000001, 25.059054199999995], [121.6117092, 25.059063499999997]]]}}, {"type": "Feature", "properties": {"id": 889, "area_m2": 50616.01, "basis": "OSM surface road enclosed block"}, "geometry": {"type": "Polygon", "coordinates": [[[121.61259690000001, 25.059075699999994], [121.61282619999999, 25.059078099999997], [121.61342230000001, 25.0590665], [121.6141102, 25.059053099999996], [121.61421, 25.059051399999998], [121.61420110000002, 25.058906899999997], [121.6141531, 25.0583493], [121.6141476, 25.058277199999996], [121.61414410000002, 25.0582311], [121.6141215, 25.0579315], [121.6141081, 25.057754699999997], [121.6141022, 25.0576772], [121.61408350000002, 25.057429599999995], [121.61406469999999, 25.057182], [121.61406140000001, 25.057138299999995], [121.61405200000002, 25.05701459999999], [121.6140447, 25.05691849999999], [121.6140423, 25.0568859], [121.61399479999999, 25.0562588], [121.6139872, 25.056158600000003], [121.6139186, 25.056163199999997], [121.6133004, 25.056205799999997], [121.6131665, 25.056216499999998], [121.6130498, 25.0562249], [121.61300440000001, 25.056232599999998], [121.6129194, 25.056231100000005], [121.6127591, 25.0562282], [121.61244239999999, 25.05621169999999], [121.6124294, 25.0562689], [121.6125596, 25.058240499999997], [121.612577, 25.058584299999996], [121.6125914, 25.0589751], [121.61259690000001, 25.059075699999994]]]}}, {"type": "Feature", "properties": {"id": 890, "area_m2": 12273.89, "basis": "OSM surface road enclosed block"}, "geometry": {"type": "Polygon", "coordinates": [[[121.6102485, 25.0555692], [121.61014490000001, 25.056407], [121.61020070000001, 25.0564131], [121.6106565, 25.0564592], [121.61101880000001, 25.056482500000005], [121.61118979999999, 25.056396699999997], [121.61135000000002, 25.0563164], [121.6114041, 25.0562835], [121.61161650000001, 25.0561694], [121.61188349999999, 25.0560288], [121.61197530000001, 25.055980499999997], [121.61192729999999, 25.055957399999997], [121.611535, 25.055768599999997], [121.61032210000002, 25.055580599999995], [121.6102485, 25.0555692]]]}}, {"type": "Feature", "properties": {"id": 891, "area_m2": 14693.36, "basis": "OSM surface road enclosed block"}, "geometry": {"type": "Polygon", "coordinates": [[[121.6103215, 25.0549797], [121.61031, 25.0550731], [121.6102485, 25.0555692], [121.61032210000002, 25.055580599999995], [121.611535, 25.055768599999997], [121.61192729999999, 25.055957399999997], [121.61197530000001, 25.055980499999997], [121.6120326, 25.0559522], [121.61246280000002, 25.0557529], [121.6125358, 25.055712899999996], [121.6124682, 25.055473899999996], [121.61245119999998, 25.055388699999998], [121.61245449999998, 25.055335099999997], [121.61238089999999, 25.055323100000006], [121.6112803, 25.0551437], [121.6104367, 25.054999399999993], [121.6103215, 25.0549797]]]}}, {"type": "Feature", "properties": {"id": 892, "area_m2": 8248.46, "basis": "OSM surface road enclosed block"}, "geometry": {"type": "Polygon", "coordinates": [[[121.60594639999998, 25.0553369], [121.6059293, 25.055408299999996], [121.6058627, 25.055687399999997], [121.60581789999999, 25.0558748], [121.60590960000002, 25.055891799999994], [121.606161, 25.055938199999996], [121.6064795, 25.055997099999995], [121.60705850000001, 25.056111200000004], [121.6071472, 25.056124999999994], [121.6071648, 25.056054399999994], [121.6072669, 25.055595600000004], [121.60718179999999, 25.055578999999998], [121.6062949, 25.0554061], [121.60603159999998, 25.0553538], [121.60594639999998, 25.0553369]]]}}, {"type": "Feature", "properties": {"id": 893, "area_m2": 8151.2, "basis": "OSM surface road enclosed block"}, "geometry": {"type": "Polygon", "coordinates": [[[121.6060692, 25.0548229], [121.6060554, 25.054880900000004], [121.6059602, 25.05527929999999], [121.60594639999998, 25.0553369], [121.60603159999998, 25.0553538], [121.6062949, 25.0554061], [121.60718179999999, 25.055578999999998], [121.6072669, 25.055595600000004], [121.6073746, 25.0551193], [121.60739060000002, 25.055048399999997], [121.6073076, 25.055037200000005], [121.6068993, 25.054966600000004], [121.6068222, 25.054953200000003], [121.6064082, 25.0548816], [121.60611999999999, 25.0548318], [121.6060692, 25.0548229]]]}}, {"type": "Feature", "properties": {"id": 894, "area_m2": 5339.91, "basis": "OSM surface road enclosed block"}, "geometry": {"type": "Polygon", "coordinates": [[[121.6062057, 25.054269000000005], [121.60618189999998, 25.054364], [121.60607880000002, 25.054782700000004], [121.6060692, 25.0548229], [121.60611999999999, 25.0548318], [121.6064082, 25.0548816], [121.6068222, 25.054953200000003], [121.6068993, 25.054966600000004], [121.60690849999999, 25.054924800000002], [121.60700249999998, 25.0544978], [121.60702259999998, 25.0544063], [121.6069531, 25.054394], [121.6067499, 25.054358099999998], [121.60631950000001, 25.0542891], [121.6062057, 25.054269000000005]]]}}, {"type": "Feature", "properties": {"id": 895, "area_m2": 3194.32, "basis": "OSM surface road enclosed block"}, "geometry": {"type": "Polygon", "coordinates": [[[121.6068993, 25.054966600000004], [121.6073076, 25.055037200000005], [121.60739060000002, 25.055048399999997], [121.607492, 25.054612499999994], [121.60750079999998, 25.054490100000002], [121.60738160000001, 25.054468799999995], [121.60702259999998, 25.0544063], [121.60700249999998, 25.0544978], [121.60690849999999, 25.054924800000002], [121.6068993, 25.054966600000004]]]}}, {"type": "Feature", "properties": {"id": 896, "area_m2": 1085.52, "basis": "OSM surface road enclosed block"}, "geometry": {"type": "Polygon", "coordinates": [[[121.61396059999998, 25.055130499999997], [121.61394160000002, 25.055258499999997], [121.6140547, 25.0552519], [121.6149637, 25.055231], [121.61451820000002, 25.055119], [121.6140523, 25.0551286], [121.61396059999998, 25.055130499999997]]]}}, {"type": "Feature", "properties": {"id": 897, "area_m2": 627.71, "basis": "OSM surface road enclosed block"}, "geometry": {"type": "Polygon", "coordinates": [[[121.61394160000002, 25.055258499999997], [121.61396059999998, 25.055130499999997], [121.6138185, 25.055133399999992], [121.6136205, 25.055152900000003], [121.61333979999999, 25.0552572], [121.6138182, 25.055264699999995], [121.61394160000002, 25.055258499999997]]]}}, {"type": "Feature", "properties": {"id": 898, "area_m2": 8872.46, "basis": "OSM surface road enclosed block"}, "geometry": {"type": "Polygon", "coordinates": [[[121.6131893, 25.055311999999997], [121.61314230000002, 25.055430999999995], [121.6130862, 25.055465400000003], [121.61287359999999, 25.055566499999994], [121.61288769999999, 25.055601699999993], [121.6129823, 25.055779799999996], [121.6130192, 25.056022999999996], [121.6130498, 25.0562249], [121.6131665, 25.056216499999998], [121.6133004, 25.056205799999997], [121.6139186, 25.056163199999997], [121.6139872, 25.056158600000003], [121.6139342, 25.055459100000004], [121.6139271, 25.055365500000004], [121.6138263, 25.055368599999998], [121.61334, 25.055363199999995], [121.6132553, 25.055334399999996], [121.6131893, 25.055311999999997]]]}}, {"type": "Feature", "properties": {"id": 899, "area_m2": 1975.57, "basis": "OSM surface road enclosed block"}, "geometry": {"type": "Polygon", "coordinates": [[[121.61287359999999, 25.055566499999994], [121.6130862, 25.055465400000003], [121.61314230000002, 25.055430999999995], [121.6131893, 25.055311999999997], [121.6125353, 25.055332599999996], [121.61245449999998, 25.055335099999997], [121.61245119999998, 25.055388699999998], [121.6124682, 25.055473899999996], [121.6125358, 25.055712899999996], [121.6126189, 25.0556762], [121.61287359999999, 25.055566499999994]]]}}, {"type": "Feature", "properties": {"id": 900, "area_m2": 4740.13, "basis": "OSM surface road enclosed block"}, "geometry": {"type": "Polygon", "coordinates": [[[121.61287359999999, 25.055566499999994], [121.6126189, 25.0556762], [121.6125358, 25.055712899999996], [121.61246280000002, 25.0557529], [121.6120326, 25.0559522], [121.61197530000001, 25.055980499999997], [121.6120314, 25.055999399999997], [121.61208300000001, 25.056021300000005], [121.61223960000001, 25.05612689999999], [121.61244239999999, 25.05621169999999], [121.6127591, 25.0562282], [121.6129194, 25.056231100000005], [121.61300440000001, 25.056232599999998], [121.6130498, 25.0562249], [121.6130192, 25.056022999999996], [121.6129823, 25.055779799999996], [121.61288769999999, 25.055601699999993], [121.61287359999999, 25.055566499999994]]]}}, {"type": "Feature", "properties": {"id": 901, "area_m2": 15925.58, "basis": "OSM surface road enclosed block"}, "geometry": {"type": "Polygon", "coordinates": [[[121.606449, 25.053196399999994], [121.60642000000001, 25.053324400000005], [121.60632520000001, 25.053742199999995], [121.6062297, 25.0541694], [121.6062057, 25.054269000000005], [121.60631950000001, 25.0542891], [121.6067499, 25.054358099999998], [121.6069531, 25.054394], [121.60702259999998, 25.0544063], [121.60738160000001, 25.054468799999995], [121.60750079999998, 25.054490100000002], [121.6075075, 25.054398], [121.6075833, 25.054029599999996], [121.60759439999998, 25.0539697], [121.6075974, 25.053953800000002], [121.60760969999998, 25.053882100000003], [121.6076781, 25.0535179], [121.60770394632506, 25.053394890643414], [121.6077037, 25.0533949], [121.6075584, 25.0533684], [121.60729789999999, 25.0533241], [121.6070952, 25.053297599999997], [121.60694629999999, 25.053271999999996], [121.6065753, 25.0532157], [121.606449, 25.053196399999994]]]}}, {"type": "Feature", "properties": {"id": 902, "area_m2": 48124.4, "basis": "OSM surface road enclosed block"}, "geometry": {"type": "Polygon", "coordinates": [[[121.60883970000002, 25.053556499999996], [121.60881030000002, 25.053700999999997], [121.60871999999999, 25.0541447], [121.608677, 25.054356000000002], [121.60862879999999, 25.0545934], [121.6086097, 25.054686800000002], [121.6086884, 25.054700199999992], [121.6090874, 25.054768499999994], [121.6092962, 25.054804300000008], [121.60962480000002, 25.0548605], [121.61024299999998, 25.054966100000005], [121.6103215, 25.0549797], [121.6104367, 25.054999399999993], [121.6112803, 25.0551437], [121.61238089999999, 25.055323100000006], [121.61245449999998, 25.055335099999997], [121.6124585, 25.055270199999992], [121.6122458, 25.054545799999996], [121.6122079, 25.054259899999998], [121.6122136, 25.054139999999993], [121.61222070000001, 25.0540867], [121.61213840000002, 25.054071599999993], [121.6118867, 25.054031499999994], [121.6109266, 25.05384], [121.6089038, 25.0535564], [121.60883970000002, 25.053556499999996]], [[121.6097246, 25.0544829], [121.60966050000002, 25.0544507], [121.6096259, 25.0543922], [121.6096316, 25.054326099999997], [121.60967590000001, 25.0542732], [121.6097448, 25.054250399999994], [121.6098162, 25.054264999999994], [121.60986769999998, 25.054312299999996], [121.6098828, 25.054377199999994], [121.6098567, 25.05443929999999], [121.60979770000002, 25.054478700000004], [121.6097246, 25.0544829]]]}}, {"type": "Feature", "properties": {"id": 903, "area_m2": 7598.25, "basis": "OSM surface road enclosed block"}, "geometry": {"type": "Polygon", "coordinates": [[[121.60871999999999, 25.0541447], [121.60881030000002, 25.053700999999997], [121.60883970000002, 25.053556499999996], [121.6087283, 25.053539], [121.6078248, 25.053390299999997], [121.60770394632506, 25.053394890643414], [121.6076781, 25.0535179], [121.60760969999998, 25.053882100000003], [121.6075974, 25.053953800000002], [121.6077097, 25.053971800000003], [121.6084543, 25.054099199999996], [121.60864380000001, 25.0541317], [121.60871999999999, 25.0541447]]]}}, {"type": "Feature", "properties": {"id": 904, "area_m2": 1613.04, "basis": "OSM surface road enclosed block"}, "geometry": {"type": "Polygon", "coordinates": [[[121.6086097, 25.054686800000002], [121.60862879999999, 25.0545934], [121.608677, 25.054356000000002], [121.60871999999999, 25.0541447], [121.60864380000001, 25.0541317], [121.6084543, 25.054099199999996], [121.60844550000002, 25.054150099999998], [121.6084169, 25.054315299999995], [121.6083715, 25.054577700000003], [121.60836050000002, 25.054641900000004], [121.6085326, 25.054673199999996], [121.6086097, 25.054686800000002]]]}}, {"type": "Feature", "properties": {"id": 905, "area_m2": 6493.71, "basis": "OSM surface road enclosed block"}, "geometry": {"type": "Polygon", "coordinates": [[[121.6138124, 25.054494899999998], [121.61326299999999, 25.054428499999997], [121.61325499999998, 25.054468099999994], [121.6132271, 25.0544695], [121.61306790000002, 25.0544775], [121.61307630000002, 25.0548066], [121.613165, 25.055136200000003], [121.61319600000002, 25.055244200000004], [121.6131893, 25.055311999999997], [121.6132589, 25.05528659999999], [121.61333979999999, 25.0552572], [121.6136205, 25.055152900000003], [121.6138185, 25.055133399999992], [121.61396059999998, 25.055130499999997], [121.6139552, 25.055068699999993], [121.61392190000001, 25.0546843], [121.61379640000001, 25.0546648], [121.6137813, 25.054644700000004], [121.6138124, 25.054494899999998]]]}}, {"type": "Feature", "properties": {"id": 906, "area_m2": 1692.73, "basis": "OSM surface road enclosed block"}, "geometry": {"type": "Polygon", "coordinates": [[[121.61306790000002, 25.0544775], [121.6132271, 25.0544695], [121.61325499999998, 25.054468099999994], [121.61326299999999, 25.054428499999997], [121.6138124, 25.054494899999998], [121.6138239, 25.0543528], [121.6138281, 25.054309199999995], [121.6131311, 25.054223399999998], [121.61307699999999, 25.0542167], [121.6130741, 25.0542648], [121.61306790000002, 25.0544775]]]}}, {"type": "Feature", "properties": {"id": 907, "area_m2": 10360.74, "basis": "OSM surface road enclosed block"}, "geometry": {"type": "Polygon", "coordinates": [[[121.61222070000001, 25.0540867], [121.6122136, 25.054139999999993], [121.6122079, 25.054259899999998], [121.6122458, 25.054545799999996], [121.6124585, 25.055270199999992], [121.61245449999998, 25.055335099999997], [121.6125353, 25.055332599999996], [121.6131893, 25.055311999999997], [121.61319600000002, 25.055244200000004], [121.613165, 25.055136200000003], [121.61307630000002, 25.0548066], [121.61306790000002, 25.0544775], [121.6130741, 25.0542648], [121.61307699999999, 25.0542167], [121.61222070000001, 25.0540867]]]}}, {"type": "Feature", "properties": {"id": 908, "area_m2": 1393.17, "basis": "OSM surface road enclosed block"}, "geometry": {"type": "Polygon", "coordinates": [[[121.60321280000001, 25.054077], [121.60324309999999, 25.053922499999995], [121.60255159999998, 25.053798199999996], [121.6024964, 25.053811], [121.60247799999999, 25.0538213], [121.6024596, 25.0539072], [121.60246519999998, 25.0539431], [121.6024865, 25.053958500000004], [121.60321280000001, 25.054077]]]}}, {"type": "Feature", "properties": {"id": 909, "area_m2": 8355.41, "basis": "OSM surface road enclosed block"}, "geometry": {"type": "Polygon", "coordinates": [[[121.6040941, 25.054174099999997], [121.60405889999998, 25.054394299999995], [121.6040362, 25.0545255], [121.6040293, 25.054585100000004], [121.60402439999999, 25.054626899999995], [121.6040298, 25.0547202], [121.6040458, 25.054784799999997], [121.60406330000002, 25.0548456], [121.6040834, 25.054912400000003], [121.6041047, 25.054967499999997], [121.6041865, 25.054974299999994], [121.6046279, 25.0550109], [121.6048832, 25.055052299999996], [121.6049402, 25.0550616], [121.6049549, 25.054874899999994], [121.6049699, 25.054684199999997], [121.6049897, 25.0545013], [121.6050134, 25.054276100000003], [121.60503130000001, 25.054135299999988], [121.6050424, 25.0540585], [121.60498630000001, 25.054127099999995], [121.6048349, 25.054288200000006], [121.6047827, 25.0543086], [121.6047289, 25.0543138], [121.60466520000001, 25.054302200000002], [121.6044231, 25.0542535], [121.60437359999999, 25.054226599999996], [121.60430420000002, 25.0541483], [121.604203, 25.053988699999998], [121.60413960000001, 25.053896799999997], [121.60412670000001, 25.053974], [121.604104, 25.05411159999999], [121.6040941, 25.054174099999997]]]}}, {"type": "Feature", "properties": {"id": 910, "area_m2": 252.81, "basis": "OSM surface road enclosed block"}, "geometry": {"type": "Polygon", "coordinates": [[[121.6040941, 25.054174099999997], [121.604104, 25.05411159999999], [121.6040193, 25.054094100000004], [121.60376770000002, 25.054041900000005], [121.6037209, 25.054056], [121.603708, 25.054086100000003], [121.6040085, 25.0541546], [121.6040941, 25.054174099999997]]]}}, {"type": "Feature", "properties": {"id": 911, "area_m2": 12110.79, "basis": "OSM surface road enclosed block"}, "geometry": {"type": "Polygon", "coordinates": [[[121.6138124, 25.054494899999998], [121.6137813, 25.054644700000004], [121.61379640000001, 25.0546648], [121.61392190000001, 25.0546843], [121.6139552, 25.055068699999993], [121.61396059999998, 25.055130499999997], [121.6140523, 25.0551286], [121.61451820000002, 25.055119], [121.6149637, 25.055231], [121.61526320000002, 25.055265200000004], [121.6152598, 25.055197899999996], [121.6152555, 25.0549806], [121.61525570000002, 25.054922300000005], [121.61525570000002, 25.0549013], [121.6152559, 25.054854199999998], [121.6152562, 25.0547574], [121.6152564, 25.0546816], [121.6152566, 25.054603099999998], [121.6152567, 25.0545712], [121.6152571, 25.05450009999999], [121.61525699999999, 25.054471700000004], [121.61525720000002, 25.0544377], [121.61520750000001, 25.054433899999996], [121.6147146, 25.054396099999995], [121.6138281, 25.054309199999995], [121.6138239, 25.0543528], [121.6138124, 25.054494899999998]]]}}, {"type": "Feature", "properties": {"id": 912, "area_m2": 9710.09, "basis": "OSM surface road enclosed block"}, "geometry": {"type": "Polygon", "coordinates": [[[121.6163075, 25.052947400000004], [121.61634670000001, 25.052941799999992], [121.61682000000002, 25.0528709], [121.61713150000001, 25.052824299999997], [121.6171474, 25.052794899999995], [121.6171095, 25.0525313], [121.617102, 25.0524839], [121.6170906, 25.0524109], [121.61702710000002, 25.052006399999996], [121.61704020000002, 25.051966499999995], [121.61708139999999, 25.051895499999997], [121.61700460000002, 25.0518491], [121.61690760000002, 25.051788700000003], [121.6168629, 25.051827999999997], [121.61680449999999, 25.051851300000003], [121.6163072, 25.0519424], [121.6162203, 25.0519569], [121.61613780000002, 25.051970999999995], [121.6161638, 25.0520535], [121.6163075, 25.052947400000004]]]}}, {"type": "Feature", "properties": {"id": 913, "area_m2": 13797.69, "basis": "OSM surface road enclosed block"}, "geometry": {"type": "Polygon", "coordinates": [[[121.61713150000001, 25.052824299999997], [121.61682000000002, 25.0528709], [121.61634670000001, 25.052941799999992], [121.6163075, 25.052947400000004], [121.61631180000002, 25.053008], [121.61631810000002, 25.0531051], [121.6163366, 25.0532237], [121.61635230000002, 25.053301900000005], [121.61648980000001, 25.054156099999997], [121.61650290000001, 25.054242100000003], [121.6165161, 25.0543244], [121.6165727, 25.0543396], [121.61663520000002, 25.0543392], [121.61691010000001, 25.054347400000005], [121.61715510000002, 25.054354600000003], [121.61735660000001, 25.054360600000006], [121.6173486, 25.0543162], [121.61728510000002, 25.0538739], [121.6171761, 25.0531138], [121.61713150000001, 25.052824299999997]]]}}, {"type": "Feature", "properties": {"id": 914, "area_m2": 500.69, "basis": "OSM surface road enclosed block"}, "geometry": {"type": "Polygon", "coordinates": [[[121.61309040000002, 25.0534393], [121.6130918, 25.053555000000006], [121.6134287, 25.053564999999995], [121.61344629999999, 25.053544500000005], [121.6134464, 25.053411], [121.61328120000002, 25.0534411], [121.61309040000002, 25.0534393]]]}}, {"type": "Feature", "properties": {"id": 915, "area_m2": 1131.13, "basis": "OSM surface road enclosed block"}, "geometry": {"type": "Polygon", "coordinates": [[[121.61525720000002, 25.0544377], [121.61532030000001, 25.054443900000003], [121.6153976, 25.0544512], [121.6163551, 25.054542699999995], [121.6164714, 25.054558300000004], [121.61645529999998, 25.054476899999997], [121.61634630000002, 25.054462299999997], [121.61578640000002, 25.054411699999996], [121.6153198, 25.054342899999998], [121.6152507, 25.054331899999998], [121.61525720000002, 25.0544377]]]}}, {"type": "Feature", "properties": {"id": 916, "area_m2": 7054.05, "basis": "OSM surface road enclosed block"}, "geometry": {"type": "Polygon", "coordinates": [[[121.6147146, 25.054396099999995], [121.61520750000001, 25.054433899999996], [121.61525720000002, 25.0544377], [121.6152507, 25.054331899999998], [121.61520890000001, 25.054324999999995], [121.61487500000001, 25.054260999999997], [121.61463680000001, 25.054221899999998], [121.6134059, 25.0540124], [121.61336440000001, 25.054005199999995], [121.61332240000002, 25.053997899999995], [121.6121618, 25.053936399999998], [121.61189460000001, 25.053912599999997], [121.6118594, 25.0539508], [121.61184969999998, 25.053979599999998], [121.6118558, 25.054007999999993], [121.6118867, 25.054031499999994], [121.61213840000002, 25.054071599999993], [121.61222070000001, 25.0540867], [121.61307699999999, 25.0542167], [121.6131311, 25.054223399999998], [121.6138281, 25.054309199999995], [121.6147146, 25.054396099999995]]]}}, {"type": "Feature", "properties": {"id": 917, "area_m2": 693.55, "basis": "OSM surface road enclosed block"}, "geometry": {"type": "Polygon", "coordinates": [[[121.6109266, 25.05384], [121.6118867, 25.054031499999994], [121.6118558, 25.054007999999993], [121.61184969999998, 25.053979599999998], [121.6118594, 25.0539508], [121.61189460000001, 25.053912599999997], [121.61152019999999, 25.053877100000005], [121.6112856, 25.053849899999992], [121.6109266, 25.05384]]]}}, {"type": "Feature", "properties": {"id": 918, "area_m2": 28049.25, "basis": "OSM surface road enclosed block"}, "geometry": {"type": "Polygon", "coordinates": [[[121.6054129, 25.052688899999996], [121.60538379999998, 25.0528813], [121.60537000000001, 25.052971000000003], [121.60544560000001, 25.052983999999995], [121.60630689999999, 25.0531186], [121.606461, 25.0531428], [121.60658530000002, 25.053162199999996], [121.60695650000001, 25.05322], [121.60708649999998, 25.0532413], [121.6073062, 25.0532772], [121.60755989999998, 25.053313699999993], [121.60771640000002, 25.053336600000005], [121.60773380000002, 25.053250499999997], [121.60773920000001, 25.0532238], [121.6078321, 25.052697299999995], [121.6078568, 25.05255959999999], [121.60788960000001, 25.052376699999996], [121.60791080000001, 25.052259099999997], [121.6077797, 25.0522434], [121.6071571, 25.052169299999996], [121.60649290000002, 25.052090299999996], [121.6056924, 25.052007500000002], [121.6055859, 25.051995799999997], [121.6055194, 25.051988500000004], [121.60550370000001, 25.0520914], [121.6054872, 25.0522], [121.605445, 25.0524778], [121.6054129, 25.052688899999996]]]}}, {"type": "Feature", "properties": {"id": 919, "area_m2": 630.87, "basis": "OSM surface road enclosed block"}, "geometry": {"type": "Polygon", "coordinates": [[[121.6164714, 25.054558300000004], [121.61656320000002, 25.0550344], [121.6165829, 25.0551562], [121.6166831, 25.0550919], [121.61666280000001, 25.055013600000002], [121.616565, 25.054562200000003], [121.61654160000002, 25.054561199999995], [121.6164714, 25.054558300000004]]]}}, {"type": "Feature", "properties": {"id": 920, "area_m2": 1391.32, "basis": "OSM surface road enclosed block"}, "geometry": {"type": "Polygon", "coordinates": [[[121.6162247, 25.053104800000003], [121.61631810000002, 25.0531051], [121.61631180000002, 25.053008], [121.6163075, 25.052947400000004], [121.6161638, 25.0520535], [121.61613780000002, 25.051970999999995], [121.6160242, 25.0519848], [121.61604699999998, 25.052053899999997], [121.6161005, 25.052339099999998], [121.6162075, 25.0530188], [121.6162247, 25.053104800000003]]]}}, {"type": "Feature", "properties": {"id": 921, "area_m2": 1733.78, "basis": "OSM surface road enclosed block"}, "geometry": {"type": "Polygon", "coordinates": [[[121.6152446, 25.0542516], [121.6152507, 25.054331899999998], [121.6153198, 25.054342899999998], [121.61578640000002, 25.054411699999996], [121.61634630000002, 25.054462299999997], [121.61645529999998, 25.054476899999997], [121.61642910000002, 25.054321599999998], [121.6163243, 25.0543029], [121.61581250000002, 25.0542759], [121.6153194, 25.054257599999996], [121.6152446, 25.0542516]]]}}, {"type": "Feature", "properties": {"id": 922, "area_m2": 261.69, "basis": "OSM surface road enclosed block"}, "geometry": {"type": "Polygon", "coordinates": [[[121.6152507, 25.054331899999998], [121.6152446, 25.0542516], [121.61520990000001, 25.054249900000002], [121.61487929999998, 25.054233699999997], [121.61463680000001, 25.054221899999998], [121.61487500000001, 25.054260999999997], [121.61520890000001, 25.054324999999995], [121.6152507, 25.054331899999998]]]}}, {"type": "Feature", "properties": {"id": 923, "area_m2": 154.38, "basis": "OSM surface road enclosed block"}, "geometry": {"type": "Polygon", "coordinates": [[[121.61642910000002, 25.054321599999998], [121.61645529999998, 25.054476899999997], [121.61654770000001, 25.054478500000002], [121.6165161, 25.0543244], [121.61642910000002, 25.054321599999998]]]}}, {"type": "Feature", "properties": {"id": 924, "area_m2": 1117.21, "basis": "OSM surface road enclosed block"}, "geometry": {"type": "Polygon", "coordinates": [[[121.61624370000001, 25.053222900000005], [121.61625780000001, 25.0533066], [121.6164063, 25.054179299999998], [121.61641650000001, 25.054246699999997], [121.61642910000002, 25.054321599999998], [121.6165161, 25.0543244], [121.61650290000001, 25.054242100000003], [121.61648980000001, 25.054156099999997], [121.61635230000002, 25.053301900000005], [121.6163366, 25.0532237], [121.61624370000001, 25.053222900000005]]]}}, {"type": "Feature", "properties": {"id": 925, "area_m2": 1347.03, "basis": "OSM surface road enclosed block"}, "geometry": {"type": "Polygon", "coordinates": [[[121.61394160000002, 25.055258499999997], [121.6139271, 25.055365500000004], [121.6140615, 25.055362799999997], [121.61496830000002, 25.055324800000005], [121.61526320000002, 25.055265200000004], [121.6149637, 25.055231], [121.6140547, 25.0552519], [121.61394160000002, 25.055258499999997]]]}}, {"type": "Feature", "properties": {"id": 926, "area_m2": 786.67, "basis": "OSM surface road enclosed block"}, "geometry": {"type": "Polygon", "coordinates": [[[121.6139271, 25.055365500000004], [121.61394160000002, 25.055258499999997], [121.6138182, 25.055264699999995], [121.61333979999999, 25.0552572], [121.6132589, 25.05528659999999], [121.6131893, 25.055311999999997], [121.6132553, 25.055334399999996], [121.61334, 25.055363199999995], [121.6138263, 25.055368599999998], [121.6139271, 25.055365500000004]]]}}, {"type": "Feature", "properties": {"id": 927, "area_m2": 754.43, "basis": "OSM surface road enclosed block"}, "geometry": {"type": "Polygon", "coordinates": [[[121.6073062, 25.0532772], [121.60708649999998, 25.0532413], [121.60695650000001, 25.05322], [121.60658530000002, 25.053162199999996], [121.606461, 25.0531428], [121.606449, 25.053196399999994], [121.6065753, 25.0532157], [121.60694629999999, 25.053271999999996], [121.6070952, 25.053297599999997], [121.60729789999999, 25.0533241], [121.6075584, 25.0533684], [121.6077037, 25.0533949], [121.60770394632506, 25.053394890643414], [121.6077051, 25.053389399999997], [121.60771640000002, 25.053336600000005], [121.60755989999998, 25.053313699999993], [121.6073062, 25.0532772]]]}}, {"type": "Feature", "properties": {"id": 928, "area_m2": 617.46, "basis": "OSM surface road enclosed block"}, "geometry": {"type": "Polygon", "coordinates": [[[121.60536249999998, 25.0530174], [121.60543740000001, 25.053029099999993], [121.6062949, 25.0531709], [121.606449, 25.053196399999994], [121.606461, 25.0531428], [121.60630689999999, 25.0531186], [121.60544560000001, 25.052983999999995], [121.60537000000001, 25.052971000000003], [121.60536249999998, 25.0530174]]]}}, {"type": "Feature", "properties": {"id": 929, "area_m2": 85.28, "basis": "OSM surface road enclosed block"}, "geometry": {"type": "Polygon", "coordinates": [[[121.61654770000001, 25.054478500000002], [121.61645529999998, 25.054476899999997], [121.6164714, 25.054558300000004], [121.61654160000002, 25.054561199999995], [121.616565, 25.054562200000003], [121.61654770000001, 25.054478500000002]]]}}, {"type": "Feature", "properties": {"id": 930, "area_m2": 39.05, "basis": "OSM surface road enclosed block"}, "geometry": {"type": "Polygon", "coordinates": [[[121.60771640000002, 25.053336600000005], [121.6077051, 25.053389399999997], [121.60770394632506, 25.053394890643414], [121.6078248, 25.053390299999997], [121.60771640000002, 25.053336600000005]]]}}, {"type": "Feature", "properties": {"id": 931, "area_m2": 5345.6, "basis": "OSM surface road enclosed block"}, "geometry": {"type": "Polygon", "coordinates": [[[121.6075974, 25.053953800000002], [121.60759439999998, 25.0539697], [121.6075833, 25.054029599999996], [121.6075075, 25.054398], [121.60750079999998, 25.054490100000002], [121.6076508, 25.054512600000002], [121.60836050000002, 25.054641900000004], [121.6083715, 25.054577700000003], [121.6084169, 25.054315299999995], [121.60844550000002, 25.054150099999998], [121.6084543, 25.054099199999996], [121.6077097, 25.053971800000003], [121.6075974, 25.053953800000002]]]}}, {"type": "Feature", "properties": {"id": 932, "area_m2": 509.16, "basis": "OSM surface road enclosed block"}, "geometry": {"type": "Polygon", "coordinates": [[[121.6097246, 25.0544829], [121.60979770000002, 25.054478700000004], [121.6098567, 25.05443929999999], [121.6098828, 25.054377199999994], [121.60986769999998, 25.054312299999996], [121.6098162, 25.054264999999994], [121.6097448, 25.054250399999994], [121.60967590000001, 25.0542732], [121.6096316, 25.054326099999997], [121.6096259, 25.0543922], [121.60966050000002, 25.0544507], [121.6097246, 25.0544829]]]}}]}